g++ -std=c++11 -Wall -Wextra -c main.cpp -o main.o
main.cpp:51:13: warning: 'glDeleteTextures' is deprecated: first deprecated in macOS 10.14 - OpenGL API deprecated. (Define GL_SILENCE_DEPRECATION to silence these warnings) [-Wdeprecated-declarations]
   51 |             glDeleteTextures(1, &textureId);
      |             ^
/Library/Developer/CommandLineTools/SDKs/MacOSX.sdk/System/Library/Frameworks/OpenGL.framework/Headers/gl.h:2458:13: note: 'glDeleteTextures' has been explicitly marked deprecated here
 2458 | extern void glDeleteTextures (GLsizei n, const GLuint *textures) OPENGL_DEPRECATED(10.0, 10.14);
      |             ^
main.cpp:53:9: warning: 'glGenTextures' is deprecated: first deprecated in macOS 10.14 - OpenGL API deprecated. (Define GL_SILENCE_DEPRECATION to silence these warnings) [-Wdeprecated-declarations]
   53 |         glGenTextures(1, &textureId);
      |         ^
/Library/Developer/CommandLineTools/SDKs/MacOSX.sdk/System/Library/Frameworks/OpenGL.framework/Headers/gl.h:2498:13: note: 'glGenTextures' has been explicitly marked deprecated here
 2498 | extern void glGenTextures (GLsizei n, GLuint *textures) OPENGL_DEPRECATED(10.0, 10.14);
      |             ^
main.cpp:54:9: warning: 'glBindTexture' is deprecated: first deprecated in macOS 10.14 - OpenGL API deprecated. (Define GL_SILENCE_DEPRECATION to silence these warnings) [-Wdeprecated-declarations]
   54 |         glBindTexture(GL_TEXTURE_2D, textureId);
      |         ^
/Library/Developer/CommandLineTools/SDKs/MacOSX.sdk/System/Library/Frameworks/OpenGL.framework/Headers/gl.h:2386:13: note: 'glBindTexture' has been explicitly marked deprecated here
 2386 | extern void glBindTexture (GLenum target, GLuint texture) OPENGL_DEPRECATED(10.0, 10.14);
      |             ^
main.cpp:55:9: warning: 'glTexParameteri' is deprecated: first deprecated in macOS 10.14 - OpenGL API deprecated. (Define GL_SILENCE_DEPRECATION to silence these warnings) [-Wdeprecated-declarations]
   55 |         glTexParameteri(GL_TEXTURE_2D, GL_TEXTURE_WRAP_S, GL_CLAMP_TO_EDGE);
      |         ^
/Library/Developer/CommandLineTools/SDKs/MacOSX.sdk/System/Library/Frameworks/OpenGL.framework/Headers/gl.h:2723:13: note: 'glTexParameteri' has been explicitly marked deprecated here
 2723 | extern void glTexParameteri (GLenum target, GLenum pname, GLint param) OPENGL_DEPRECATED(10.0, 10.14);
      |             ^
main.cpp:56:9: warning: 'glTexParameteri' is deprecated: first deprecated in macOS 10.14 - OpenGL API deprecated. (Define GL_SILENCE_DEPRECATION to silence these warnings) [-Wdeprecated-declarations]
   56 |         glTexParameteri(GL_TEXTURE_2D, GL_TEXTURE_WRAP_T, GL_CLAMP_TO_EDGE);
      |         ^
/Library/Developer/CommandLineTools/SDKs/MacOSX.sdk/System/Library/Frameworks/OpenGL.framework/Headers/gl.h:2723:13: note: 'glTexParameteri' has been explicitly marked deprecated here
 2723 | extern void glTexParameteri (GLenum target, GLenum pname, GLint param) OPENGL_DEPRECATED(10.0, 10.14);
      |             ^
main.cpp:57:9: warning: 'glTexParameteri' is deprecated: first deprecated in macOS 10.14 - OpenGL API deprecated. (Define GL_SILENCE_DEPRECATION to silence these warnings) [-Wdeprecated-declarations]
   57 |         glTexParameteri(GL_TEXTURE_2D, GL_TEXTURE_MIN_FILTER, GL_LINEAR);
      |         ^
/Library/Developer/CommandLineTools/SDKs/MacOSX.sdk/System/Library/Frameworks/OpenGL.framework/Headers/gl.h:2723:13: note: 'glTexParameteri' has been explicitly marked deprecated here
 2723 | extern void glTexParameteri (GLenum target, GLenum pname, GLint param) OPENGL_DEPRECATED(10.0, 10.14);
      |             ^
main.cpp:58:9: warning: 'glTexParameteri' is deprecated: first deprecated in macOS 10.14 - OpenGL API deprecated. (Define GL_SILENCE_DEPRECATION to silence these warnings) [-Wdeprecated-declarations]
   58 |         glTexParameteri(GL_TEXTURE_2D, GL_TEXTURE_MAG_FILTER, GL_LINEAR);
      |         ^
/Library/Developer/CommandLineTools/SDKs/MacOSX.sdk/System/Library/Frameworks/OpenGL.framework/Headers/gl.h:2723:13: note: 'glTexParameteri' has been explicitly marked deprecated here
 2723 | extern void glTexParameteri (GLenum target, GLenum pname, GLint param) OPENGL_DEPRECATED(10.0, 10.14);
      |             ^
main.cpp:59:9: warning: 'glTexImage2D' is deprecated: first deprecated in macOS 10.14 - OpenGL API deprecated. (Define GL_SILENCE_DEPRECATION to silence these warnings) [-Wdeprecated-declarations]
   59 |         glTexImage2D(GL_TEXTURE_2D, 0, GL_RGB, size, size, 0, GL_RGB, GL_UNSIGNED_BYTE, data.data());
      |         ^
/Library/Developer/CommandLineTools/SDKs/MacOSX.sdk/System/Library/Frameworks/OpenGL.framework/Headers/gl.h:2719:13: note: 'glTexImage2D' has been explicitly marked deprecated here
 2719 | extern void glTexImage2D (GLenum target, GLint level, GLint internalformat, GLsizei width, GLsizei height, GLint border, GLenum format, GLenum type, const GLvoid *pixels) OPENGL_DEPRECATED(10.0, 10.14);
      |             ^
main.cpp:140:5: warning: 'glPushMatrix' is deprecated: first deprecated in macOS 10.14 - OpenGL API deprecated. (Define GL_SILENCE_DEPRECATION to silence these warnings) [-Wdeprecated-declarations]
  140 |     glPushMatrix();
      |     ^
/Library/Developer/CommandLineTools/SDKs/MacOSX.sdk/System/Library/Frameworks/OpenGL.framework/Headers/gl.h:2625:13: note: 'glPushMatrix' has been explicitly marked deprecated here
 2625 | extern void glPushMatrix (void) OPENGL_DEPRECATED(10.0, 10.14);
      |             ^
main.cpp:141:5: warning: 'glTranslatef' is deprecated: first deprecated in macOS 10.14 - OpenGL API deprecated. (Define GL_SILENCE_DEPRECATION to silence these warnings) [-Wdeprecated-declarations]
  141 |     glTranslatef(p.x, p.y, p.z);
      |     ^
/Library/Developer/CommandLineTools/SDKs/MacOSX.sdk/System/Library/Frameworks/OpenGL.framework/Headers/gl.h:2729:13: note: 'glTranslatef' has been explicitly marked deprecated here
 2729 | extern void glTranslatef (GLfloat x, GLfloat y, GLfloat z) OPENGL_DEPRECATED(10.0, 10.14);
      |             ^
main.cpp:149:5: warning: 'glRotatef' is deprecated: first deprecated in macOS 10.14 - OpenGL API deprecated. (Define GL_SILENCE_DEPRECATION to silence these warnings) [-Wdeprecated-declarations]
  149 |     glRotatef(facing, 0, 1, 0);
      |     ^
/Library/Developer/CommandLineTools/SDKs/MacOSX.sdk/System/Library/Frameworks/OpenGL.framework/Headers/gl.h:2665:13: note: 'glRotatef' has been explicitly marked deprecated here
 2665 | extern void glRotatef (GLfloat angle, GLfloat x, GLfloat y, GLfloat z) OPENGL_DEPRECATED(10.0, 10.14);
      |             ^
main.cpp:151:5: warning: 'glTranslatef' is deprecated: first deprecated in macOS 10.14 - OpenGL API deprecated. (Define GL_SILENCE_DEPRECATION to silence these warnings) [-Wdeprecated-declarations]
  151 |     glTranslatef(0, 0.35f, 0);
      |     ^
/Library/Developer/CommandLineTools/SDKs/MacOSX.sdk/System/Library/Frameworks/OpenGL.framework/Headers/gl.h:2729:13: note: 'glTranslatef' has been explicitly marked deprecated here
 2729 | extern void glTranslatef (GLfloat x, GLfloat y, GLfloat z) OPENGL_DEPRECATED(10.0, 10.14);
      |             ^
main.cpp:153:5: warning: 'glShadeModel' is deprecated: first deprecated in macOS 10.14 - OpenGL API deprecated. (Define GL_SILENCE_DEPRECATION to silence these warnings) [-Wdeprecated-declarations]
  153 |     glShadeModel(GL_SMOOTH);
      |     ^
/Library/Developer/CommandLineTools/SDKs/MacOSX.sdk/System/Library/Frameworks/OpenGL.framework/Headers/gl.h:2671:13: note: 'glShadeModel' has been explicitly marked deprecated here
 2671 | extern void glShadeModel (GLenum mode) OPENGL_DEPRECATED(10.0, 10.14);
      |             ^
main.cpp:154:5: warning: 'glEnable' is deprecated: first deprecated in macOS 10.14 - OpenGL API deprecated. (Define GL_SILENCE_DEPRECATION to silence these warnings) [-Wdeprecated-declarations]
  154 |     glEnable(GL_NORMALIZE);
      |     ^
/Library/Developer/CommandLineTools/SDKs/MacOSX.sdk/System/Library/Frameworks/OpenGL.framework/Headers/gl.h:2472:13: note: 'glEnable' has been explicitly marked deprecated here
 2472 | extern void glEnable (GLenum cap) OPENGL_DEPRECATED(10.0, 10.14);
      |             ^
main.cpp:174:5: warning: 'glColor3f' is deprecated: first deprecated in macOS 10.14 - OpenGL API deprecated. (Define GL_SILENCE_DEPRECATION to silence these warnings) [-Wdeprecated-declarations]
  174 |     glColor3f(pantsR, pantsG, pantsB);
      |     ^
/Library/Developer/CommandLineTools/SDKs/MacOSX.sdk/System/Library/Frameworks/OpenGL.framework/Headers/gl.h:2405:13: note: 'glColor3f' has been explicitly marked deprecated here
 2405 | extern void glColor3f (GLfloat red, GLfloat green, GLfloat blue) OPENGL_DEPRECATED(10.0, 10.14);
      |             ^
main.cpp:176:5: warning: 'glPushMatrix' is deprecated: first deprecated in macOS 10.14 - OpenGL API deprecated. (Define GL_SILENCE_DEPRECATION to silence these warnings) [-Wdeprecated-declarations]
  176 |     glPushMatrix();
      |     ^
/Library/Developer/CommandLineTools/SDKs/MacOSX.sdk/System/Library/Frameworks/OpenGL.framework/Headers/gl.h:2625:13: note: 'glPushMatrix' has been explicitly marked deprecated here
 2625 | extern void glPushMatrix (void) OPENGL_DEPRECATED(10.0, 10.14);
      |             ^
main.cpp:177:5: warning: 'glTranslatef' is deprecated: first deprecated in macOS 10.14 - OpenGL API deprecated. (Define GL_SILENCE_DEPRECATION to silence these warnings) [-Wdeprecated-declarations]
  177 |     glTranslatef(0, 1.6f, 0);
      |     ^
/Library/Developer/CommandLineTools/SDKs/MacOSX.sdk/System/Library/Frameworks/OpenGL.framework/Headers/gl.h:2729:13: note: 'glTranslatef' has been explicitly marked deprecated here
 2729 | extern void glTranslatef (GLfloat x, GLfloat y, GLfloat z) OPENGL_DEPRECATED(10.0, 10.14);
      |             ^
main.cpp:178:5: warning: 'glScalef' is deprecated: first deprecated in macOS 10.14 - OpenGL API deprecated. (Define GL_SILENCE_DEPRECATION to silence these warnings) [-Wdeprecated-declarations]
  178 |     glScalef(0.9f, 0.35f, 0.6f);
      |     ^
/Library/Developer/CommandLineTools/SDKs/MacOSX.sdk/System/Library/Frameworks/OpenGL.framework/Headers/gl.h:2667:13: note: 'glScalef' has been explicitly marked deprecated here
 2667 | extern void glScalef (GLfloat x, GLfloat y, GLfloat z) OPENGL_DEPRECATED(10.0, 10.14);
      |             ^
main.cpp:179:5: warning: 'glutSolidCube' is deprecated: first deprecated in macOS 10.9 - OpenGL API deprecated. (Define GL_SILENCE_DEPRECATION to silence these warnings) [-Wdeprecated-declarations]
  179 |     glutSolidCube(1.0f);
      |     ^
/Library/Developer/CommandLineTools/SDKs/MacOSX.sdk/System/Library/Frameworks/GLUT.framework/Headers/glut.h:575:22: note: 'glutSolidCube' has been explicitly marked deprecated here
  575 | extern void APIENTRY glutSolidCube(GLdouble size) OPENGL_DEPRECATED(10_0, 10_9);
      |                      ^
main.cpp:180:5: warning: 'glPopMatrix' is deprecated: first deprecated in macOS 10.14 - OpenGL API deprecated. (Define GL_SILENCE_DEPRECATION to silence these warnings) [-Wdeprecated-declarations]
  180 |     glPopMatrix();
      |     ^
/Library/Developer/CommandLineTools/SDKs/MacOSX.sdk/System/Library/Frameworks/OpenGL.framework/Headers/gl.h:2620:13: note: 'glPopMatrix' has been explicitly marked deprecated here
 2620 | extern void glPopMatrix (void) OPENGL_DEPRECATED(10.0, 10.14);
      |             ^
main.cpp:183:5: warning: 'glPushMatrix' is deprecated: first deprecated in macOS 10.14 - OpenGL API deprecated. (Define GL_SILENCE_DEPRECATION to silence these warnings) [-Wdeprecated-declarations]
  183 |     glPushMatrix();
      |     ^
/Library/Developer/CommandLineTools/SDKs/MacOSX.sdk/System/Library/Frameworks/OpenGL.framework/Headers/gl.h:2625:13: note: 'glPushMatrix' has been explicitly marked deprecated here
 2625 | extern void glPushMatrix (void) OPENGL_DEPRECATED(10.0, 10.14);
      |             ^
main.cpp:184:5: warning: 'glTranslatef' is deprecated: first deprecated in macOS 10.14 - OpenGL API deprecated. (Define GL_SILENCE_DEPRECATION to silence these warnings) [-Wdeprecated-declarations]
  184 |     glTranslatef(-0.22f, 1.45f, 0);
      |     ^
/Library/Developer/CommandLineTools/SDKs/MacOSX.sdk/System/Library/Frameworks/OpenGL.framework/Headers/gl.h:2729:13: note: 'glTranslatef' has been explicitly marked deprecated here
 2729 | extern void glTranslatef (GLfloat x, GLfloat y, GLfloat z) OPENGL_DEPRECATED(10.0, 10.14);
      |             ^
main.cpp:185:5: warning: 'glRotatef' is deprecated: first deprecated in macOS 10.14 - OpenGL API deprecated. (Define GL_SILENCE_DEPRECATION to silence these warnings) [-Wdeprecated-declarations]
  185 |     glRotatef(-legSwing, 1, 0, 0);
      |     ^
/Library/Developer/CommandLineTools/SDKs/MacOSX.sdk/System/Library/Frameworks/OpenGL.framework/Headers/gl.h:2665:13: note: 'glRotatef' has been explicitly marked deprecated here
 2665 | extern void glRotatef (GLfloat angle, GLfloat x, GLfloat y, GLfloat z) OPENGL_DEPRECATED(10.0, 10.14);
      |             ^
main.cpp:187:5: warning: 'glPushMatrix' is deprecated: first deprecated in macOS 10.14 - OpenGL API deprecated. (Define GL_SILENCE_DEPRECATION to silence these warnings) [-Wdeprecated-declarations]
  187 |     glPushMatrix();
      |     ^
/Library/Developer/CommandLineTools/SDKs/MacOSX.sdk/System/Library/Frameworks/OpenGL.framework/Headers/gl.h:2625:13: note: 'glPushMatrix' has been explicitly marked deprecated here
 2625 | extern void glPushMatrix (void) OPENGL_DEPRECATED(10.0, 10.14);
      |             ^
main.cpp:188:5: warning: 'glTranslatef' is deprecated: first deprecated in macOS 10.14 - OpenGL API deprecated. (Define GL_SILENCE_DEPRECATION to silence these warnings) [-Wdeprecated-declarations]
  188 |     glTranslatef(0, -0.45f, 0);
      |     ^
/Library/Developer/CommandLineTools/SDKs/MacOSX.sdk/System/Library/Frameworks/OpenGL.framework/Headers/gl.h:2729:13: note: 'glTranslatef' has been explicitly marked deprecated here
 2729 | extern void glTranslatef (GLfloat x, GLfloat y, GLfloat z) OPENGL_DEPRECATED(10.0, 10.14);
      |             ^
main.cpp:189:5: warning: 'glScalef' is deprecated: first deprecated in macOS 10.14 - OpenGL API deprecated. (Define GL_SILENCE_DEPRECATION to silence these warnings) [-Wdeprecated-declarations]
  189 |     glScalef(0.26f, 0.9f, 0.26f);
      |     ^
/Library/Developer/CommandLineTools/SDKs/MacOSX.sdk/System/Library/Frameworks/OpenGL.framework/Headers/gl.h:2667:13: note: 'glScalef' has been explicitly marked deprecated here
 2667 | extern void glScalef (GLfloat x, GLfloat y, GLfloat z) OPENGL_DEPRECATED(10.0, 10.14);
      |             ^
main.cpp:190:5: warning: 'glutSolidCube' is deprecated: first deprecated in macOS 10.9 - OpenGL API deprecated. (Define GL_SILENCE_DEPRECATION to silence these warnings) [-Wdeprecated-declarations]
  190 |     glutSolidCube(1.0f);
      |     ^
/Library/Developer/CommandLineTools/SDKs/MacOSX.sdk/System/Library/Frameworks/GLUT.framework/Headers/glut.h:575:22: note: 'glutSolidCube' has been explicitly marked deprecated here
  575 | extern void APIENTRY glutSolidCube(GLdouble size) OPENGL_DEPRECATED(10_0, 10_9);
      |                      ^
main.cpp:191:5: warning: 'glPopMatrix' is deprecated: first deprecated in macOS 10.14 - OpenGL API deprecated. (Define GL_SILENCE_DEPRECATION to silence these warnings) [-Wdeprecated-declarations]
  191 |     glPopMatrix();
      |     ^
/Library/Developer/CommandLineTools/SDKs/MacOSX.sdk/System/Library/Frameworks/OpenGL.framework/Headers/gl.h:2620:13: note: 'glPopMatrix' has been explicitly marked deprecated here
 2620 | extern void glPopMatrix (void) OPENGL_DEPRECATED(10.0, 10.14);
      |             ^
main.cpp:193:5: warning: 'glPushMatrix' is deprecated: first deprecated in macOS 10.14 - OpenGL API deprecated. (Define GL_SILENCE_DEPRECATION to silence these warnings) [-Wdeprecated-declarations]
  193 |     glPushMatrix();
      |     ^
/Library/Developer/CommandLineTools/SDKs/MacOSX.sdk/System/Library/Frameworks/OpenGL.framework/Headers/gl.h:2625:13: note: 'glPushMatrix' has been explicitly marked deprecated here
 2625 | extern void glPushMatrix (void) OPENGL_DEPRECATED(10.0, 10.14);
      |             ^
main.cpp:194:5: warning: 'glTranslatef' is deprecated: first deprecated in macOS 10.14 - OpenGL API deprecated. (Define GL_SILENCE_DEPRECATION to silence these warnings) [-Wdeprecated-declarations]
  194 |     glTranslatef(0, -0.92f, 0);
      |     ^
/Library/Developer/CommandLineTools/SDKs/MacOSX.sdk/System/Library/Frameworks/OpenGL.framework/Headers/gl.h:2729:13: note: 'glTranslatef' has been explicitly marked deprecated here
 2729 | extern void glTranslatef (GLfloat x, GLfloat y, GLfloat z) OPENGL_DEPRECATED(10.0, 10.14);
      |             ^
main.cpp:195:5: warning: 'glutSolidSphere' is deprecated: first deprecated in macOS 10.9 - OpenGL API deprecated. (Define GL_SILENCE_DEPRECATION to silence these warnings) [-Wdeprecated-declarations]
  195 |     glutSolidSphere(0.15f, 16, 16);
      |     ^
/Library/Developer/CommandLineTools/SDKs/MacOSX.sdk/System/Library/Frameworks/GLUT.framework/Headers/glut.h:571:22: note: 'glutSolidSphere' has been explicitly marked deprecated here
  571 | extern void APIENTRY glutSolidSphere(GLdouble radius, GLint slices, GLint stacks) OPENGL_DEPRECATED(10_0, 10_9);
      |                      ^
main.cpp:196:5: warning: 'glPopMatrix' is deprecated: first deprecated in macOS 10.14 - OpenGL API deprecated. (Define GL_SILENCE_DEPRECATION to silence these warnings) [-Wdeprecated-declarations]
  196 |     glPopMatrix();
      |     ^
/Library/Developer/CommandLineTools/SDKs/MacOSX.sdk/System/Library/Frameworks/OpenGL.framework/Headers/gl.h:2620:13: note: 'glPopMatrix' has been explicitly marked deprecated here
 2620 | extern void glPopMatrix (void) OPENGL_DEPRECATED(10.0, 10.14);
      |             ^
main.cpp:198:5: warning: 'glPushMatrix' is deprecated: first deprecated in macOS 10.14 - OpenGL API deprecated. (Define GL_SILENCE_DEPRECATION to silence these warnings) [-Wdeprecated-declarations]
  198 |     glPushMatrix();
      |     ^
/Library/Developer/CommandLineTools/SDKs/MacOSX.sdk/System/Library/Frameworks/OpenGL.framework/Headers/gl.h:2625:13: note: 'glPushMatrix' has been explicitly marked deprecated here
 2625 | extern void glPushMatrix (void) OPENGL_DEPRECATED(10.0, 10.14);
      |             ^
main.cpp:199:5: warning: 'glTranslatef' is deprecated: first deprecated in macOS 10.14 - OpenGL API deprecated. (Define GL_SILENCE_DEPRECATION to silence these warnings) [-Wdeprecated-declarations]
  199 |     glTranslatef(0, -1.28f, 0);
      |     ^
/Library/Developer/CommandLineTools/SDKs/MacOSX.sdk/System/Library/Frameworks/OpenGL.framework/Headers/gl.h:2729:13: note: 'glTranslatef' has been explicitly marked deprecated here
 2729 | extern void glTranslatef (GLfloat x, GLfloat y, GLfloat z) OPENGL_DEPRECATED(10.0, 10.14);
      |             ^
main.cpp:200:5: warning: 'glScalef' is deprecated: first deprecated in macOS 10.14 - OpenGL API deprecated. (Define GL_SILENCE_DEPRECATION to silence these warnings) [-Wdeprecated-declarations]
  200 |     glScalef(0.22f, 0.72f, 0.22f);
      |     ^
/Library/Developer/CommandLineTools/SDKs/MacOSX.sdk/System/Library/Frameworks/OpenGL.framework/Headers/gl.h:2667:13: note: 'glScalef' has been explicitly marked deprecated here
 2667 | extern void glScalef (GLfloat x, GLfloat y, GLfloat z) OPENGL_DEPRECATED(10.0, 10.14);
      |             ^
main.cpp:201:5: warning: 'glutSolidCube' is deprecated: first deprecated in macOS 10.9 - OpenGL API deprecated. (Define GL_SILENCE_DEPRECATION to silence these warnings) [-Wdeprecated-declarations]
  201 |     glutSolidCube(1.0f);
      |     ^
/Library/Developer/CommandLineTools/SDKs/MacOSX.sdk/System/Library/Frameworks/GLUT.framework/Headers/glut.h:575:22: note: 'glutSolidCube' has been explicitly marked deprecated here
  575 | extern void APIENTRY glutSolidCube(GLdouble size) OPENGL_DEPRECATED(10_0, 10_9);
      |                      ^
main.cpp:202:5: warning: 'glPopMatrix' is deprecated: first deprecated in macOS 10.14 - OpenGL API deprecated. (Define GL_SILENCE_DEPRECATION to silence these warnings) [-Wdeprecated-declarations]
  202 |     glPopMatrix();
      |     ^
/Library/Developer/CommandLineTools/SDKs/MacOSX.sdk/System/Library/Frameworks/OpenGL.framework/Headers/gl.h:2620:13: note: 'glPopMatrix' has been explicitly marked deprecated here
 2620 | extern void glPopMatrix (void) OPENGL_DEPRECATED(10.0, 10.14);
      |             ^
main.cpp:204:5: warning: 'glPushMatrix' is deprecated: first deprecated in macOS 10.14 - OpenGL API deprecated. (Define GL_SILENCE_DEPRECATION to silence these warnings) [-Wdeprecated-declarations]
  204 |     glPushMatrix();
      |     ^
/Library/Developer/CommandLineTools/SDKs/MacOSX.sdk/System/Library/Frameworks/OpenGL.framework/Headers/gl.h:2625:13: note: 'glPushMatrix' has been explicitly marked deprecated here
 2625 | extern void glPushMatrix (void) OPENGL_DEPRECATED(10.0, 10.14);
      |             ^
main.cpp:205:5: warning: 'glTranslatef' is deprecated: first deprecated in macOS 10.14 - OpenGL API deprecated. (Define GL_SILENCE_DEPRECATION to silence these warnings) [-Wdeprecated-declarations]
  205 |     glTranslatef(0, -1.67f, 0);
      |     ^
/Library/Developer/CommandLineTools/SDKs/MacOSX.sdk/System/Library/Frameworks/OpenGL.framework/Headers/gl.h:2729:13: note: 'glTranslatef' has been explicitly marked deprecated here
 2729 | extern void glTranslatef (GLfloat x, GLfloat y, GLfloat z) OPENGL_DEPRECATED(10.0, 10.14);
      |             ^
main.cpp:206:5: warning: 'glutSolidSphere' is deprecated: first deprecated in macOS 10.9 - OpenGL API deprecated. (Define GL_SILENCE_DEPRECATION to silence these warnings) [-Wdeprecated-declarations]
  206 |     glutSolidSphere(0.11f, 12, 12);
      |     ^
/Library/Developer/CommandLineTools/SDKs/MacOSX.sdk/System/Library/Frameworks/GLUT.framework/Headers/glut.h:571:22: note: 'glutSolidSphere' has been explicitly marked deprecated here
  571 | extern void APIENTRY glutSolidSphere(GLdouble radius, GLint slices, GLint stacks) OPENGL_DEPRECATED(10_0, 10_9);
      |                      ^
main.cpp:207:5: warning: 'glPopMatrix' is deprecated: first deprecated in macOS 10.14 - OpenGL API deprecated. (Define GL_SILENCE_DEPRECATION to silence these warnings) [-Wdeprecated-declarations]
  207 |     glPopMatrix();
      |     ^
/Library/Developer/CommandLineTools/SDKs/MacOSX.sdk/System/Library/Frameworks/OpenGL.framework/Headers/gl.h:2620:13: note: 'glPopMatrix' has been explicitly marked deprecated here
 2620 | extern void glPopMatrix (void) OPENGL_DEPRECATED(10.0, 10.14);
      |             ^
main.cpp:209:5: warning: 'glColor3f' is deprecated: first deprecated in macOS 10.14 - OpenGL API deprecated. (Define GL_SILENCE_DEPRECATION to silence these warnings) [-Wdeprecated-declarations]
  209 |     glColor3f(0.12f, 0.12f, 0.12f);
      |     ^
/Library/Developer/CommandLineTools/SDKs/MacOSX.sdk/System/Library/Frameworks/OpenGL.framework/Headers/gl.h:2405:13: note: 'glColor3f' has been explicitly marked deprecated here
 2405 | extern void glColor3f (GLfloat red, GLfloat green, GLfloat blue) OPENGL_DEPRECATED(10.0, 10.14);
      |             ^
main.cpp:210:5: warning: 'glPushMatrix' is deprecated: first deprecated in macOS 10.14 - OpenGL API deprecated. (Define GL_SILENCE_DEPRECATION to silence these warnings) [-Wdeprecated-declarations]
  210 |     glPushMatrix();
      |     ^
/Library/Developer/CommandLineTools/SDKs/MacOSX.sdk/System/Library/Frameworks/OpenGL.framework/Headers/gl.h:2625:13: note: 'glPushMatrix' has been explicitly marked deprecated here
 2625 | extern void glPushMatrix (void) OPENGL_DEPRECATED(10.0, 10.14);
      |             ^
main.cpp:211:5: warning: 'glTranslatef' is deprecated: first deprecated in macOS 10.14 - OpenGL API deprecated. (Define GL_SILENCE_DEPRECATION to silence these warnings) [-Wdeprecated-declarations]
  211 |     glTranslatef(0, -1.78f, 0.1f);
      |     ^
/Library/Developer/CommandLineTools/SDKs/MacOSX.sdk/System/Library/Frameworks/OpenGL.framework/Headers/gl.h:2729:13: note: 'glTranslatef' has been explicitly marked deprecated here
 2729 | extern void glTranslatef (GLfloat x, GLfloat y, GLfloat z) OPENGL_DEPRECATED(10.0, 10.14);
      |             ^
main.cpp:212:5: warning: 'glScalef' is deprecated: first deprecated in macOS 10.14 - OpenGL API deprecated. (Define GL_SILENCE_DEPRECATION to silence these warnings) [-Wdeprecated-declarations]
  212 |     glScalef(0.26f, 0.12f, 0.45f);
      |     ^
/Library/Developer/CommandLineTools/SDKs/MacOSX.sdk/System/Library/Frameworks/OpenGL.framework/Headers/gl.h:2667:13: note: 'glScalef' has been explicitly marked deprecated here
 2667 | extern void glScalef (GLfloat x, GLfloat y, GLfloat z) OPENGL_DEPRECATED(10.0, 10.14);
      |             ^
main.cpp:213:5: warning: 'glutSolidCube' is deprecated: first deprecated in macOS 10.9 - OpenGL API deprecated. (Define GL_SILENCE_DEPRECATION to silence these warnings) [-Wdeprecated-declarations]
  213 |     glutSolidCube(1.0f);
      |     ^
/Library/Developer/CommandLineTools/SDKs/MacOSX.sdk/System/Library/Frameworks/GLUT.framework/Headers/glut.h:575:22: note: 'glutSolidCube' has been explicitly marked deprecated here
  575 | extern void APIENTRY glutSolidCube(GLdouble size) OPENGL_DEPRECATED(10_0, 10_9);
      |                      ^
main.cpp:214:5: warning: 'glPopMatrix' is deprecated: first deprecated in macOS 10.14 - OpenGL API deprecated. (Define GL_SILENCE_DEPRECATION to silence these warnings) [-Wdeprecated-declarations]
  214 |     glPopMatrix();
      |     ^
/Library/Developer/CommandLineTools/SDKs/MacOSX.sdk/System/Library/Frameworks/OpenGL.framework/Headers/gl.h:2620:13: note: 'glPopMatrix' has been explicitly marked deprecated here
 2620 | extern void glPopMatrix (void) OPENGL_DEPRECATED(10.0, 10.14);
      |             ^
main.cpp:216:5: warning: 'glPopMatrix' is deprecated: first deprecated in macOS 10.14 - OpenGL API deprecated. (Define GL_SILENCE_DEPRECATION to silence these warnings) [-Wdeprecated-declarations]
  216 |     glPopMatrix();
      |     ^
/Library/Developer/CommandLineTools/SDKs/MacOSX.sdk/System/Library/Frameworks/OpenGL.framework/Headers/gl.h:2620:13: note: 'glPopMatrix' has been explicitly marked deprecated here
 2620 | extern void glPopMatrix (void) OPENGL_DEPRECATED(10.0, 10.14);
      |             ^
main.cpp:219:5: warning: 'glColor3f' is deprecated: first deprecated in macOS 10.14 - OpenGL API deprecated. (Define GL_SILENCE_DEPRECATION to silence these warnings) [-Wdeprecated-declarations]
  219 |     glColor3f(pantsR, pantsG, pantsB);
      |     ^
/Library/Developer/CommandLineTools/SDKs/MacOSX.sdk/System/Library/Frameworks/OpenGL.framework/Headers/gl.h:2405:13: note: 'glColor3f' has been explicitly marked deprecated here
 2405 | extern void glColor3f (GLfloat red, GLfloat green, GLfloat blue) OPENGL_DEPRECATED(10.0, 10.14);
      |             ^
main.cpp:220:5: warning: 'glPushMatrix' is deprecated: first deprecated in macOS 10.14 - OpenGL API deprecated. (Define GL_SILENCE_DEPRECATION to silence these warnings) [-Wdeprecated-declarations]
  220 |     glPushMatrix();
      |     ^
/Library/Developer/CommandLineTools/SDKs/MacOSX.sdk/System/Library/Frameworks/OpenGL.framework/Headers/gl.h:2625:13: note: 'glPushMatrix' has been explicitly marked deprecated here
 2625 | extern void glPushMatrix (void) OPENGL_DEPRECATED(10.0, 10.14);
      |             ^
main.cpp:221:5: warning: 'glTranslatef' is deprecated: first deprecated in macOS 10.14 - OpenGL API deprecated. (Define GL_SILENCE_DEPRECATION to silence these warnings) [-Wdeprecated-declarations]
  221 |     glTranslatef(0.22f, 1.45f, 0);
      |     ^
/Library/Developer/CommandLineTools/SDKs/MacOSX.sdk/System/Library/Frameworks/OpenGL.framework/Headers/gl.h:2729:13: note: 'glTranslatef' has been explicitly marked deprecated here
 2729 | extern void glTranslatef (GLfloat x, GLfloat y, GLfloat z) OPENGL_DEPRECATED(10.0, 10.14);
      |             ^
main.cpp:222:5: warning: 'glRotatef' is deprecated: first deprecated in macOS 10.14 - OpenGL API deprecated. (Define GL_SILENCE_DEPRECATION to silence these warnings) [-Wdeprecated-declarations]
  222 |     glRotatef(legSwing, 1, 0, 0);
      |     ^
/Library/Developer/CommandLineTools/SDKs/MacOSX.sdk/System/Library/Frameworks/OpenGL.framework/Headers/gl.h:2665:13: note: 'glRotatef' has been explicitly marked deprecated here
 2665 | extern void glRotatef (GLfloat angle, GLfloat x, GLfloat y, GLfloat z) OPENGL_DEPRECATED(10.0, 10.14);
      |             ^
main.cpp:224:5: warning: 'glPushMatrix' is deprecated: first deprecated in macOS 10.14 - OpenGL API deprecated. (Define GL_SILENCE_DEPRECATION to silence these warnings) [-Wdeprecated-declarations]
  224 |     glPushMatrix();
      |     ^
/Library/Developer/CommandLineTools/SDKs/MacOSX.sdk/System/Library/Frameworks/OpenGL.framework/Headers/gl.h:2625:13: note: 'glPushMatrix' has been explicitly marked deprecated here
 2625 | extern void glPushMatrix (void) OPENGL_DEPRECATED(10.0, 10.14);
      |             ^
main.cpp:225:5: warning: 'glTranslatef' is deprecated: first deprecated in macOS 10.14 - OpenGL API deprecated. (Define GL_SILENCE_DEPRECATION to silence these warnings) [-Wdeprecated-declarations]
  225 |     glTranslatef(0, -0.45f, 0);
      |     ^
/Library/Developer/CommandLineTools/SDKs/MacOSX.sdk/System/Library/Frameworks/OpenGL.framework/Headers/gl.h:2729:13: note: 'glTranslatef' has been explicitly marked deprecated here
 2729 | extern void glTranslatef (GLfloat x, GLfloat y, GLfloat z) OPENGL_DEPRECATED(10.0, 10.14);
      |             ^
main.cpp:226:5: warning: 'glScalef' is deprecated: first deprecated in macOS 10.14 - OpenGL API deprecated. (Define GL_SILENCE_DEPRECATION to silence these warnings) [-Wdeprecated-declarations]
  226 |     glScalef(0.26f, 0.9f, 0.26f);
      |     ^
/Library/Developer/CommandLineTools/SDKs/MacOSX.sdk/System/Library/Frameworks/OpenGL.framework/Headers/gl.h:2667:13: note: 'glScalef' has been explicitly marked deprecated here
 2667 | extern void glScalef (GLfloat x, GLfloat y, GLfloat z) OPENGL_DEPRECATED(10.0, 10.14);
      |             ^
main.cpp:227:5: warning: 'glutSolidCube' is deprecated: first deprecated in macOS 10.9 - OpenGL API deprecated. (Define GL_SILENCE_DEPRECATION to silence these warnings) [-Wdeprecated-declarations]
  227 |     glutSolidCube(1.0f);
      |     ^
/Library/Developer/CommandLineTools/SDKs/MacOSX.sdk/System/Library/Frameworks/GLUT.framework/Headers/glut.h:575:22: note: 'glutSolidCube' has been explicitly marked deprecated here
  575 | extern void APIENTRY glutSolidCube(GLdouble size) OPENGL_DEPRECATED(10_0, 10_9);
      |                      ^
main.cpp:228:5: warning: 'glPopMatrix' is deprecated: first deprecated in macOS 10.14 - OpenGL API deprecated. (Define GL_SILENCE_DEPRECATION to silence these warnings) [-Wdeprecated-declarations]
  228 |     glPopMatrix();
      |     ^
/Library/Developer/CommandLineTools/SDKs/MacOSX.sdk/System/Library/Frameworks/OpenGL.framework/Headers/gl.h:2620:13: note: 'glPopMatrix' has been explicitly marked deprecated here
 2620 | extern void glPopMatrix (void) OPENGL_DEPRECATED(10.0, 10.14);
      |             ^
main.cpp:230:5: warning: 'glPushMatrix' is deprecated: first deprecated in macOS 10.14 - OpenGL API deprecated. (Define GL_SILENCE_DEPRECATION to silence these warnings) [-Wdeprecated-declarations]
  230 |     glPushMatrix();
      |     ^
/Library/Developer/CommandLineTools/SDKs/MacOSX.sdk/System/Library/Frameworks/OpenGL.framework/Headers/gl.h:2625:13: note: 'glPushMatrix' has been explicitly marked deprecated here
 2625 | extern void glPushMatrix (void) OPENGL_DEPRECATED(10.0, 10.14);
      |             ^
main.cpp:231:5: warning: 'glTranslatef' is deprecated: first deprecated in macOS 10.14 - OpenGL API deprecated. (Define GL_SILENCE_DEPRECATION to silence these warnings) [-Wdeprecated-declarations]
  231 |     glTranslatef(0, -0.92f, 0);
      |     ^
/Library/Developer/CommandLineTools/SDKs/MacOSX.sdk/System/Library/Frameworks/OpenGL.framework/Headers/gl.h:2729:13: note: 'glTranslatef' has been explicitly marked deprecated here
 2729 | extern void glTranslatef (GLfloat x, GLfloat y, GLfloat z) OPENGL_DEPRECATED(10.0, 10.14);
      |             ^
main.cpp:232:5: warning: 'glutSolidSphere' is deprecated: first deprecated in macOS 10.9 - OpenGL API deprecated. (Define GL_SILENCE_DEPRECATION to silence these warnings) [-Wdeprecated-declarations]
  232 |     glutSolidSphere(0.15f, 16, 16);
      |     ^
/Library/Developer/CommandLineTools/SDKs/MacOSX.sdk/System/Library/Frameworks/GLUT.framework/Headers/glut.h:571:22: note: 'glutSolidSphere' has been explicitly marked deprecated here
  571 | extern void APIENTRY glutSolidSphere(GLdouble radius, GLint slices, GLint stacks) OPENGL_DEPRECATED(10_0, 10_9);
      |                      ^
main.cpp:233:5: warning: 'glPopMatrix' is deprecated: first deprecated in macOS 10.14 - OpenGL API deprecated. (Define GL_SILENCE_DEPRECATION to silence these warnings) [-Wdeprecated-declarations]
  233 |     glPopMatrix();
      |     ^
/Library/Developer/CommandLineTools/SDKs/MacOSX.sdk/System/Library/Frameworks/OpenGL.framework/Headers/gl.h:2620:13: note: 'glPopMatrix' has been explicitly marked deprecated here
 2620 | extern void glPopMatrix (void) OPENGL_DEPRECATED(10.0, 10.14);
      |             ^
main.cpp:235:5: warning: 'glPushMatrix' is deprecated: first deprecated in macOS 10.14 - OpenGL API deprecated. (Define GL_SILENCE_DEPRECATION to silence these warnings) [-Wdeprecated-declarations]
  235 |     glPushMatrix();
      |     ^
/Library/Developer/CommandLineTools/SDKs/MacOSX.sdk/System/Library/Frameworks/OpenGL.framework/Headers/gl.h:2625:13: note: 'glPushMatrix' has been explicitly marked deprecated here
 2625 | extern void glPushMatrix (void) OPENGL_DEPRECATED(10.0, 10.14);
      |             ^
main.cpp:236:5: warning: 'glTranslatef' is deprecated: first deprecated in macOS 10.14 - OpenGL API deprecated. (Define GL_SILENCE_DEPRECATION to silence these warnings) [-Wdeprecated-declarations]
  236 |     glTranslatef(0, -1.28f, 0);
      |     ^
/Library/Developer/CommandLineTools/SDKs/MacOSX.sdk/System/Library/Frameworks/OpenGL.framework/Headers/gl.h:2729:13: note: 'glTranslatef' has been explicitly marked deprecated here
 2729 | extern void glTranslatef (GLfloat x, GLfloat y, GLfloat z) OPENGL_DEPRECATED(10.0, 10.14);
      |             ^
main.cpp:237:5: warning: 'glScalef' is deprecated: first deprecated in macOS 10.14 - OpenGL API deprecated. (Define GL_SILENCE_DEPRECATION to silence these warnings) [-Wdeprecated-declarations]
  237 |     glScalef(0.22f, 0.72f, 0.22f);
      |     ^
/Library/Developer/CommandLineTools/SDKs/MacOSX.sdk/System/Library/Frameworks/OpenGL.framework/Headers/gl.h:2667:13: note: 'glScalef' has been explicitly marked deprecated here
 2667 | extern void glScalef (GLfloat x, GLfloat y, GLfloat z) OPENGL_DEPRECATED(10.0, 10.14);
      |             ^
main.cpp:238:5: warning: 'glutSolidCube' is deprecated: first deprecated in macOS 10.9 - OpenGL API deprecated. (Define GL_SILENCE_DEPRECATION to silence these warnings) [-Wdeprecated-declarations]
  238 |     glutSolidCube(1.0f);
      |     ^
/Library/Developer/CommandLineTools/SDKs/MacOSX.sdk/System/Library/Frameworks/GLUT.framework/Headers/glut.h:575:22: note: 'glutSolidCube' has been explicitly marked deprecated here
  575 | extern void APIENTRY glutSolidCube(GLdouble size) OPENGL_DEPRECATED(10_0, 10_9);
      |                      ^
main.cpp:239:5: warning: 'glPopMatrix' is deprecated: first deprecated in macOS 10.14 - OpenGL API deprecated. (Define GL_SILENCE_DEPRECATION to silence these warnings) [-Wdeprecated-declarations]
  239 |     glPopMatrix();
      |     ^
/Library/Developer/CommandLineTools/SDKs/MacOSX.sdk/System/Library/Frameworks/OpenGL.framework/Headers/gl.h:2620:13: note: 'glPopMatrix' has been explicitly marked deprecated here
 2620 | extern void glPopMatrix (void) OPENGL_DEPRECATED(10.0, 10.14);
      |             ^
main.cpp:241:5: warning: 'glPushMatrix' is deprecated: first deprecated in macOS 10.14 - OpenGL API deprecated. (Define GL_SILENCE_DEPRECATION to silence these warnings) [-Wdeprecated-declarations]
  241 |     glPushMatrix();
      |     ^
/Library/Developer/CommandLineTools/SDKs/MacOSX.sdk/System/Library/Frameworks/OpenGL.framework/Headers/gl.h:2625:13: note: 'glPushMatrix' has been explicitly marked deprecated here
 2625 | extern void glPushMatrix (void) OPENGL_DEPRECATED(10.0, 10.14);
      |             ^
main.cpp:242:5: warning: 'glTranslatef' is deprecated: first deprecated in macOS 10.14 - OpenGL API deprecated. (Define GL_SILENCE_DEPRECATION to silence these warnings) [-Wdeprecated-declarations]
  242 |     glTranslatef(0, -1.67f, 0);
      |     ^
/Library/Developer/CommandLineTools/SDKs/MacOSX.sdk/System/Library/Frameworks/OpenGL.framework/Headers/gl.h:2729:13: note: 'glTranslatef' has been explicitly marked deprecated here
 2729 | extern void glTranslatef (GLfloat x, GLfloat y, GLfloat z) OPENGL_DEPRECATED(10.0, 10.14);
      |             ^
main.cpp:243:5: warning: 'glutSolidSphere' is deprecated: first deprecated in macOS 10.9 - OpenGL API deprecated. (Define GL_SILENCE_DEPRECATION to silence these warnings) [-Wdeprecated-declarations]
  243 |     glutSolidSphere(0.11f, 12, 12);
      |     ^
/Library/Developer/CommandLineTools/SDKs/MacOSX.sdk/System/Library/Frameworks/GLUT.framework/Headers/glut.h:571:22: note: 'glutSolidSphere' has been explicitly marked deprecated here
  571 | extern void APIENTRY glutSolidSphere(GLdouble radius, GLint slices, GLint stacks) OPENGL_DEPRECATED(10_0, 10_9);
      |                      ^
main.cpp:244:5: warning: 'glPopMatrix' is deprecated: first deprecated in macOS 10.14 - OpenGL API deprecated. (Define GL_SILENCE_DEPRECATION to silence these warnings) [-Wdeprecated-declarations]
  244 |     glPopMatrix();
      |     ^
/Library/Developer/CommandLineTools/SDKs/MacOSX.sdk/System/Library/Frameworks/OpenGL.framework/Headers/gl.h:2620:13: note: 'glPopMatrix' has been explicitly marked deprecated here
 2620 | extern void glPopMatrix (void) OPENGL_DEPRECATED(10.0, 10.14);
      |             ^
main.cpp:246:5: warning: 'glColor3f' is deprecated: first deprecated in macOS 10.14 - OpenGL API deprecated. (Define GL_SILENCE_DEPRECATION to silence these warnings) [-Wdeprecated-declarations]
  246 |     glColor3f(0.12f, 0.12f, 0.12f);
      |     ^
/Library/Developer/CommandLineTools/SDKs/MacOSX.sdk/System/Library/Frameworks/OpenGL.framework/Headers/gl.h:2405:13: note: 'glColor3f' has been explicitly marked deprecated here
 2405 | extern void glColor3f (GLfloat red, GLfloat green, GLfloat blue) OPENGL_DEPRECATED(10.0, 10.14);
      |             ^
main.cpp:247:5: warning: 'glPushMatrix' is deprecated: first deprecated in macOS 10.14 - OpenGL API deprecated. (Define GL_SILENCE_DEPRECATION to silence these warnings) [-Wdeprecated-declarations]
  247 |     glPushMatrix();
      |     ^
/Library/Developer/CommandLineTools/SDKs/MacOSX.sdk/System/Library/Frameworks/OpenGL.framework/Headers/gl.h:2625:13: note: 'glPushMatrix' has been explicitly marked deprecated here
 2625 | extern void glPushMatrix (void) OPENGL_DEPRECATED(10.0, 10.14);
      |             ^
main.cpp:248:5: warning: 'glTranslatef' is deprecated: first deprecated in macOS 10.14 - OpenGL API deprecated. (Define GL_SILENCE_DEPRECATION to silence these warnings) [-Wdeprecated-declarations]
  248 |     glTranslatef(0, -1.78f, 0.1f);
      |     ^
/Library/Developer/CommandLineTools/SDKs/MacOSX.sdk/System/Library/Frameworks/OpenGL.framework/Headers/gl.h:2729:13: note: 'glTranslatef' has been explicitly marked deprecated here
 2729 | extern void glTranslatef (GLfloat x, GLfloat y, GLfloat z) OPENGL_DEPRECATED(10.0, 10.14);
      |             ^
main.cpp:249:5: warning: 'glScalef' is deprecated: first deprecated in macOS 10.14 - OpenGL API deprecated. (Define GL_SILENCE_DEPRECATION to silence these warnings) [-Wdeprecated-declarations]
  249 |     glScalef(0.26f, 0.12f, 0.45f);
      |     ^
/Library/Developer/CommandLineTools/SDKs/MacOSX.sdk/System/Library/Frameworks/OpenGL.framework/Headers/gl.h:2667:13: note: 'glScalef' has been explicitly marked deprecated here
 2667 | extern void glScalef (GLfloat x, GLfloat y, GLfloat z) OPENGL_DEPRECATED(10.0, 10.14);
      |             ^
main.cpp:250:5: warning: 'glutSolidCube' is deprecated: first deprecated in macOS 10.9 - OpenGL API deprecated. (Define GL_SILENCE_DEPRECATION to silence these warnings) [-Wdeprecated-declarations]
  250 |     glutSolidCube(1.0f);
      |     ^
/Library/Developer/CommandLineTools/SDKs/MacOSX.sdk/System/Library/Frameworks/GLUT.framework/Headers/glut.h:575:22: note: 'glutSolidCube' has been explicitly marked deprecated here
  575 | extern void APIENTRY glutSolidCube(GLdouble size) OPENGL_DEPRECATED(10_0, 10_9);
      |                      ^
main.cpp:251:5: warning: 'glPopMatrix' is deprecated: first deprecated in macOS 10.14 - OpenGL API deprecated. (Define GL_SILENCE_DEPRECATION to silence these warnings) [-Wdeprecated-declarations]
  251 |     glPopMatrix();
      |     ^
/Library/Developer/CommandLineTools/SDKs/MacOSX.sdk/System/Library/Frameworks/OpenGL.framework/Headers/gl.h:2620:13: note: 'glPopMatrix' has been explicitly marked deprecated here
 2620 | extern void glPopMatrix (void) OPENGL_DEPRECATED(10.0, 10.14);
      |             ^
main.cpp:253:5: warning: 'glPopMatrix' is deprecated: first deprecated in macOS 10.14 - OpenGL API deprecated. (Define GL_SILENCE_DEPRECATION to silence these warnings) [-Wdeprecated-declarations]
  253 |     glPopMatrix();
      |     ^
/Library/Developer/CommandLineTools/SDKs/MacOSX.sdk/System/Library/Frameworks/OpenGL.framework/Headers/gl.h:2620:13: note: 'glPopMatrix' has been explicitly marked deprecated here
 2620 | extern void glPopMatrix (void) OPENGL_DEPRECATED(10.0, 10.14);
      |             ^
main.cpp:256:5: warning: 'glColor3f' is deprecated: first deprecated in macOS 10.14 - OpenGL API deprecated. (Define GL_SILENCE_DEPRECATION to silence these warnings) [-Wdeprecated-declarations]
  256 |     glColor3f(p.r, p.g, p.b);
      |     ^
/Library/Developer/CommandLineTools/SDKs/MacOSX.sdk/System/Library/Frameworks/OpenGL.framework/Headers/gl.h:2405:13: note: 'glColor3f' has been explicitly marked deprecated here
 2405 | extern void glColor3f (GLfloat red, GLfloat green, GLfloat blue) OPENGL_DEPRECATED(10.0, 10.14);
      |             ^
main.cpp:258:5: warning: 'glPushMatrix' is deprecated: first deprecated in macOS 10.14 - OpenGL API deprecated. (Define GL_SILENCE_DEPRECATION to silence these warnings) [-Wdeprecated-declarations]
  258 |     glPushMatrix();
      |     ^
/Library/Developer/CommandLineTools/SDKs/MacOSX.sdk/System/Library/Frameworks/OpenGL.framework/Headers/gl.h:2625:13: note: 'glPushMatrix' has been explicitly marked deprecated here
 2625 | extern void glPushMatrix (void) OPENGL_DEPRECATED(10.0, 10.14);
      |             ^
main.cpp:259:5: warning: 'glTranslatef' is deprecated: first deprecated in macOS 10.14 - OpenGL API deprecated. (Define GL_SILENCE_DEPRECATION to silence these warnings) [-Wdeprecated-declarations]
  259 |     glTranslatef(0, 2.3f, 0);
      |     ^
/Library/Developer/CommandLineTools/SDKs/MacOSX.sdk/System/Library/Frameworks/OpenGL.framework/Headers/gl.h:2729:13: note: 'glTranslatef' has been explicitly marked deprecated here
 2729 | extern void glTranslatef (GLfloat x, GLfloat y, GLfloat z) OPENGL_DEPRECATED(10.0, 10.14);
      |             ^
main.cpp:260:5: warning: 'glScalef' is deprecated: first deprecated in macOS 10.14 - OpenGL API deprecated. (Define GL_SILENCE_DEPRECATION to silence these warnings) [-Wdeprecated-declarations]
  260 |     glScalef(0.95f, 1.15f, 0.65f);
      |     ^
/Library/Developer/CommandLineTools/SDKs/MacOSX.sdk/System/Library/Frameworks/OpenGL.framework/Headers/gl.h:2667:13: note: 'glScalef' has been explicitly marked deprecated here
 2667 | extern void glScalef (GLfloat x, GLfloat y, GLfloat z) OPENGL_DEPRECATED(10.0, 10.14);
      |             ^
main.cpp:261:5: warning: 'glutSolidCube' is deprecated: first deprecated in macOS 10.9 - OpenGL API deprecated. (Define GL_SILENCE_DEPRECATION to silence these warnings) [-Wdeprecated-declarations]
  261 |     glutSolidCube(1.0f);
      |     ^
/Library/Developer/CommandLineTools/SDKs/MacOSX.sdk/System/Library/Frameworks/GLUT.framework/Headers/glut.h:575:22: note: 'glutSolidCube' has been explicitly marked deprecated here
  575 | extern void APIENTRY glutSolidCube(GLdouble size) OPENGL_DEPRECATED(10_0, 10_9);
      |                      ^
main.cpp:262:5: warning: 'glPopMatrix' is deprecated: first deprecated in macOS 10.14 - OpenGL API deprecated. (Define GL_SILENCE_DEPRECATION to silence these warnings) [-Wdeprecated-declarations]
  262 |     glPopMatrix();
      |     ^
/Library/Developer/CommandLineTools/SDKs/MacOSX.sdk/System/Library/Frameworks/OpenGL.framework/Headers/gl.h:2620:13: note: 'glPopMatrix' has been explicitly marked deprecated here
 2620 | extern void glPopMatrix (void) OPENGL_DEPRECATED(10.0, 10.14);
      |             ^
main.cpp:264:5: warning: 'glPushMatrix' is deprecated: first deprecated in macOS 10.14 - OpenGL API deprecated. (Define GL_SILENCE_DEPRECATION to silence these warnings) [-Wdeprecated-declarations]
  264 |     glPushMatrix();
      |     ^
/Library/Developer/CommandLineTools/SDKs/MacOSX.sdk/System/Library/Frameworks/OpenGL.framework/Headers/gl.h:2625:13: note: 'glPushMatrix' has been explicitly marked deprecated here
 2625 | extern void glPushMatrix (void) OPENGL_DEPRECATED(10.0, 10.14);
      |             ^
main.cpp:265:5: warning: 'glTranslatef' is deprecated: first deprecated in macOS 10.14 - OpenGL API deprecated. (Define GL_SILENCE_DEPRECATION to silence these warnings) [-Wdeprecated-declarations]
  265 |     glTranslatef(0, 2.75f, 0);
      |     ^
/Library/Developer/CommandLineTools/SDKs/MacOSX.sdk/System/Library/Frameworks/OpenGL.framework/Headers/gl.h:2729:13: note: 'glTranslatef' has been explicitly marked deprecated here
 2729 | extern void glTranslatef (GLfloat x, GLfloat y, GLfloat z) OPENGL_DEPRECATED(10.0, 10.14);
      |             ^
main.cpp:266:5: warning: 'glScalef' is deprecated: first deprecated in macOS 10.14 - OpenGL API deprecated. (Define GL_SILENCE_DEPRECATION to silence these warnings) [-Wdeprecated-declarations]
  266 |     glScalef(1.1f, 0.35f, 0.7f);
      |     ^
/Library/Developer/CommandLineTools/SDKs/MacOSX.sdk/System/Library/Frameworks/OpenGL.framework/Headers/gl.h:2667:13: note: 'glScalef' has been explicitly marked deprecated here
 2667 | extern void glScalef (GLfloat x, GLfloat y, GLfloat z) OPENGL_DEPRECATED(10.0, 10.14);
      |             ^
main.cpp:267:5: warning: 'glutSolidCube' is deprecated: first deprecated in macOS 10.9 - OpenGL API deprecated. (Define GL_SILENCE_DEPRECATION to silence these warnings) [-Wdeprecated-declarations]
  267 |     glutSolidCube(1.0f);
      |     ^
/Library/Developer/CommandLineTools/SDKs/MacOSX.sdk/System/Library/Frameworks/GLUT.framework/Headers/glut.h:575:22: note: 'glutSolidCube' has been explicitly marked deprecated here
  575 | extern void APIENTRY glutSolidCube(GLdouble size) OPENGL_DEPRECATED(10_0, 10_9);
      |                      ^
main.cpp:268:5: warning: 'glPopMatrix' is deprecated: first deprecated in macOS 10.14 - OpenGL API deprecated. (Define GL_SILENCE_DEPRECATION to silence these warnings) [-Wdeprecated-declarations]
  268 |     glPopMatrix();
      |     ^
/Library/Developer/CommandLineTools/SDKs/MacOSX.sdk/System/Library/Frameworks/OpenGL.framework/Headers/gl.h:2620:13: note: 'glPopMatrix' has been explicitly marked deprecated here
 2620 | extern void glPopMatrix (void) OPENGL_DEPRECATED(10.0, 10.14);
      |             ^
main.cpp:271:5: warning: 'glColor3f' is deprecated: first deprecated in macOS 10.14 - OpenGL API deprecated. (Define GL_SILENCE_DEPRECATION to silence these warnings) [-Wdeprecated-declarations]
  271 |     glColor3f(skinR * 0.98f, skinG * 0.98f, skinB * 0.98f);
      |     ^
/Library/Developer/CommandLineTools/SDKs/MacOSX.sdk/System/Library/Frameworks/OpenGL.framework/Headers/gl.h:2405:13: note: 'glColor3f' has been explicitly marked deprecated here
 2405 | extern void glColor3f (GLfloat red, GLfloat green, GLfloat blue) OPENGL_DEPRECATED(10.0, 10.14);
      |             ^
main.cpp:272:5: warning: 'glPushMatrix' is deprecated: first deprecated in macOS 10.14 - OpenGL API deprecated. (Define GL_SILENCE_DEPRECATION to silence these warnings) [-Wdeprecated-declarations]
  272 |     glPushMatrix();
      |     ^
/Library/Developer/CommandLineTools/SDKs/MacOSX.sdk/System/Library/Frameworks/OpenGL.framework/Headers/gl.h:2625:13: note: 'glPushMatrix' has been explicitly marked deprecated here
 2625 | extern void glPushMatrix (void) OPENGL_DEPRECATED(10.0, 10.14);
      |             ^
main.cpp:273:5: warning: 'glTranslatef' is deprecated: first deprecated in macOS 10.14 - OpenGL API deprecated. (Define GL_SILENCE_DEPRECATION to silence these warnings) [-Wdeprecated-declarations]
  273 |     glTranslatef(0, 3.0f, 0);
      |     ^
/Library/Developer/CommandLineTools/SDKs/MacOSX.sdk/System/Library/Frameworks/OpenGL.framework/Headers/gl.h:2729:13: note: 'glTranslatef' has been explicitly marked deprecated here
 2729 | extern void glTranslatef (GLfloat x, GLfloat y, GLfloat z) OPENGL_DEPRECATED(10.0, 10.14);
      |             ^
main.cpp:274:5: warning: 'glScalef' is deprecated: first deprecated in macOS 10.14 - OpenGL API deprecated. (Define GL_SILENCE_DEPRECATION to silence these warnings) [-Wdeprecated-declarations]
  274 |     glScalef(0.22f, 0.2f, 0.22f);
      |     ^
/Library/Developer/CommandLineTools/SDKs/MacOSX.sdk/System/Library/Frameworks/OpenGL.framework/Headers/gl.h:2667:13: note: 'glScalef' has been explicitly marked deprecated here
 2667 | extern void glScalef (GLfloat x, GLfloat y, GLfloat z) OPENGL_DEPRECATED(10.0, 10.14);
      |             ^
main.cpp:275:5: warning: 'glutSolidCube' is deprecated: first deprecated in macOS 10.9 - OpenGL API deprecated. (Define GL_SILENCE_DEPRECATION to silence these warnings) [-Wdeprecated-declarations]
  275 |     glutSolidCube(1.0f);
      |     ^
/Library/Developer/CommandLineTools/SDKs/MacOSX.sdk/System/Library/Frameworks/GLUT.framework/Headers/glut.h:575:22: note: 'glutSolidCube' has been explicitly marked deprecated here
  575 | extern void APIENTRY glutSolidCube(GLdouble size) OPENGL_DEPRECATED(10_0, 10_9);
      |                      ^
main.cpp:276:5: warning: 'glPopMatrix' is deprecated: first deprecated in macOS 10.14 - OpenGL API deprecated. (Define GL_SILENCE_DEPRECATION to silence these warnings) [-Wdeprecated-declarations]
  276 |     glPopMatrix();
      |     ^
/Library/Developer/CommandLineTools/SDKs/MacOSX.sdk/System/Library/Frameworks/OpenGL.framework/Headers/gl.h:2620:13: note: 'glPopMatrix' has been explicitly marked deprecated here
 2620 | extern void glPopMatrix (void) OPENGL_DEPRECATED(10.0, 10.14);
      |             ^
main.cpp:279:5: warning: 'glColor3f' is deprecated: first deprecated in macOS 10.14 - OpenGL API deprecated. (Define GL_SILENCE_DEPRECATION to silence these warnings) [-Wdeprecated-declarations]
  279 |     glColor3f(skinR, skinG, skinB);
      |     ^
/Library/Developer/CommandLineTools/SDKs/MacOSX.sdk/System/Library/Frameworks/OpenGL.framework/Headers/gl.h:2405:13: note: 'glColor3f' has been explicitly marked deprecated here
 2405 | extern void glColor3f (GLfloat red, GLfloat green, GLfloat blue) OPENGL_DEPRECATED(10.0, 10.14);
      |             ^
main.cpp:280:5: warning: 'glPushMatrix' is deprecated: first deprecated in macOS 10.14 - OpenGL API deprecated. (Define GL_SILENCE_DEPRECATION to silence these warnings) [-Wdeprecated-declarations]
  280 |     glPushMatrix();
      |     ^
/Library/Developer/CommandLineTools/SDKs/MacOSX.sdk/System/Library/Frameworks/OpenGL.framework/Headers/gl.h:2625:13: note: 'glPushMatrix' has been explicitly marked deprecated here
 2625 | extern void glPushMatrix (void) OPENGL_DEPRECATED(10.0, 10.14);
      |             ^
main.cpp:281:5: warning: 'glTranslatef' is deprecated: first deprecated in macOS 10.14 - OpenGL API deprecated. (Define GL_SILENCE_DEPRECATION to silence these warnings) [-Wdeprecated-declarations]
  281 |     glTranslatef(0, 3.35f, 0);
      |     ^
/Library/Developer/CommandLineTools/SDKs/MacOSX.sdk/System/Library/Frameworks/OpenGL.framework/Headers/gl.h:2729:13: note: 'glTranslatef' has been explicitly marked deprecated here
 2729 | extern void glTranslatef (GLfloat x, GLfloat y, GLfloat z) OPENGL_DEPRECATED(10.0, 10.14);
      |             ^
main.cpp:282:5: warning: 'glutSolidSphere' is deprecated: first deprecated in macOS 10.9 - OpenGL API deprecated. (Define GL_SILENCE_DEPRECATION to silence these warnings) [-Wdeprecated-declarations]
  282 |     glutSolidSphere(0.38f, 20, 20);
      |     ^
/Library/Developer/CommandLineTools/SDKs/MacOSX.sdk/System/Library/Frameworks/GLUT.framework/Headers/glut.h:571:22: note: 'glutSolidSphere' has been explicitly marked deprecated here
  571 | extern void APIENTRY glutSolidSphere(GLdouble radius, GLint slices, GLint stacks) OPENGL_DEPRECATED(10_0, 10_9);
      |                      ^
main.cpp:284:5: warning: 'glColor3f' is deprecated: first deprecated in macOS 10.14 - OpenGL API deprecated. (Define GL_SILENCE_DEPRECATION to silence these warnings) [-Wdeprecated-declarations]
  284 |     glColor3f(0.15f + (static_cast<int>(std::fabs(p.x)) % 20) * 0.02f, 0.12f, 0.10f);
      |     ^
/Library/Developer/CommandLineTools/SDKs/MacOSX.sdk/System/Library/Frameworks/OpenGL.framework/Headers/gl.h:2405:13: note: 'glColor3f' has been explicitly marked deprecated here
 2405 | extern void glColor3f (GLfloat red, GLfloat green, GLfloat blue) OPENGL_DEPRECATED(10.0, 10.14);
      |             ^
main.cpp:285:5: warning: 'glPushMatrix' is deprecated: first deprecated in macOS 10.14 - OpenGL API deprecated. (Define GL_SILENCE_DEPRECATION to silence these warnings) [-Wdeprecated-declarations]
  285 |     glPushMatrix();
      |     ^
/Library/Developer/CommandLineTools/SDKs/MacOSX.sdk/System/Library/Frameworks/OpenGL.framework/Headers/gl.h:2625:13: note: 'glPushMatrix' has been explicitly marked deprecated here
 2625 | extern void glPushMatrix (void) OPENGL_DEPRECATED(10.0, 10.14);
      |             ^
main.cpp:286:5: warning: 'glTranslatef' is deprecated: first deprecated in macOS 10.14 - OpenGL API deprecated. (Define GL_SILENCE_DEPRECATION to silence these warnings) [-Wdeprecated-declarations]
  286 |     glTranslatef(0, 0.12f, 0);
      |     ^
/Library/Developer/CommandLineTools/SDKs/MacOSX.sdk/System/Library/Frameworks/OpenGL.framework/Headers/gl.h:2729:13: note: 'glTranslatef' has been explicitly marked deprecated here
 2729 | extern void glTranslatef (GLfloat x, GLfloat y, GLfloat z) OPENGL_DEPRECATED(10.0, 10.14);
      |             ^
main.cpp:287:5: warning: 'glScalef' is deprecated: first deprecated in macOS 10.14 - OpenGL API deprecated. (Define GL_SILENCE_DEPRECATION to silence these warnings) [-Wdeprecated-declarations]
  287 |     glScalef(1.0f, 0.6f, 1.0f);
      |     ^
/Library/Developer/CommandLineTools/SDKs/MacOSX.sdk/System/Library/Frameworks/OpenGL.framework/Headers/gl.h:2667:13: note: 'glScalef' has been explicitly marked deprecated here
 2667 | extern void glScalef (GLfloat x, GLfloat y, GLfloat z) OPENGL_DEPRECATED(10.0, 10.14);
      |             ^
main.cpp:288:5: warning: 'glutSolidSphere' is deprecated: first deprecated in macOS 10.9 - OpenGL API deprecated. (Define GL_SILENCE_DEPRECATION to silence these warnings) [-Wdeprecated-declarations]
  288 |     glutSolidSphere(0.39f, 16, 12);
      |     ^
/Library/Developer/CommandLineTools/SDKs/MacOSX.sdk/System/Library/Frameworks/GLUT.framework/Headers/glut.h:571:22: note: 'glutSolidSphere' has been explicitly marked deprecated here
  571 | extern void APIENTRY glutSolidSphere(GLdouble radius, GLint slices, GLint stacks) OPENGL_DEPRECATED(10_0, 10_9);
      |                      ^
main.cpp:289:5: warning: 'glPopMatrix' is deprecated: first deprecated in macOS 10.14 - OpenGL API deprecated. (Define GL_SILENCE_DEPRECATION to silence these warnings) [-Wdeprecated-declarations]
  289 |     glPopMatrix();
      |     ^
/Library/Developer/CommandLineTools/SDKs/MacOSX.sdk/System/Library/Frameworks/OpenGL.framework/Headers/gl.h:2620:13: note: 'glPopMatrix' has been explicitly marked deprecated here
 2620 | extern void glPopMatrix (void) OPENGL_DEPRECATED(10.0, 10.14);
      |             ^
main.cpp:291:5: warning: 'glPopMatrix' is deprecated: first deprecated in macOS 10.14 - OpenGL API deprecated. (Define GL_SILENCE_DEPRECATION to silence these warnings) [-Wdeprecated-declarations]
  291 |     glPopMatrix();
      |     ^
/Library/Developer/CommandLineTools/SDKs/MacOSX.sdk/System/Library/Frameworks/OpenGL.framework/Headers/gl.h:2620:13: note: 'glPopMatrix' has been explicitly marked deprecated here
 2620 | extern void glPopMatrix (void) OPENGL_DEPRECATED(10.0, 10.14);
      |             ^
main.cpp:294:5: warning: 'glColor3f' is deprecated: first deprecated in macOS 10.14 - OpenGL API deprecated. (Define GL_SILENCE_DEPRECATION to silence these warnings) [-Wdeprecated-declarations]
  294 |     glColor3f(p.r * 0.88f, p.g * 0.88f, p.b * 0.88f);
      |     ^
/Library/Developer/CommandLineTools/SDKs/MacOSX.sdk/System/Library/Frameworks/OpenGL.framework/Headers/gl.h:2405:13: note: 'glColor3f' has been explicitly marked deprecated here
 2405 | extern void glColor3f (GLfloat red, GLfloat green, GLfloat blue) OPENGL_DEPRECATED(10.0, 10.14);
      |             ^
main.cpp:295:5: warning: 'glPushMatrix' is deprecated: first deprecated in macOS 10.14 - OpenGL API deprecated. (Define GL_SILENCE_DEPRECATION to silence these warnings) [-Wdeprecated-declarations]
  295 |     glPushMatrix();
      |     ^
/Library/Developer/CommandLineTools/SDKs/MacOSX.sdk/System/Library/Frameworks/OpenGL.framework/Headers/gl.h:2625:13: note: 'glPushMatrix' has been explicitly marked deprecated here
 2625 | extern void glPushMatrix (void) OPENGL_DEPRECATED(10.0, 10.14);
      |             ^
main.cpp:296:5: warning: 'glTranslatef' is deprecated: first deprecated in macOS 10.14 - OpenGL API deprecated. (Define GL_SILENCE_DEPRECATION to silence these warnings) [-Wdeprecated-declarations]
  296 |     glTranslatef(-0.58f, 2.65f, 0);
      |     ^
/Library/Developer/CommandLineTools/SDKs/MacOSX.sdk/System/Library/Frameworks/OpenGL.framework/Headers/gl.h:2729:13: note: 'glTranslatef' has been explicitly marked deprecated here
 2729 | extern void glTranslatef (GLfloat x, GLfloat y, GLfloat z) OPENGL_DEPRECATED(10.0, 10.14);
      |             ^
main.cpp:297:5: warning: 'glRotatef' is deprecated: first deprecated in macOS 10.14 - OpenGL API deprecated. (Define GL_SILENCE_DEPRECATION to silence these warnings) [-Wdeprecated-declarations]
  297 |     glRotatef(armSwing, 1, 0, 0);
      |     ^
/Library/Developer/CommandLineTools/SDKs/MacOSX.sdk/System/Library/Frameworks/OpenGL.framework/Headers/gl.h:2665:13: note: 'glRotatef' has been explicitly marked deprecated here
 2665 | extern void glRotatef (GLfloat angle, GLfloat x, GLfloat y, GLfloat z) OPENGL_DEPRECATED(10.0, 10.14);
      |             ^
main.cpp:299:5: warning: 'glPushMatrix' is deprecated: first deprecated in macOS 10.14 - OpenGL API deprecated. (Define GL_SILENCE_DEPRECATION to silence these warnings) [-Wdeprecated-declarations]
  299 |     glPushMatrix();
      |     ^
/Library/Developer/CommandLineTools/SDKs/MacOSX.sdk/System/Library/Frameworks/OpenGL.framework/Headers/gl.h:2625:13: note: 'glPushMatrix' has been explicitly marked deprecated here
 2625 | extern void glPushMatrix (void) OPENGL_DEPRECATED(10.0, 10.14);
      |             ^
main.cpp:300:5: warning: 'glTranslatef' is deprecated: first deprecated in macOS 10.14 - OpenGL API deprecated. (Define GL_SILENCE_DEPRECATION to silence these warnings) [-Wdeprecated-declarations]
  300 |     glTranslatef(0, -0.35f, 0);
      |     ^
/Library/Developer/CommandLineTools/SDKs/MacOSX.sdk/System/Library/Frameworks/OpenGL.framework/Headers/gl.h:2729:13: note: 'glTranslatef' has been explicitly marked deprecated here
 2729 | extern void glTranslatef (GLfloat x, GLfloat y, GLfloat z) OPENGL_DEPRECATED(10.0, 10.14);
      |             ^
main.cpp:301:5: warning: 'glScalef' is deprecated: first deprecated in macOS 10.14 - OpenGL API deprecated. (Define GL_SILENCE_DEPRECATION to silence these warnings) [-Wdeprecated-declarations]
  301 |     glScalef(0.2f, 0.7f, 0.2f);
      |     ^
/Library/Developer/CommandLineTools/SDKs/MacOSX.sdk/System/Library/Frameworks/OpenGL.framework/Headers/gl.h:2667:13: note: 'glScalef' has been explicitly marked deprecated here
 2667 | extern void glScalef (GLfloat x, GLfloat y, GLfloat z) OPENGL_DEPRECATED(10.0, 10.14);
      |             ^
main.cpp:302:5: warning: 'glutSolidCube' is deprecated: first deprecated in macOS 10.9 - OpenGL API deprecated. (Define GL_SILENCE_DEPRECATION to silence these warnings) [-Wdeprecated-declarations]
  302 |     glutSolidCube(1.0f);
      |     ^
/Library/Developer/CommandLineTools/SDKs/MacOSX.sdk/System/Library/Frameworks/GLUT.framework/Headers/glut.h:575:22: note: 'glutSolidCube' has been explicitly marked deprecated here
  575 | extern void APIENTRY glutSolidCube(GLdouble size) OPENGL_DEPRECATED(10_0, 10_9);
      |                      ^
main.cpp:303:5: warning: 'glPopMatrix' is deprecated: first deprecated in macOS 10.14 - OpenGL API deprecated. (Define GL_SILENCE_DEPRECATION to silence these warnings) [-Wdeprecated-declarations]
  303 |     glPopMatrix();
      |     ^
/Library/Developer/CommandLineTools/SDKs/MacOSX.sdk/System/Library/Frameworks/OpenGL.framework/Headers/gl.h:2620:13: note: 'glPopMatrix' has been explicitly marked deprecated here
 2620 | extern void glPopMatrix (void) OPENGL_DEPRECATED(10.0, 10.14);
      |             ^
main.cpp:305:5: warning: 'glColor3f' is deprecated: first deprecated in macOS 10.14 - OpenGL API deprecated. (Define GL_SILENCE_DEPRECATION to silence these warnings) [-Wdeprecated-declarations]
  305 |     glColor3f(skinR * 0.95f, skinG * 0.95f, skinB * 0.95f);
      |     ^
/Library/Developer/CommandLineTools/SDKs/MacOSX.sdk/System/Library/Frameworks/OpenGL.framework/Headers/gl.h:2405:13: note: 'glColor3f' has been explicitly marked deprecated here
 2405 | extern void glColor3f (GLfloat red, GLfloat green, GLfloat blue) OPENGL_DEPRECATED(10.0, 10.14);
      |             ^
main.cpp:306:5: warning: 'glPushMatrix' is deprecated: first deprecated in macOS 10.14 - OpenGL API deprecated. (Define GL_SILENCE_DEPRECATION to silence these warnings) [-Wdeprecated-declarations]
  306 |     glPushMatrix();
      |     ^
/Library/Developer/CommandLineTools/SDKs/MacOSX.sdk/System/Library/Frameworks/OpenGL.framework/Headers/gl.h:2625:13: note: 'glPushMatrix' has been explicitly marked deprecated here
 2625 | extern void glPushMatrix (void) OPENGL_DEPRECATED(10.0, 10.14);
      |             ^
main.cpp:307:5: warning: 'glTranslatef' is deprecated: first deprecated in macOS 10.14 - OpenGL API deprecated. (Define GL_SILENCE_DEPRECATION to silence these warnings) [-Wdeprecated-declarations]
  307 |     glTranslatef(0, -0.72f, 0);
      |     ^
/Library/Developer/CommandLineTools/SDKs/MacOSX.sdk/System/Library/Frameworks/OpenGL.framework/Headers/gl.h:2729:13: note: 'glTranslatef' has been explicitly marked deprecated here
 2729 | extern void glTranslatef (GLfloat x, GLfloat y, GLfloat z) OPENGL_DEPRECATED(10.0, 10.14);
      |             ^
main.cpp:308:5: warning: 'glutSolidSphere' is deprecated: first deprecated in macOS 10.9 - OpenGL API deprecated. (Define GL_SILENCE_DEPRECATION to silence these warnings) [-Wdeprecated-declarations]
  308 |     glutSolidSphere(0.11f, 14, 14);
      |     ^
/Library/Developer/CommandLineTools/SDKs/MacOSX.sdk/System/Library/Frameworks/GLUT.framework/Headers/glut.h:571:22: note: 'glutSolidSphere' has been explicitly marked deprecated here
  571 | extern void APIENTRY glutSolidSphere(GLdouble radius, GLint slices, GLint stacks) OPENGL_DEPRECATED(10_0, 10_9);
      |                      ^
main.cpp:309:5: warning: 'glPopMatrix' is deprecated: first deprecated in macOS 10.14 - OpenGL API deprecated. (Define GL_SILENCE_DEPRECATION to silence these warnings) [-Wdeprecated-declarations]
  309 |     glPopMatrix();
      |     ^
/Library/Developer/CommandLineTools/SDKs/MacOSX.sdk/System/Library/Frameworks/OpenGL.framework/Headers/gl.h:2620:13: note: 'glPopMatrix' has been explicitly marked deprecated here
 2620 | extern void glPopMatrix (void) OPENGL_DEPRECATED(10.0, 10.14);
      |             ^
main.cpp:311:5: warning: 'glColor3f' is deprecated: first deprecated in macOS 10.14 - OpenGL API deprecated. (Define GL_SILENCE_DEPRECATION to silence these warnings) [-Wdeprecated-declarations]
  311 |     glColor3f(p.r * 0.82f, p.g * 0.82f, p.b * 0.82f);
      |     ^
/Library/Developer/CommandLineTools/SDKs/MacOSX.sdk/System/Library/Frameworks/OpenGL.framework/Headers/gl.h:2405:13: note: 'glColor3f' has been explicitly marked deprecated here
 2405 | extern void glColor3f (GLfloat red, GLfloat green, GLfloat blue) OPENGL_DEPRECATED(10.0, 10.14);
      |             ^
main.cpp:312:5: warning: 'glPushMatrix' is deprecated: first deprecated in macOS 10.14 - OpenGL API deprecated. (Define GL_SILENCE_DEPRECATION to silence these warnings) [-Wdeprecated-declarations]
  312 |     glPushMatrix();
      |     ^
/Library/Developer/CommandLineTools/SDKs/MacOSX.sdk/System/Library/Frameworks/OpenGL.framework/Headers/gl.h:2625:13: note: 'glPushMatrix' has been explicitly marked deprecated here
 2625 | extern void glPushMatrix (void) OPENGL_DEPRECATED(10.0, 10.14);
      |             ^
main.cpp:313:5: warning: 'glTranslatef' is deprecated: first deprecated in macOS 10.14 - OpenGL API deprecated. (Define GL_SILENCE_DEPRECATION to silence these warnings) [-Wdeprecated-declarations]
  313 |     glTranslatef(0, -0.72f, 0);
      |     ^
/Library/Developer/CommandLineTools/SDKs/MacOSX.sdk/System/Library/Frameworks/OpenGL.framework/Headers/gl.h:2729:13: note: 'glTranslatef' has been explicitly marked deprecated here
 2729 | extern void glTranslatef (GLfloat x, GLfloat y, GLfloat z) OPENGL_DEPRECATED(10.0, 10.14);
      |             ^
main.cpp:314:5: warning: 'glRotatef' is deprecated: first deprecated in macOS 10.14 - OpenGL API deprecated. (Define GL_SILENCE_DEPRECATION to silence these warnings) [-Wdeprecated-declarations]
  314 |     glRotatef(forearmBend, 1, 0, 0);
      |     ^
/Library/Developer/CommandLineTools/SDKs/MacOSX.sdk/System/Library/Frameworks/OpenGL.framework/Headers/gl.h:2665:13: note: 'glRotatef' has been explicitly marked deprecated here
 2665 | extern void glRotatef (GLfloat angle, GLfloat x, GLfloat y, GLfloat z) OPENGL_DEPRECATED(10.0, 10.14);
      |             ^
main.cpp:315:5: warning: 'glTranslatef' is deprecated: first deprecated in macOS 10.14 - OpenGL API deprecated. (Define GL_SILENCE_DEPRECATION to silence these warnings) [-Wdeprecated-declarations]
  315 |     glTranslatef(0, -0.32f, 0);
      |     ^
/Library/Developer/CommandLineTools/SDKs/MacOSX.sdk/System/Library/Frameworks/OpenGL.framework/Headers/gl.h:2729:13: note: 'glTranslatef' has been explicitly marked deprecated here
 2729 | extern void glTranslatef (GLfloat x, GLfloat y, GLfloat z) OPENGL_DEPRECATED(10.0, 10.14);
      |             ^
main.cpp:316:5: warning: 'glScalef' is deprecated: first deprecated in macOS 10.14 - OpenGL API deprecated. (Define GL_SILENCE_DEPRECATION to silence these warnings) [-Wdeprecated-declarations]
  316 |     glScalef(0.17f, 0.64f, 0.17f);
      |     ^
/Library/Developer/CommandLineTools/SDKs/MacOSX.sdk/System/Library/Frameworks/OpenGL.framework/Headers/gl.h:2667:13: note: 'glScalef' has been explicitly marked deprecated here
 2667 | extern void glScalef (GLfloat x, GLfloat y, GLfloat z) OPENGL_DEPRECATED(10.0, 10.14);
      |             ^
main.cpp:317:5: warning: 'glutSolidCube' is deprecated: first deprecated in macOS 10.9 - OpenGL API deprecated. (Define GL_SILENCE_DEPRECATION to silence these warnings) [-Wdeprecated-declarations]
  317 |     glutSolidCube(1.0f);
      |     ^
/Library/Developer/CommandLineTools/SDKs/MacOSX.sdk/System/Library/Frameworks/GLUT.framework/Headers/glut.h:575:22: note: 'glutSolidCube' has been explicitly marked deprecated here
  575 | extern void APIENTRY glutSolidCube(GLdouble size) OPENGL_DEPRECATED(10_0, 10_9);
      |                      ^
main.cpp:318:5: warning: 'glPopMatrix' is deprecated: first deprecated in macOS 10.14 - OpenGL API deprecated. (Define GL_SILENCE_DEPRECATION to silence these warnings) [-Wdeprecated-declarations]
  318 |     glPopMatrix();
      |     ^
/Library/Developer/CommandLineTools/SDKs/MacOSX.sdk/System/Library/Frameworks/OpenGL.framework/Headers/gl.h:2620:13: note: 'glPopMatrix' has been explicitly marked deprecated here
 2620 | extern void glPopMatrix (void) OPENGL_DEPRECATED(10.0, 10.14);
      |             ^
main.cpp:320:5: warning: 'glColor3f' is deprecated: first deprecated in macOS 10.14 - OpenGL API deprecated. (Define GL_SILENCE_DEPRECATION to silence these warnings) [-Wdeprecated-declarations]
  320 |     glColor3f(skinR, skinG, skinB);
      |     ^
/Library/Developer/CommandLineTools/SDKs/MacOSX.sdk/System/Library/Frameworks/OpenGL.framework/Headers/gl.h:2405:13: note: 'glColor3f' has been explicitly marked deprecated here
 2405 | extern void glColor3f (GLfloat red, GLfloat green, GLfloat blue) OPENGL_DEPRECATED(10.0, 10.14);
      |             ^
main.cpp:321:5: warning: 'glPushMatrix' is deprecated: first deprecated in macOS 10.14 - OpenGL API deprecated. (Define GL_SILENCE_DEPRECATION to silence these warnings) [-Wdeprecated-declarations]
  321 |     glPushMatrix();
      |     ^
/Library/Developer/CommandLineTools/SDKs/MacOSX.sdk/System/Library/Frameworks/OpenGL.framework/Headers/gl.h:2625:13: note: 'glPushMatrix' has been explicitly marked deprecated here
 2625 | extern void glPushMatrix (void) OPENGL_DEPRECATED(10.0, 10.14);
      |             ^
main.cpp:322:5: warning: 'glTranslatef' is deprecated: first deprecated in macOS 10.14 - OpenGL API deprecated. (Define GL_SILENCE_DEPRECATION to silence these warnings) [-Wdeprecated-declarations]
  322 |     glTranslatef(0, -1.15f, 0);
      |     ^
/Library/Developer/CommandLineTools/SDKs/MacOSX.sdk/System/Library/Frameworks/OpenGL.framework/Headers/gl.h:2729:13: note: 'glTranslatef' has been explicitly marked deprecated here
 2729 | extern void glTranslatef (GLfloat x, GLfloat y, GLfloat z) OPENGL_DEPRECATED(10.0, 10.14);
      |             ^
main.cpp:323:5: warning: 'glScalef' is deprecated: first deprecated in macOS 10.14 - OpenGL API deprecated. (Define GL_SILENCE_DEPRECATION to silence these warnings) [-Wdeprecated-declarations]
  323 |     glScalef(0.14f, 0.22f, 0.11f);
      |     ^
/Library/Developer/CommandLineTools/SDKs/MacOSX.sdk/System/Library/Frameworks/OpenGL.framework/Headers/gl.h:2667:13: note: 'glScalef' has been explicitly marked deprecated here
 2667 | extern void glScalef (GLfloat x, GLfloat y, GLfloat z) OPENGL_DEPRECATED(10.0, 10.14);
      |             ^
main.cpp:324:5: warning: 'glutSolidCube' is deprecated: first deprecated in macOS 10.9 - OpenGL API deprecated. (Define GL_SILENCE_DEPRECATION to silence these warnings) [-Wdeprecated-declarations]
  324 |     glutSolidCube(1.0f);
      |     ^
/Library/Developer/CommandLineTools/SDKs/MacOSX.sdk/System/Library/Frameworks/GLUT.framework/Headers/glut.h:575:22: note: 'glutSolidCube' has been explicitly marked deprecated here
  575 | extern void APIENTRY glutSolidCube(GLdouble size) OPENGL_DEPRECATED(10_0, 10_9);
      |                      ^
main.cpp:325:5: warning: 'glPopMatrix' is deprecated: first deprecated in macOS 10.14 - OpenGL API deprecated. (Define GL_SILENCE_DEPRECATION to silence these warnings) [-Wdeprecated-declarations]
  325 |     glPopMatrix();
      |     ^
/Library/Developer/CommandLineTools/SDKs/MacOSX.sdk/System/Library/Frameworks/OpenGL.framework/Headers/gl.h:2620:13: note: 'glPopMatrix' has been explicitly marked deprecated here
 2620 | extern void glPopMatrix (void) OPENGL_DEPRECATED(10.0, 10.14);
      |             ^
main.cpp:327:5: warning: 'glPopMatrix' is deprecated: first deprecated in macOS 10.14 - OpenGL API deprecated. (Define GL_SILENCE_DEPRECATION to silence these warnings) [-Wdeprecated-declarations]
  327 |     glPopMatrix();
      |     ^
/Library/Developer/CommandLineTools/SDKs/MacOSX.sdk/System/Library/Frameworks/OpenGL.framework/Headers/gl.h:2620:13: note: 'glPopMatrix' has been explicitly marked deprecated here
 2620 | extern void glPopMatrix (void) OPENGL_DEPRECATED(10.0, 10.14);
      |             ^
main.cpp:330:5: warning: 'glColor3f' is deprecated: first deprecated in macOS 10.14 - OpenGL API deprecated. (Define GL_SILENCE_DEPRECATION to silence these warnings) [-Wdeprecated-declarations]
  330 |     glColor3f(p.r * 0.88f, p.g * 0.88f, p.b * 0.88f);
      |     ^
/Library/Developer/CommandLineTools/SDKs/MacOSX.sdk/System/Library/Frameworks/OpenGL.framework/Headers/gl.h:2405:13: note: 'glColor3f' has been explicitly marked deprecated here
 2405 | extern void glColor3f (GLfloat red, GLfloat green, GLfloat blue) OPENGL_DEPRECATED(10.0, 10.14);
      |             ^
main.cpp:331:5: warning: 'glPushMatrix' is deprecated: first deprecated in macOS 10.14 - OpenGL API deprecated. (Define GL_SILENCE_DEPRECATION to silence these warnings) [-Wdeprecated-declarations]
  331 |     glPushMatrix();
      |     ^
/Library/Developer/CommandLineTools/SDKs/MacOSX.sdk/System/Library/Frameworks/OpenGL.framework/Headers/gl.h:2625:13: note: 'glPushMatrix' has been explicitly marked deprecated here
 2625 | extern void glPushMatrix (void) OPENGL_DEPRECATED(10.0, 10.14);
      |             ^
main.cpp:332:5: warning: 'glTranslatef' is deprecated: first deprecated in macOS 10.14 - OpenGL API deprecated. (Define GL_SILENCE_DEPRECATION to silence these warnings) [-Wdeprecated-declarations]
  332 |     glTranslatef(0.58f, 2.65f, 0);
      |     ^
/Library/Developer/CommandLineTools/SDKs/MacOSX.sdk/System/Library/Frameworks/OpenGL.framework/Headers/gl.h:2729:13: note: 'glTranslatef' has been explicitly marked deprecated here
 2729 | extern void glTranslatef (GLfloat x, GLfloat y, GLfloat z) OPENGL_DEPRECATED(10.0, 10.14);
      |             ^
main.cpp:333:5: warning: 'glRotatef' is deprecated: first deprecated in macOS 10.14 - OpenGL API deprecated. (Define GL_SILENCE_DEPRECATION to silence these warnings) [-Wdeprecated-declarations]
  333 |     glRotatef(-armSwing, 1, 0, 0);
      |     ^
/Library/Developer/CommandLineTools/SDKs/MacOSX.sdk/System/Library/Frameworks/OpenGL.framework/Headers/gl.h:2665:13: note: 'glRotatef' has been explicitly marked deprecated here
 2665 | extern void glRotatef (GLfloat angle, GLfloat x, GLfloat y, GLfloat z) OPENGL_DEPRECATED(10.0, 10.14);
      |             ^
main.cpp:335:5: warning: 'glPushMatrix' is deprecated: first deprecated in macOS 10.14 - OpenGL API deprecated. (Define GL_SILENCE_DEPRECATION to silence these warnings) [-Wdeprecated-declarations]
  335 |     glPushMatrix();
      |     ^
/Library/Developer/CommandLineTools/SDKs/MacOSX.sdk/System/Library/Frameworks/OpenGL.framework/Headers/gl.h:2625:13: note: 'glPushMatrix' has been explicitly marked deprecated here
 2625 | extern void glPushMatrix (void) OPENGL_DEPRECATED(10.0, 10.14);
      |             ^
main.cpp:336:5: warning: 'glTranslatef' is deprecated: first deprecated in macOS 10.14 - OpenGL API deprecated. (Define GL_SILENCE_DEPRECATION to silence these warnings) [-Wdeprecated-declarations]
  336 |     glTranslatef(0, -0.35f, 0);
      |     ^
/Library/Developer/CommandLineTools/SDKs/MacOSX.sdk/System/Library/Frameworks/OpenGL.framework/Headers/gl.h:2729:13: note: 'glTranslatef' has been explicitly marked deprecated here
 2729 | extern void glTranslatef (GLfloat x, GLfloat y, GLfloat z) OPENGL_DEPRECATED(10.0, 10.14);
      |             ^
main.cpp:337:5: warning: 'glScalef' is deprecated: first deprecated in macOS 10.14 - OpenGL API deprecated. (Define GL_SILENCE_DEPRECATION to silence these warnings) [-Wdeprecated-declarations]
  337 |     glScalef(0.2f, 0.7f, 0.2f);
      |     ^
/Library/Developer/CommandLineTools/SDKs/MacOSX.sdk/System/Library/Frameworks/OpenGL.framework/Headers/gl.h:2667:13: note: 'glScalef' has been explicitly marked deprecated here
 2667 | extern void glScalef (GLfloat x, GLfloat y, GLfloat z) OPENGL_DEPRECATED(10.0, 10.14);
      |             ^
main.cpp:338:5: warning: 'glutSolidCube' is deprecated: first deprecated in macOS 10.9 - OpenGL API deprecated. (Define GL_SILENCE_DEPRECATION to silence these warnings) [-Wdeprecated-declarations]
  338 |     glutSolidCube(1.0f);
      |     ^
/Library/Developer/CommandLineTools/SDKs/MacOSX.sdk/System/Library/Frameworks/GLUT.framework/Headers/glut.h:575:22: note: 'glutSolidCube' has been explicitly marked deprecated here
  575 | extern void APIENTRY glutSolidCube(GLdouble size) OPENGL_DEPRECATED(10_0, 10_9);
      |                      ^
main.cpp:339:5: warning: 'glPopMatrix' is deprecated: first deprecated in macOS 10.14 - OpenGL API deprecated. (Define GL_SILENCE_DEPRECATION to silence these warnings) [-Wdeprecated-declarations]
  339 |     glPopMatrix();
      |     ^
/Library/Developer/CommandLineTools/SDKs/MacOSX.sdk/System/Library/Frameworks/OpenGL.framework/Headers/gl.h:2620:13: note: 'glPopMatrix' has been explicitly marked deprecated here
 2620 | extern void glPopMatrix (void) OPENGL_DEPRECATED(10.0, 10.14);
      |             ^
main.cpp:341:5: warning: 'glColor3f' is deprecated: first deprecated in macOS 10.14 - OpenGL API deprecated. (Define GL_SILENCE_DEPRECATION to silence these warnings) [-Wdeprecated-declarations]
  341 |     glColor3f(skinR * 0.95f, skinG * 0.95f, skinB * 0.95f);
      |     ^
/Library/Developer/CommandLineTools/SDKs/MacOSX.sdk/System/Library/Frameworks/OpenGL.framework/Headers/gl.h:2405:13: note: 'glColor3f' has been explicitly marked deprecated here
 2405 | extern void glColor3f (GLfloat red, GLfloat green, GLfloat blue) OPENGL_DEPRECATED(10.0, 10.14);
      |             ^
main.cpp:342:5: warning: 'glPushMatrix' is deprecated: first deprecated in macOS 10.14 - OpenGL API deprecated. (Define GL_SILENCE_DEPRECATION to silence these warnings) [-Wdeprecated-declarations]
  342 |     glPushMatrix();
      |     ^
/Library/Developer/CommandLineTools/SDKs/MacOSX.sdk/System/Library/Frameworks/OpenGL.framework/Headers/gl.h:2625:13: note: 'glPushMatrix' has been explicitly marked deprecated here
 2625 | extern void glPushMatrix (void) OPENGL_DEPRECATED(10.0, 10.14);
      |             ^
main.cpp:343:5: warning: 'glTranslatef' is deprecated: first deprecated in macOS 10.14 - OpenGL API deprecated. (Define GL_SILENCE_DEPRECATION to silence these warnings) [-Wdeprecated-declarations]
  343 |     glTranslatef(0, -0.72f, 0);
      |     ^
/Library/Developer/CommandLineTools/SDKs/MacOSX.sdk/System/Library/Frameworks/OpenGL.framework/Headers/gl.h:2729:13: note: 'glTranslatef' has been explicitly marked deprecated here
 2729 | extern void glTranslatef (GLfloat x, GLfloat y, GLfloat z) OPENGL_DEPRECATED(10.0, 10.14);
      |             ^
main.cpp:344:5: warning: 'glutSolidSphere' is deprecated: first deprecated in macOS 10.9 - OpenGL API deprecated. (Define GL_SILENCE_DEPRECATION to silence these warnings) [-Wdeprecated-declarations]
  344 |     glutSolidSphere(0.11f, 14, 14);
      |     ^
/Library/Developer/CommandLineTools/SDKs/MacOSX.sdk/System/Library/Frameworks/GLUT.framework/Headers/glut.h:571:22: note: 'glutSolidSphere' has been explicitly marked deprecated here
  571 | extern void APIENTRY glutSolidSphere(GLdouble radius, GLint slices, GLint stacks) OPENGL_DEPRECATED(10_0, 10_9);
      |                      ^
main.cpp:345:5: warning: 'glPopMatrix' is deprecated: first deprecated in macOS 10.14 - OpenGL API deprecated. (Define GL_SILENCE_DEPRECATION to silence these warnings) [-Wdeprecated-declarations]
  345 |     glPopMatrix();
      |     ^
/Library/Developer/CommandLineTools/SDKs/MacOSX.sdk/System/Library/Frameworks/OpenGL.framework/Headers/gl.h:2620:13: note: 'glPopMatrix' has been explicitly marked deprecated here
 2620 | extern void glPopMatrix (void) OPENGL_DEPRECATED(10.0, 10.14);
      |             ^
main.cpp:347:5: warning: 'glColor3f' is deprecated: first deprecated in macOS 10.14 - OpenGL API deprecated. (Define GL_SILENCE_DEPRECATION to silence these warnings) [-Wdeprecated-declarations]
  347 |     glColor3f(p.r * 0.82f, p.g * 0.82f, p.b * 0.82f);
      |     ^
/Library/Developer/CommandLineTools/SDKs/MacOSX.sdk/System/Library/Frameworks/OpenGL.framework/Headers/gl.h:2405:13: note: 'glColor3f' has been explicitly marked deprecated here
 2405 | extern void glColor3f (GLfloat red, GLfloat green, GLfloat blue) OPENGL_DEPRECATED(10.0, 10.14);
      |             ^
main.cpp:348:5: warning: 'glPushMatrix' is deprecated: first deprecated in macOS 10.14 - OpenGL API deprecated. (Define GL_SILENCE_DEPRECATION to silence these warnings) [-Wdeprecated-declarations]
  348 |     glPushMatrix();
      |     ^
/Library/Developer/CommandLineTools/SDKs/MacOSX.sdk/System/Library/Frameworks/OpenGL.framework/Headers/gl.h:2625:13: note: 'glPushMatrix' has been explicitly marked deprecated here
 2625 | extern void glPushMatrix (void) OPENGL_DEPRECATED(10.0, 10.14);
      |             ^
main.cpp:349:5: warning: 'glTranslatef' is deprecated: first deprecated in macOS 10.14 - OpenGL API deprecated. (Define GL_SILENCE_DEPRECATION to silence these warnings) [-Wdeprecated-declarations]
  349 |     glTranslatef(0, -0.72f, 0);
      |     ^
/Library/Developer/CommandLineTools/SDKs/MacOSX.sdk/System/Library/Frameworks/OpenGL.framework/Headers/gl.h:2729:13: note: 'glTranslatef' has been explicitly marked deprecated here
 2729 | extern void glTranslatef (GLfloat x, GLfloat y, GLfloat z) OPENGL_DEPRECATED(10.0, 10.14);
      |             ^
main.cpp:350:5: warning: 'glRotatef' is deprecated: first deprecated in macOS 10.14 - OpenGL API deprecated. (Define GL_SILENCE_DEPRECATION to silence these warnings) [-Wdeprecated-declarations]
  350 |     glRotatef(forearmBend, 1, 0, 0);
      |     ^
/Library/Developer/CommandLineTools/SDKs/MacOSX.sdk/System/Library/Frameworks/OpenGL.framework/Headers/gl.h:2665:13: note: 'glRotatef' has been explicitly marked deprecated here
 2665 | extern void glRotatef (GLfloat angle, GLfloat x, GLfloat y, GLfloat z) OPENGL_DEPRECATED(10.0, 10.14);
      |             ^
main.cpp:351:5: warning: 'glTranslatef' is deprecated: first deprecated in macOS 10.14 - OpenGL API deprecated. (Define GL_SILENCE_DEPRECATION to silence these warnings) [-Wdeprecated-declarations]
  351 |     glTranslatef(0, -0.32f, 0);
      |     ^
/Library/Developer/CommandLineTools/SDKs/MacOSX.sdk/System/Library/Frameworks/OpenGL.framework/Headers/gl.h:2729:13: note: 'glTranslatef' has been explicitly marked deprecated here
 2729 | extern void glTranslatef (GLfloat x, GLfloat y, GLfloat z) OPENGL_DEPRECATED(10.0, 10.14);
      |             ^
main.cpp:352:5: warning: 'glScalef' is deprecated: first deprecated in macOS 10.14 - OpenGL API deprecated. (Define GL_SILENCE_DEPRECATION to silence these warnings) [-Wdeprecated-declarations]
  352 |     glScalef(0.17f, 0.64f, 0.17f);
      |     ^
/Library/Developer/CommandLineTools/SDKs/MacOSX.sdk/System/Library/Frameworks/OpenGL.framework/Headers/gl.h:2667:13: note: 'glScalef' has been explicitly marked deprecated here
 2667 | extern void glScalef (GLfloat x, GLfloat y, GLfloat z) OPENGL_DEPRECATED(10.0, 10.14);
      |             ^
main.cpp:353:5: warning: 'glutSolidCube' is deprecated: first deprecated in macOS 10.9 - OpenGL API deprecated. (Define GL_SILENCE_DEPRECATION to silence these warnings) [-Wdeprecated-declarations]
  353 |     glutSolidCube(1.0f);
      |     ^
/Library/Developer/CommandLineTools/SDKs/MacOSX.sdk/System/Library/Frameworks/GLUT.framework/Headers/glut.h:575:22: note: 'glutSolidCube' has been explicitly marked deprecated here
  575 | extern void APIENTRY glutSolidCube(GLdouble size) OPENGL_DEPRECATED(10_0, 10_9);
      |                      ^
main.cpp:354:5: warning: 'glPopMatrix' is deprecated: first deprecated in macOS 10.14 - OpenGL API deprecated. (Define GL_SILENCE_DEPRECATION to silence these warnings) [-Wdeprecated-declarations]
  354 |     glPopMatrix();
      |     ^
/Library/Developer/CommandLineTools/SDKs/MacOSX.sdk/System/Library/Frameworks/OpenGL.framework/Headers/gl.h:2620:13: note: 'glPopMatrix' has been explicitly marked deprecated here
 2620 | extern void glPopMatrix (void) OPENGL_DEPRECATED(10.0, 10.14);
      |             ^
main.cpp:356:5: warning: 'glColor3f' is deprecated: first deprecated in macOS 10.14 - OpenGL API deprecated. (Define GL_SILENCE_DEPRECATION to silence these warnings) [-Wdeprecated-declarations]
  356 |     glColor3f(skinR, skinG, skinB);
      |     ^
/Library/Developer/CommandLineTools/SDKs/MacOSX.sdk/System/Library/Frameworks/OpenGL.framework/Headers/gl.h:2405:13: note: 'glColor3f' has been explicitly marked deprecated here
 2405 | extern void glColor3f (GLfloat red, GLfloat green, GLfloat blue) OPENGL_DEPRECATED(10.0, 10.14);
      |             ^
main.cpp:357:5: warning: 'glPushMatrix' is deprecated: first deprecated in macOS 10.14 - OpenGL API deprecated. (Define GL_SILENCE_DEPRECATION to silence these warnings) [-Wdeprecated-declarations]
  357 |     glPushMatrix();
      |     ^
/Library/Developer/CommandLineTools/SDKs/MacOSX.sdk/System/Library/Frameworks/OpenGL.framework/Headers/gl.h:2625:13: note: 'glPushMatrix' has been explicitly marked deprecated here
 2625 | extern void glPushMatrix (void) OPENGL_DEPRECATED(10.0, 10.14);
      |             ^
main.cpp:358:5: warning: 'glTranslatef' is deprecated: first deprecated in macOS 10.14 - OpenGL API deprecated. (Define GL_SILENCE_DEPRECATION to silence these warnings) [-Wdeprecated-declarations]
  358 |     glTranslatef(0, -1.15f, 0);
      |     ^
/Library/Developer/CommandLineTools/SDKs/MacOSX.sdk/System/Library/Frameworks/OpenGL.framework/Headers/gl.h:2729:13: note: 'glTranslatef' has been explicitly marked deprecated here
 2729 | extern void glTranslatef (GLfloat x, GLfloat y, GLfloat z) OPENGL_DEPRECATED(10.0, 10.14);
      |             ^
main.cpp:359:5: warning: 'glScalef' is deprecated: first deprecated in macOS 10.14 - OpenGL API deprecated. (Define GL_SILENCE_DEPRECATION to silence these warnings) [-Wdeprecated-declarations]
  359 |     glScalef(0.14f, 0.22f, 0.11f);
      |     ^
/Library/Developer/CommandLineTools/SDKs/MacOSX.sdk/System/Library/Frameworks/OpenGL.framework/Headers/gl.h:2667:13: note: 'glScalef' has been explicitly marked deprecated here
 2667 | extern void glScalef (GLfloat x, GLfloat y, GLfloat z) OPENGL_DEPRECATED(10.0, 10.14);
      |             ^
main.cpp:360:5: warning: 'glutSolidCube' is deprecated: first deprecated in macOS 10.9 - OpenGL API deprecated. (Define GL_SILENCE_DEPRECATION to silence these warnings) [-Wdeprecated-declarations]
  360 |     glutSolidCube(1.0f);
      |     ^
/Library/Developer/CommandLineTools/SDKs/MacOSX.sdk/System/Library/Frameworks/GLUT.framework/Headers/glut.h:575:22: note: 'glutSolidCube' has been explicitly marked deprecated here
  575 | extern void APIENTRY glutSolidCube(GLdouble size) OPENGL_DEPRECATED(10_0, 10_9);
      |                      ^
main.cpp:361:5: warning: 'glPopMatrix' is deprecated: first deprecated in macOS 10.14 - OpenGL API deprecated. (Define GL_SILENCE_DEPRECATION to silence these warnings) [-Wdeprecated-declarations]
  361 |     glPopMatrix();
      |     ^
/Library/Developer/CommandLineTools/SDKs/MacOSX.sdk/System/Library/Frameworks/OpenGL.framework/Headers/gl.h:2620:13: note: 'glPopMatrix' has been explicitly marked deprecated here
 2620 | extern void glPopMatrix (void) OPENGL_DEPRECATED(10.0, 10.14);
      |             ^
main.cpp:363:5: warning: 'glPopMatrix' is deprecated: first deprecated in macOS 10.14 - OpenGL API deprecated. (Define GL_SILENCE_DEPRECATION to silence these warnings) [-Wdeprecated-declarations]
  363 |     glPopMatrix();
      |     ^
/Library/Developer/CommandLineTools/SDKs/MacOSX.sdk/System/Library/Frameworks/OpenGL.framework/Headers/gl.h:2620:13: note: 'glPopMatrix' has been explicitly marked deprecated here
 2620 | extern void glPopMatrix (void) OPENGL_DEPRECATED(10.0, 10.14);
      |             ^
main.cpp:365:5: warning: 'glDisable' is deprecated: first deprecated in macOS 10.14 - OpenGL API deprecated. (Define GL_SILENCE_DEPRECATION to silence these warnings) [-Wdeprecated-declarations]
  365 |     glDisable(GL_NORMALIZE);
      |     ^
/Library/Developer/CommandLineTools/SDKs/MacOSX.sdk/System/Library/Frameworks/OpenGL.framework/Headers/gl.h:2462:13: note: 'glDisable' has been explicitly marked deprecated here
 2462 | extern void glDisable (GLenum cap) OPENGL_DEPRECATED(10.0, 10.14);
      |             ^
main.cpp:366:5: warning: 'glShadeModel' is deprecated: first deprecated in macOS 10.14 - OpenGL API deprecated. (Define GL_SILENCE_DEPRECATION to silence these warnings) [-Wdeprecated-declarations]
  366 |     glShadeModel(GL_FLAT);
      |     ^
/Library/Developer/CommandLineTools/SDKs/MacOSX.sdk/System/Library/Frameworks/OpenGL.framework/Headers/gl.h:2671:13: note: 'glShadeModel' has been explicitly marked deprecated here
 2671 | extern void glShadeModel (GLenum mode) OPENGL_DEPRECATED(10.0, 10.14);
      |             ^
main.cpp:368:5: warning: 'glPopMatrix' is deprecated: first deprecated in macOS 10.14 - OpenGL API deprecated. (Define GL_SILENCE_DEPRECATION to silence these warnings) [-Wdeprecated-declarations]
  368 |     glPopMatrix();
      |     ^
/Library/Developer/CommandLineTools/SDKs/MacOSX.sdk/System/Library/Frameworks/OpenGL.framework/Headers/gl.h:2620:13: note: 'glPopMatrix' has been explicitly marked deprecated here
 2620 | extern void glPopMatrix (void) OPENGL_DEPRECATED(10.0, 10.14);
      |             ^
main.cpp:375:48: error: no member named 'clamp' in namespace 'std'
  375 |         return static_cast<unsigned char>(std::clamp(value, 0.0f, 1.0f) * 255.0f);
      |                                           ~~~~~^
main.cpp:411:48: error: no member named 'clamp' in namespace 'std'
  411 |         return static_cast<unsigned char>(std::clamp(value, 0.0f, 1.0f) * 255.0f);
      |                                           ~~~~~^
main.cpp:445:48: error: no member named 'clamp' in namespace 'std'
  445 |         return static_cast<unsigned char>(std::clamp(value, 0.0f, 1.0f) * 255.0f);
      |                                           ~~~~~^
main.cpp:477:48: error: no member named 'clamp' in namespace 'std'
  477 |         return static_cast<unsigned char>(std::clamp(value, 0.0f, 1.0f) * 255.0f);
      |                                           ~~~~~^
main.cpp:509:48: error: no member named 'clamp' in namespace 'std'
  509 |         return static_cast<unsigned char>(std::clamp(value, 0.0f, 1.0f) * 255.0f);
      |                                           ~~~~~^
main.cpp:535:48: error: no member named 'clamp' in namespace 'std'
  535 |         return static_cast<unsigned char>(std::clamp(value, 0.0f, 1.0f) * 255.0f);
      |                                           ~~~~~^
main.cpp:562:48: error: no member named 'clamp' in namespace 'std'
  562 |         return static_cast<unsigned char>(std::clamp(value, 0.0f, 1.0f) * 255.0f);
      |                                           ~~~~~^
main.cpp:624:30: warning: 'glIsEnabled' is deprecated: first deprecated in macOS 10.14 - OpenGL API deprecated. (Define GL_SILENCE_DEPRECATION to silence these warnings) [-Wdeprecated-declarations]
  624 |     GLboolean wasTexturing = glIsEnabled(GL_TEXTURE_2D);
      |                              ^
/Library/Developer/CommandLineTools/SDKs/MacOSX.sdk/System/Library/Frameworks/OpenGL.framework/Headers/gl.h:2557:18: note: 'glIsEnabled' has been explicitly marked deprecated here
 2557 | extern GLboolean glIsEnabled (GLenum cap) OPENGL_DEPRECATED(10.0, 10.14);
      |                  ^
main.cpp:625:23: warning: 'glDisable' is deprecated: first deprecated in macOS 10.14 - OpenGL API deprecated. (Define GL_SILENCE_DEPRECATION to silence these warnings) [-Wdeprecated-declarations]
  625 |     if (wasTexturing) glDisable(GL_TEXTURE_2D);
      |                       ^
/Library/Developer/CommandLineTools/SDKs/MacOSX.sdk/System/Library/Frameworks/OpenGL.framework/Headers/gl.h:2462:13: note: 'glDisable' has been explicitly marked deprecated here
 2462 | extern void glDisable (GLenum cap) OPENGL_DEPRECATED(10.0, 10.14);
      |             ^
main.cpp:628:9: warning: 'glPushMatrix' is deprecated: first deprecated in macOS 10.14 - OpenGL API deprecated. (Define GL_SILENCE_DEPRECATION to silence these warnings) [-Wdeprecated-declarations]
  628 |         glPushMatrix();
      |         ^
/Library/Developer/CommandLineTools/SDKs/MacOSX.sdk/System/Library/Frameworks/OpenGL.framework/Headers/gl.h:2625:13: note: 'glPushMatrix' has been explicitly marked deprecated here
 2625 | extern void glPushMatrix (void) OPENGL_DEPRECATED(10.0, 10.14);
      |             ^
main.cpp:629:9: warning: 'glTranslatef' is deprecated: first deprecated in macOS 10.14 - OpenGL API deprecated. (Define GL_SILENCE_DEPRECATION to silence these warnings) [-Wdeprecated-declarations]
  629 |         glTranslatef(x, 0.7f, z);
      |         ^
/Library/Developer/CommandLineTools/SDKs/MacOSX.sdk/System/Library/Frameworks/OpenGL.framework/Headers/gl.h:2729:13: note: 'glTranslatef' has been explicitly marked deprecated here
 2729 | extern void glTranslatef (GLfloat x, GLfloat y, GLfloat z) OPENGL_DEPRECATED(10.0, 10.14);
      |             ^
main.cpp:630:9: warning: 'glColor3f' is deprecated: first deprecated in macOS 10.14 - OpenGL API deprecated. (Define GL_SILENCE_DEPRECATION to silence these warnings) [-Wdeprecated-declarations]
  630 |         glColor3f(0.2f, 0.6f, 0.32f);
      |         ^
/Library/Developer/CommandLineTools/SDKs/MacOSX.sdk/System/Library/Frameworks/OpenGL.framework/Headers/gl.h:2405:13: note: 'glColor3f' has been explicitly marked deprecated here
 2405 | extern void glColor3f (GLfloat red, GLfloat green, GLfloat blue) OPENGL_DEPRECATED(10.0, 10.14);
      |             ^
main.cpp:632:9: warning: 'glPopMatrix' is deprecated: first deprecated in macOS 10.14 - OpenGL API deprecated. (Define GL_SILENCE_DEPRECATION to silence these warnings) [-Wdeprecated-declarations]
  632 |         glPopMatrix();
      |         ^
/Library/Developer/CommandLineTools/SDKs/MacOSX.sdk/System/Library/Frameworks/OpenGL.framework/Headers/gl.h:2620:13: note: 'glPopMatrix' has been explicitly marked deprecated here
 2620 | extern void glPopMatrix (void) OPENGL_DEPRECATED(10.0, 10.14);
      |             ^
main.cpp:640:9: warning: 'glPushMatrix' is deprecated: first deprecated in macOS 10.14 - OpenGL API deprecated. (Define GL_SILENCE_DEPRECATION to silence these warnings) [-Wdeprecated-declarations]
  640 |         glPushMatrix();
      |         ^
/Library/Developer/CommandLineTools/SDKs/MacOSX.sdk/System/Library/Frameworks/OpenGL.framework/Headers/gl.h:2625:13: note: 'glPushMatrix' has been explicitly marked deprecated here
 2625 | extern void glPushMatrix (void) OPENGL_DEPRECATED(10.0, 10.14);
      |             ^
main.cpp:641:9: warning: 'glTranslatef' is deprecated: first deprecated in macOS 10.14 - OpenGL API deprecated. (Define GL_SILENCE_DEPRECATION to silence these warnings) [-Wdeprecated-declarations]
  641 |         glTranslatef(baseX, 0.2f, baseZ);
      |         ^
/Library/Developer/CommandLineTools/SDKs/MacOSX.sdk/System/Library/Frameworks/OpenGL.framework/Headers/gl.h:2729:13: note: 'glTranslatef' has been explicitly marked deprecated here
 2729 | extern void glTranslatef (GLfloat x, GLfloat y, GLfloat z) OPENGL_DEPRECATED(10.0, 10.14);
      |             ^
main.cpp:642:9: warning: 'glColor3f' is deprecated: first deprecated in macOS 10.14 - OpenGL API deprecated. (Define GL_SILENCE_DEPRECATION to silence these warnings) [-Wdeprecated-declarations]
  642 |         glColor3f(0.6f, 0.6f, 0.64f);
      |         ^
/Library/Developer/CommandLineTools/SDKs/MacOSX.sdk/System/Library/Frameworks/OpenGL.framework/Headers/gl.h:2405:13: note: 'glColor3f' has been explicitly marked deprecated here
 2405 | extern void glColor3f (GLfloat red, GLfloat green, GLfloat blue) OPENGL_DEPRECATED(10.0, 10.14);
      |             ^
main.cpp:644:9: warning: 'glPopMatrix' is deprecated: first deprecated in macOS 10.14 - OpenGL API deprecated. (Define GL_SILENCE_DEPRECATION to silence these warnings) [-Wdeprecated-declarations]
  644 |         glPopMatrix();
      |         ^
/Library/Developer/CommandLineTools/SDKs/MacOSX.sdk/System/Library/Frameworks/OpenGL.framework/Headers/gl.h:2620:13: note: 'glPopMatrix' has been explicitly marked deprecated here
 2620 | extern void glPopMatrix (void) OPENGL_DEPRECATED(10.0, 10.14);
      |             ^
main.cpp:651:9: warning: 'glPushMatrix' is deprecated: first deprecated in macOS 10.14 - OpenGL API deprecated. (Define GL_SILENCE_DEPRECATION to silence these warnings) [-Wdeprecated-declarations]
  651 |         glPushMatrix();
      |         ^
/Library/Developer/CommandLineTools/SDKs/MacOSX.sdk/System/Library/Frameworks/OpenGL.framework/Headers/gl.h:2625:13: note: 'glPushMatrix' has been explicitly marked deprecated here
 2625 | extern void glPushMatrix (void) OPENGL_DEPRECATED(10.0, 10.14);
      |             ^
main.cpp:652:9: warning: 'glTranslatef' is deprecated: first deprecated in macOS 10.14 - OpenGL API deprecated. (Define GL_SILENCE_DEPRECATION to silence these warnings) [-Wdeprecated-declarations]
  652 |         glTranslatef(baseX, 3.4f, baseZ);
      |         ^
/Library/Developer/CommandLineTools/SDKs/MacOSX.sdk/System/Library/Frameworks/OpenGL.framework/Headers/gl.h:2729:13: note: 'glTranslatef' has been explicitly marked deprecated here
 2729 | extern void glTranslatef (GLfloat x, GLfloat y, GLfloat z) OPENGL_DEPRECATED(10.0, 10.14);
      |             ^
main.cpp:653:9: warning: 'glColor3f' is deprecated: first deprecated in macOS 10.14 - OpenGL API deprecated. (Define GL_SILENCE_DEPRECATION to silence these warnings) [-Wdeprecated-declarations]
  653 |         glColor3f(0.82f, 0.82f, 0.86f);
      |         ^
/Library/Developer/CommandLineTools/SDKs/MacOSX.sdk/System/Library/Frameworks/OpenGL.framework/Headers/gl.h:2405:13: note: 'glColor3f' has been explicitly marked deprecated here
 2405 | extern void glColor3f (GLfloat red, GLfloat green, GLfloat blue) OPENGL_DEPRECATED(10.0, 10.14);
      |             ^
main.cpp:655:9: warning: 'glPopMatrix' is deprecated: first deprecated in macOS 10.14 - OpenGL API deprecated. (Define GL_SILENCE_DEPRECATION to silence these warnings) [-Wdeprecated-declarations]
  655 |         glPopMatrix();
      |         ^
/Library/Developer/CommandLineTools/SDKs/MacOSX.sdk/System/Library/Frameworks/OpenGL.framework/Headers/gl.h:2620:13: note: 'glPopMatrix' has been explicitly marked deprecated here
 2620 | extern void glPopMatrix (void) OPENGL_DEPRECATED(10.0, 10.14);
      |             ^
main.cpp:657:9: warning: 'glPushMatrix' is deprecated: first deprecated in macOS 10.14 - OpenGL API deprecated. (Define GL_SILENCE_DEPRECATION to silence these warnings) [-Wdeprecated-declarations]
  657 |         glPushMatrix();
      |         ^
/Library/Developer/CommandLineTools/SDKs/MacOSX.sdk/System/Library/Frameworks/OpenGL.framework/Headers/gl.h:2625:13: note: 'glPushMatrix' has been explicitly marked deprecated here
 2625 | extern void glPushMatrix (void) OPENGL_DEPRECATED(10.0, 10.14);
      |             ^
main.cpp:658:9: warning: 'glTranslatef' is deprecated: first deprecated in macOS 10.14 - OpenGL API deprecated. (Define GL_SILENCE_DEPRECATION to silence these warnings) [-Wdeprecated-declarations]
  658 |         glTranslatef(baseX, 6.8f, baseZ);
      |         ^
/Library/Developer/CommandLineTools/SDKs/MacOSX.sdk/System/Library/Frameworks/OpenGL.framework/Headers/gl.h:2729:13: note: 'glTranslatef' has been explicitly marked deprecated here
 2729 | extern void glTranslatef (GLfloat x, GLfloat y, GLfloat z) OPENGL_DEPRECATED(10.0, 10.14);
      |             ^
main.cpp:659:9: warning: 'glRotatef' is deprecated: first deprecated in macOS 10.14 - OpenGL API deprecated. (Define GL_SILENCE_DEPRECATION to silence these warnings) [-Wdeprecated-declarations]
  659 |         glRotatef(-90.0f, 1, 0, 0);
      |         ^
/Library/Developer/CommandLineTools/SDKs/MacOSX.sdk/System/Library/Frameworks/OpenGL.framework/Headers/gl.h:2665:13: note: 'glRotatef' has been explicitly marked deprecated here
 2665 | extern void glRotatef (GLfloat angle, GLfloat x, GLfloat y, GLfloat z) OPENGL_DEPRECATED(10.0, 10.14);
      |             ^
main.cpp:660:30: warning: 'gluNewQuadric' is deprecated: first deprecated in macOS 10.9 - OpenGL API deprecated. (Define GL_SILENCE_DEPRECATION to silence these warnings) [-Wdeprecated-declarations]
  660 |         GLUquadric* column = gluNewQuadric();
      |                              ^
/Library/Developer/CommandLineTools/SDKs/MacOSX.sdk/System/Library/Frameworks/OpenGL.framework/Headers/glu.h:267:20: note: 'gluNewQuadric' has been explicitly marked deprecated here
  267 | extern GLUquadric* gluNewQuadric (void) OPENGL_DEPRECATED(10.0, 10.9);
      |                    ^
main.cpp:661:9: warning: 'gluCylinder' is deprecated: first deprecated in macOS 10.9 - OpenGL API deprecated. (Define GL_SILENCE_DEPRECATION to silence these warnings) [-Wdeprecated-declarations]
  661 |         gluCylinder(column, 3.2f, 3.2f, 8.0f, 24, 1);
      |         ^
/Library/Developer/CommandLineTools/SDKs/MacOSX.sdk/System/Library/Frameworks/OpenGL.framework/Headers/glu.h:251:13: note: 'gluCylinder' has been explicitly marked deprecated here
  251 | extern void gluCylinder (GLUquadric* quad, GLdouble base, GLdouble top, GLdouble height, GLint slices, GLint stacks) OPENGL_DEPRECATED(10.0, 10.9);
      |             ^
main.cpp:662:9: warning: 'gluDeleteQuadric' is deprecated: first deprecated in macOS 10.9 - OpenGL API deprecated. (Define GL_SILENCE_DEPRECATION to silence these warnings) [-Wdeprecated-declarations]
  662 |         gluDeleteQuadric(column);
      |         ^
/Library/Developer/CommandLineTools/SDKs/MacOSX.sdk/System/Library/Frameworks/OpenGL.framework/Headers/glu.h:253:13: note: 'gluDeleteQuadric' has been explicitly marked deprecated here
  253 | extern void gluDeleteQuadric (GLUquadric* quad) OPENGL_DEPRECATED(10.0, 10.9);
      |             ^
main.cpp:663:9: warning: 'glPopMatrix' is deprecated: first deprecated in macOS 10.14 - OpenGL API deprecated. (Define GL_SILENCE_DEPRECATION to silence these warnings) [-Wdeprecated-declarations]
  663 |         glPopMatrix();
      |         ^
/Library/Developer/CommandLineTools/SDKs/MacOSX.sdk/System/Library/Frameworks/OpenGL.framework/Headers/gl.h:2620:13: note: 'glPopMatrix' has been explicitly marked deprecated here
 2620 | extern void glPopMatrix (void) OPENGL_DEPRECATED(10.0, 10.14);
      |             ^
main.cpp:665:9: warning: 'glPushMatrix' is deprecated: first deprecated in macOS 10.14 - OpenGL API deprecated. (Define GL_SILENCE_DEPRECATION to silence these warnings) [-Wdeprecated-declarations]
  665 |         glPushMatrix();
      |         ^
/Library/Developer/CommandLineTools/SDKs/MacOSX.sdk/System/Library/Frameworks/OpenGL.framework/Headers/gl.h:2625:13: note: 'glPushMatrix' has been explicitly marked deprecated here
 2625 | extern void glPushMatrix (void) OPENGL_DEPRECATED(10.0, 10.14);
      |             ^
main.cpp:666:9: warning: 'glTranslatef' is deprecated: first deprecated in macOS 10.14 - OpenGL API deprecated. (Define GL_SILENCE_DEPRECATION to silence these warnings) [-Wdeprecated-declarations]
  666 |         glTranslatef(baseX, 15.8f, baseZ);
      |         ^
/Library/Developer/CommandLineTools/SDKs/MacOSX.sdk/System/Library/Frameworks/OpenGL.framework/Headers/gl.h:2729:13: note: 'glTranslatef' has been explicitly marked deprecated here
 2729 | extern void glTranslatef (GLfloat x, GLfloat y, GLfloat z) OPENGL_DEPRECATED(10.0, 10.14);
      |             ^
main.cpp:667:9: warning: 'glRotatef' is deprecated: first deprecated in macOS 10.14 - OpenGL API deprecated. (Define GL_SILENCE_DEPRECATION to silence these warnings) [-Wdeprecated-declarations]
  667 |         glRotatef(frameCount * 0.08f, 0, 1, 0);
      |         ^
/Library/Developer/CommandLineTools/SDKs/MacOSX.sdk/System/Library/Frameworks/OpenGL.framework/Headers/gl.h:2665:13: note: 'glRotatef' has been explicitly marked deprecated here
 2665 | extern void glRotatef (GLfloat angle, GLfloat x, GLfloat y, GLfloat z) OPENGL_DEPRECATED(10.0, 10.14);
      |             ^
main.cpp:669:9: warning: 'glColor3f' is deprecated: first deprecated in macOS 10.14 - OpenGL API deprecated. (Define GL_SILENCE_DEPRECATION to silence these warnings) [-Wdeprecated-declarations]
  669 |         glColor3f(0.15f, 0.4f, 0.8f);
      |         ^
/Library/Developer/CommandLineTools/SDKs/MacOSX.sdk/System/Library/Frameworks/OpenGL.framework/Headers/gl.h:2405:13: note: 'glColor3f' has been explicitly marked deprecated here
 2405 | extern void glColor3f (GLfloat red, GLfloat green, GLfloat blue) OPENGL_DEPRECATED(10.0, 10.14);
      |             ^
main.cpp:670:9: warning: 'glutSolidSphere' is deprecated: first deprecated in macOS 10.9 - OpenGL API deprecated. (Define GL_SILENCE_DEPRECATION to silence these warnings) [-Wdeprecated-declarations]
  670 |         glutSolidSphere(6.5, 32, 32);
      |         ^
/Library/Developer/CommandLineTools/SDKs/MacOSX.sdk/System/Library/Frameworks/GLUT.framework/Headers/glut.h:571:22: note: 'glutSolidSphere' has been explicitly marked deprecated here
  571 | extern void APIENTRY glutSolidSphere(GLdouble radius, GLint slices, GLint stacks) OPENGL_DEPRECATED(10_0, 10_9);
      |                      ^
main.cpp:672:9: warning: 'glColor3f' is deprecated: first deprecated in macOS 10.14 - OpenGL API deprecated. (Define GL_SILENCE_DEPRECATION to silence these warnings) [-Wdeprecated-declarations]
  672 |         glColor3f(0.23f, 0.65f, 0.28f);
      |         ^
/Library/Developer/CommandLineTools/SDKs/MacOSX.sdk/System/Library/Frameworks/OpenGL.framework/Headers/gl.h:2405:13: note: 'glColor3f' has been explicitly marked deprecated here
 2405 | extern void glColor3f (GLfloat red, GLfloat green, GLfloat blue) OPENGL_DEPRECATED(10.0, 10.14);
      |             ^
main.cpp:673:9: warning: 'glPushMatrix' is deprecated: first deprecated in macOS 10.14 - OpenGL API deprecated. (Define GL_SILENCE_DEPRECATION to silence these warnings) [-Wdeprecated-declarations]
  673 |         glPushMatrix();
      |         ^
/Library/Developer/CommandLineTools/SDKs/MacOSX.sdk/System/Library/Frameworks/OpenGL.framework/Headers/gl.h:2625:13: note: 'glPushMatrix' has been explicitly marked deprecated here
 2625 | extern void glPushMatrix (void) OPENGL_DEPRECATED(10.0, 10.14);
      |             ^
main.cpp:674:9: warning: 'glRotatef' is deprecated: first deprecated in macOS 10.14 - OpenGL API deprecated. (Define GL_SILENCE_DEPRECATION to silence these warnings) [-Wdeprecated-declarations]
  674 |         glRotatef(25.0f, 0, 1, 0);
      |         ^
/Library/Developer/CommandLineTools/SDKs/MacOSX.sdk/System/Library/Frameworks/OpenGL.framework/Headers/gl.h:2665:13: note: 'glRotatef' has been explicitly marked deprecated here
 2665 | extern void glRotatef (GLfloat angle, GLfloat x, GLfloat y, GLfloat z) OPENGL_DEPRECATED(10.0, 10.14);
      |             ^
main.cpp:675:9: warning: 'glTranslatef' is deprecated: first deprecated in macOS 10.14 - OpenGL API deprecated. (Define GL_SILENCE_DEPRECATION to silence these warnings) [-Wdeprecated-declarations]
  675 |         glTranslatef(0, 1.8f, 5.6f);
      |         ^
/Library/Developer/CommandLineTools/SDKs/MacOSX.sdk/System/Library/Frameworks/OpenGL.framework/Headers/gl.h:2729:13: note: 'glTranslatef' has been explicitly marked deprecated here
 2729 | extern void glTranslatef (GLfloat x, GLfloat y, GLfloat z) OPENGL_DEPRECATED(10.0, 10.14);
      |             ^
main.cpp:676:9: warning: 'glutSolidSphere' is deprecated: first deprecated in macOS 10.9 - OpenGL API deprecated. (Define GL_SILENCE_DEPRECATION to silence these warnings) [-Wdeprecated-declarations]
  676 |         glutSolidSphere(2.0, 16, 16);
      |         ^
/Library/Developer/CommandLineTools/SDKs/MacOSX.sdk/System/Library/Frameworks/GLUT.framework/Headers/glut.h:571:22: note: 'glutSolidSphere' has been explicitly marked deprecated here
  571 | extern void APIENTRY glutSolidSphere(GLdouble radius, GLint slices, GLint stacks) OPENGL_DEPRECATED(10_0, 10_9);
      |                      ^
main.cpp:677:9: warning: 'glPopMatrix' is deprecated: first deprecated in macOS 10.14 - OpenGL API deprecated. (Define GL_SILENCE_DEPRECATION to silence these warnings) [-Wdeprecated-declarations]
  677 |         glPopMatrix();
      |         ^
/Library/Developer/CommandLineTools/SDKs/MacOSX.sdk/System/Library/Frameworks/OpenGL.framework/Headers/gl.h:2620:13: note: 'glPopMatrix' has been explicitly marked deprecated here
 2620 | extern void glPopMatrix (void) OPENGL_DEPRECATED(10.0, 10.14);
      |             ^
main.cpp:679:9: warning: 'glPushMatrix' is deprecated: first deprecated in macOS 10.14 - OpenGL API deprecated. (Define GL_SILENCE_DEPRECATION to silence these warnings) [-Wdeprecated-declarations]
  679 |         glPushMatrix();
      |         ^
/Library/Developer/CommandLineTools/SDKs/MacOSX.sdk/System/Library/Frameworks/OpenGL.framework/Headers/gl.h:2625:13: note: 'glPushMatrix' has been explicitly marked deprecated here
 2625 | extern void glPushMatrix (void) OPENGL_DEPRECATED(10.0, 10.14);
      |             ^
main.cpp:680:9: warning: 'glRotatef' is deprecated: first deprecated in macOS 10.14 - OpenGL API deprecated. (Define GL_SILENCE_DEPRECATION to silence these warnings) [-Wdeprecated-declarations]
  680 |         glRotatef(90.0f, 0, 1, 0);
      |         ^
/Library/Developer/CommandLineTools/SDKs/MacOSX.sdk/System/Library/Frameworks/OpenGL.framework/Headers/gl.h:2665:13: note: 'glRotatef' has been explicitly marked deprecated here
 2665 | extern void glRotatef (GLfloat angle, GLfloat x, GLfloat y, GLfloat z) OPENGL_DEPRECATED(10.0, 10.14);
      |             ^
main.cpp:681:9: warning: 'glTranslatef' is deprecated: first deprecated in macOS 10.14 - OpenGL API deprecated. (Define GL_SILENCE_DEPRECATION to silence these warnings) [-Wdeprecated-declarations]
  681 |         glTranslatef(0, 0.6f, 5.9f);
      |         ^
/Library/Developer/CommandLineTools/SDKs/MacOSX.sdk/System/Library/Frameworks/OpenGL.framework/Headers/gl.h:2729:13: note: 'glTranslatef' has been explicitly marked deprecated here
 2729 | extern void glTranslatef (GLfloat x, GLfloat y, GLfloat z) OPENGL_DEPRECATED(10.0, 10.14);
      |             ^
main.cpp:682:9: warning: 'glutSolidSphere' is deprecated: first deprecated in macOS 10.9 - OpenGL API deprecated. (Define GL_SILENCE_DEPRECATION to silence these warnings) [-Wdeprecated-declarations]
  682 |         glutSolidSphere(1.6, 16, 16);
      |         ^
/Library/Developer/CommandLineTools/SDKs/MacOSX.sdk/System/Library/Frameworks/GLUT.framework/Headers/glut.h:571:22: note: 'glutSolidSphere' has been explicitly marked deprecated here
  571 | extern void APIENTRY glutSolidSphere(GLdouble radius, GLint slices, GLint stacks) OPENGL_DEPRECATED(10_0, 10_9);
      |                      ^
main.cpp:683:9: warning: 'glPopMatrix' is deprecated: first deprecated in macOS 10.14 - OpenGL API deprecated. (Define GL_SILENCE_DEPRECATION to silence these warnings) [-Wdeprecated-declarations]
  683 |         glPopMatrix();
      |         ^
/Library/Developer/CommandLineTools/SDKs/MacOSX.sdk/System/Library/Frameworks/OpenGL.framework/Headers/gl.h:2620:13: note: 'glPopMatrix' has been explicitly marked deprecated here
 2620 | extern void glPopMatrix (void) OPENGL_DEPRECATED(10.0, 10.14);
      |             ^
main.cpp:685:9: warning: 'glPushMatrix' is deprecated: first deprecated in macOS 10.14 - OpenGL API deprecated. (Define GL_SILENCE_DEPRECATION to silence these warnings) [-Wdeprecated-declarations]
  685 |         glPushMatrix();
      |         ^
/Library/Developer/CommandLineTools/SDKs/MacOSX.sdk/System/Library/Frameworks/OpenGL.framework/Headers/gl.h:2625:13: note: 'glPushMatrix' has been explicitly marked deprecated here
 2625 | extern void glPushMatrix (void) OPENGL_DEPRECATED(10.0, 10.14);
      |             ^
main.cpp:686:9: warning: 'glRotatef' is deprecated: first deprecated in macOS 10.14 - OpenGL API deprecated. (Define GL_SILENCE_DEPRECATION to silence these warnings) [-Wdeprecated-declarations]
  686 |         glRotatef(150.0f, 0, 1, 0);
      |         ^
/Library/Developer/CommandLineTools/SDKs/MacOSX.sdk/System/Library/Frameworks/OpenGL.framework/Headers/gl.h:2665:13: note: 'glRotatef' has been explicitly marked deprecated here
 2665 | extern void glRotatef (GLfloat angle, GLfloat x, GLfloat y, GLfloat z) OPENGL_DEPRECATED(10.0, 10.14);
      |             ^
main.cpp:687:9: warning: 'glTranslatef' is deprecated: first deprecated in macOS 10.14 - OpenGL API deprecated. (Define GL_SILENCE_DEPRECATION to silence these warnings) [-Wdeprecated-declarations]
  687 |         glTranslatef(0, 1.2f, 5.5f);
      |         ^
/Library/Developer/CommandLineTools/SDKs/MacOSX.sdk/System/Library/Frameworks/OpenGL.framework/Headers/gl.h:2729:13: note: 'glTranslatef' has been explicitly marked deprecated here
 2729 | extern void glTranslatef (GLfloat x, GLfloat y, GLfloat z) OPENGL_DEPRECATED(10.0, 10.14);
      |             ^
main.cpp:688:9: warning: 'glutSolidSphere' is deprecated: first deprecated in macOS 10.9 - OpenGL API deprecated. (Define GL_SILENCE_DEPRECATION to silence these warnings) [-Wdeprecated-declarations]
  688 |         glutSolidSphere(2.3, 16, 16);
      |         ^
/Library/Developer/CommandLineTools/SDKs/MacOSX.sdk/System/Library/Frameworks/GLUT.framework/Headers/glut.h:571:22: note: 'glutSolidSphere' has been explicitly marked deprecated here
  571 | extern void APIENTRY glutSolidSphere(GLdouble radius, GLint slices, GLint stacks) OPENGL_DEPRECATED(10_0, 10_9);
      |                      ^
main.cpp:689:9: warning: 'glPopMatrix' is deprecated: first deprecated in macOS 10.14 - OpenGL API deprecated. (Define GL_SILENCE_DEPRECATION to silence these warnings) [-Wdeprecated-declarations]
  689 |         glPopMatrix();
      |         ^
/Library/Developer/CommandLineTools/SDKs/MacOSX.sdk/System/Library/Frameworks/OpenGL.framework/Headers/gl.h:2620:13: note: 'glPopMatrix' has been explicitly marked deprecated here
 2620 | extern void glPopMatrix (void) OPENGL_DEPRECATED(10.0, 10.14);
      |             ^
main.cpp:691:9: warning: 'glColor3f' is deprecated: first deprecated in macOS 10.14 - OpenGL API deprecated. (Define GL_SILENCE_DEPRECATION to silence these warnings) [-Wdeprecated-declarations]
  691 |         glColor3f(0.96f, 0.97f, 1.0f);
      |         ^
/Library/Developer/CommandLineTools/SDKs/MacOSX.sdk/System/Library/Frameworks/OpenGL.framework/Headers/gl.h:2405:13: note: 'glColor3f' has been explicitly marked deprecated here
 2405 | extern void glColor3f (GLfloat red, GLfloat green, GLfloat blue) OPENGL_DEPRECATED(10.0, 10.14);
      |             ^
main.cpp:692:9: warning: 'glPushMatrix' is deprecated: first deprecated in macOS 10.14 - OpenGL API deprecated. (Define GL_SILENCE_DEPRECATION to silence these warnings) [-Wdeprecated-declarations]
  692 |         glPushMatrix();
      |         ^
/Library/Developer/CommandLineTools/SDKs/MacOSX.sdk/System/Library/Frameworks/OpenGL.framework/Headers/gl.h:2625:13: note: 'glPushMatrix' has been explicitly marked deprecated here
 2625 | extern void glPushMatrix (void) OPENGL_DEPRECATED(10.0, 10.14);
      |             ^
main.cpp:693:9: warning: 'glTranslatef' is deprecated: first deprecated in macOS 10.14 - OpenGL API deprecated. (Define GL_SILENCE_DEPRECATION to silence these warnings) [-Wdeprecated-declarations]
  693 |         glTranslatef(0, 5.6f, 0);
      |         ^
/Library/Developer/CommandLineTools/SDKs/MacOSX.sdk/System/Library/Frameworks/OpenGL.framework/Headers/gl.h:2729:13: note: 'glTranslatef' has been explicitly marked deprecated here
 2729 | extern void glTranslatef (GLfloat x, GLfloat y, GLfloat z) OPENGL_DEPRECATED(10.0, 10.14);
      |             ^
main.cpp:694:9: warning: 'glutSolidSphere' is deprecated: first deprecated in macOS 10.9 - OpenGL API deprecated. (Define GL_SILENCE_DEPRECATION to silence these warnings) [-Wdeprecated-declarations]
  694 |         glutSolidSphere(1.1, 14, 14);
      |         ^
/Library/Developer/CommandLineTools/SDKs/MacOSX.sdk/System/Library/Frameworks/GLUT.framework/Headers/glut.h:571:22: note: 'glutSolidSphere' has been explicitly marked deprecated here
  571 | extern void APIENTRY glutSolidSphere(GLdouble radius, GLint slices, GLint stacks) OPENGL_DEPRECATED(10_0, 10_9);
      |                      ^
main.cpp:695:9: warning: 'glPopMatrix' is deprecated: first deprecated in macOS 10.14 - OpenGL API deprecated. (Define GL_SILENCE_DEPRECATION to silence these warnings) [-Wdeprecated-declarations]
  695 |         glPopMatrix();
      |         ^
/Library/Developer/CommandLineTools/SDKs/MacOSX.sdk/System/Library/Frameworks/OpenGL.framework/Headers/gl.h:2620:13: note: 'glPopMatrix' has been explicitly marked deprecated here
 2620 | extern void glPopMatrix (void) OPENGL_DEPRECATED(10.0, 10.14);
      |             ^
main.cpp:696:9: warning: 'glPushMatrix' is deprecated: first deprecated in macOS 10.14 - OpenGL API deprecated. (Define GL_SILENCE_DEPRECATION to silence these warnings) [-Wdeprecated-declarations]
  696 |         glPushMatrix();
      |         ^
/Library/Developer/CommandLineTools/SDKs/MacOSX.sdk/System/Library/Frameworks/OpenGL.framework/Headers/gl.h:2625:13: note: 'glPushMatrix' has been explicitly marked deprecated here
 2625 | extern void glPushMatrix (void) OPENGL_DEPRECATED(10.0, 10.14);
      |             ^
main.cpp:697:9: warning: 'glTranslatef' is deprecated: first deprecated in macOS 10.14 - OpenGL API deprecated. (Define GL_SILENCE_DEPRECATION to silence these warnings) [-Wdeprecated-declarations]
  697 |         glTranslatef(0, -5.6f, 0);
      |         ^
/Library/Developer/CommandLineTools/SDKs/MacOSX.sdk/System/Library/Frameworks/OpenGL.framework/Headers/gl.h:2729:13: note: 'glTranslatef' has been explicitly marked deprecated here
 2729 | extern void glTranslatef (GLfloat x, GLfloat y, GLfloat z) OPENGL_DEPRECATED(10.0, 10.14);
      |             ^
main.cpp:698:9: warning: 'glutSolidSphere' is deprecated: first deprecated in macOS 10.9 - OpenGL API deprecated. (Define GL_SILENCE_DEPRECATION to silence these warnings) [-Wdeprecated-declarations]
  698 |         glutSolidSphere(1.1, 14, 14);
      |         ^
/Library/Developer/CommandLineTools/SDKs/MacOSX.sdk/System/Library/Frameworks/GLUT.framework/Headers/glut.h:571:22: note: 'glutSolidSphere' has been explicitly marked deprecated here
  571 | extern void APIENTRY glutSolidSphere(GLdouble radius, GLint slices, GLint stacks) OPENGL_DEPRECATED(10_0, 10_9);
      |                      ^
main.cpp:699:9: warning: 'glPopMatrix' is deprecated: first deprecated in macOS 10.14 - OpenGL API deprecated. (Define GL_SILENCE_DEPRECATION to silence these warnings) [-Wdeprecated-declarations]
  699 |         glPopMatrix();
      |         ^
/Library/Developer/CommandLineTools/SDKs/MacOSX.sdk/System/Library/Frameworks/OpenGL.framework/Headers/gl.h:2620:13: note: 'glPopMatrix' has been explicitly marked deprecated here
 2620 | extern void glPopMatrix (void) OPENGL_DEPRECATED(10.0, 10.14);
      |             ^
main.cpp:701:9: warning: 'glPopMatrix' is deprecated: first deprecated in macOS 10.14 - OpenGL API deprecated. (Define GL_SILENCE_DEPRECATION to silence these warnings) [-Wdeprecated-declarations]
  701 |         glPopMatrix();
      |         ^
/Library/Developer/CommandLineTools/SDKs/MacOSX.sdk/System/Library/Frameworks/OpenGL.framework/Headers/gl.h:2620:13: note: 'glPopMatrix' has been explicitly marked deprecated here
 2620 | extern void glPopMatrix (void) OPENGL_DEPRECATED(10.0, 10.14);
      |             ^
main.cpp:709:9: warning: 'glPushMatrix' is deprecated: first deprecated in macOS 10.14 - OpenGL API deprecated. (Define GL_SILENCE_DEPRECATION to silence these warnings) [-Wdeprecated-declarations]
  709 |         glPushMatrix();
      |         ^
/Library/Developer/CommandLineTools/SDKs/MacOSX.sdk/System/Library/Frameworks/OpenGL.framework/Headers/gl.h:2625:13: note: 'glPushMatrix' has been explicitly marked deprecated here
 2625 | extern void glPushMatrix (void) OPENGL_DEPRECATED(10.0, 10.14);
      |             ^
main.cpp:710:9: warning: 'glTranslatef' is deprecated: first deprecated in macOS 10.14 - OpenGL API deprecated. (Define GL_SILENCE_DEPRECATION to silence these warnings) [-Wdeprecated-declarations]
  710 |         glTranslatef(baseX, 0.15f, baseZ);
      |         ^
/Library/Developer/CommandLineTools/SDKs/MacOSX.sdk/System/Library/Frameworks/OpenGL.framework/Headers/gl.h:2729:13: note: 'glTranslatef' has been explicitly marked deprecated here
 2729 | extern void glTranslatef (GLfloat x, GLfloat y, GLfloat z) OPENGL_DEPRECATED(10.0, 10.14);
      |             ^
main.cpp:711:9: warning: 'glColor3f' is deprecated: first deprecated in macOS 10.14 - OpenGL API deprecated. (Define GL_SILENCE_DEPRECATION to silence these warnings) [-Wdeprecated-declarations]
  711 |         glColor3f(0.58f, 0.58f, 0.62f);
      |         ^
/Library/Developer/CommandLineTools/SDKs/MacOSX.sdk/System/Library/Frameworks/OpenGL.framework/Headers/gl.h:2405:13: note: 'glColor3f' has been explicitly marked deprecated here
 2405 | extern void glColor3f (GLfloat red, GLfloat green, GLfloat blue) OPENGL_DEPRECATED(10.0, 10.14);
      |             ^
main.cpp:713:9: warning: 'glPopMatrix' is deprecated: first deprecated in macOS 10.14 - OpenGL API deprecated. (Define GL_SILENCE_DEPRECATION to silence these warnings) [-Wdeprecated-declarations]
  713 |         glPopMatrix();
      |         ^
/Library/Developer/CommandLineTools/SDKs/MacOSX.sdk/System/Library/Frameworks/OpenGL.framework/Headers/gl.h:2620:13: note: 'glPopMatrix' has been explicitly marked deprecated here
 2620 | extern void glPopMatrix (void) OPENGL_DEPRECATED(10.0, 10.14);
      |             ^
main.cpp:720:9: warning: 'glPushMatrix' is deprecated: first deprecated in macOS 10.14 - OpenGL API deprecated. (Define GL_SILENCE_DEPRECATION to silence these warnings) [-Wdeprecated-declarations]
  720 |         glPushMatrix();
      |         ^
/Library/Developer/CommandLineTools/SDKs/MacOSX.sdk/System/Library/Frameworks/OpenGL.framework/Headers/gl.h:2625:13: note: 'glPushMatrix' has been explicitly marked deprecated here
 2625 | extern void glPushMatrix (void) OPENGL_DEPRECATED(10.0, 10.14);
      |             ^
main.cpp:721:9: warning: 'glTranslatef' is deprecated: first deprecated in macOS 10.14 - OpenGL API deprecated. (Define GL_SILENCE_DEPRECATION to silence these warnings) [-Wdeprecated-declarations]
  721 |         glTranslatef(baseX, 3.8f, baseZ);
      |         ^
/Library/Developer/CommandLineTools/SDKs/MacOSX.sdk/System/Library/Frameworks/OpenGL.framework/Headers/gl.h:2729:13: note: 'glTranslatef' has been explicitly marked deprecated here
 2729 | extern void glTranslatef (GLfloat x, GLfloat y, GLfloat z) OPENGL_DEPRECATED(10.0, 10.14);
      |             ^
main.cpp:722:9: warning: 'glColor3f' is deprecated: first deprecated in macOS 10.14 - OpenGL API deprecated. (Define GL_SILENCE_DEPRECATION to silence these warnings) [-Wdeprecated-declarations]
  722 |         glColor3f(0.7f, 0.7f, 0.73f);
      |         ^
/Library/Developer/CommandLineTools/SDKs/MacOSX.sdk/System/Library/Frameworks/OpenGL.framework/Headers/gl.h:2405:13: note: 'glColor3f' has been explicitly marked deprecated here
 2405 | extern void glColor3f (GLfloat red, GLfloat green, GLfloat blue) OPENGL_DEPRECATED(10.0, 10.14);
      |             ^
main.cpp:724:9: warning: 'glPopMatrix' is deprecated: first deprecated in macOS 10.14 - OpenGL API deprecated. (Define GL_SILENCE_DEPRECATION to silence these warnings) [-Wdeprecated-declarations]
  724 |         glPopMatrix();
      |         ^
/Library/Developer/CommandLineTools/SDKs/MacOSX.sdk/System/Library/Frameworks/OpenGL.framework/Headers/gl.h:2620:13: note: 'glPopMatrix' has been explicitly marked deprecated here
 2620 | extern void glPopMatrix (void) OPENGL_DEPRECATED(10.0, 10.14);
      |             ^
main.cpp:726:9: warning: 'glPushMatrix' is deprecated: first deprecated in macOS 10.14 - OpenGL API deprecated. (Define GL_SILENCE_DEPRECATION to silence these warnings) [-Wdeprecated-declarations]
  726 |         glPushMatrix();
      |         ^
/Library/Developer/CommandLineTools/SDKs/MacOSX.sdk/System/Library/Frameworks/OpenGL.framework/Headers/gl.h:2625:13: note: 'glPushMatrix' has been explicitly marked deprecated here
 2625 | extern void glPushMatrix (void) OPENGL_DEPRECATED(10.0, 10.14);
      |             ^
main.cpp:727:9: warning: 'glTranslatef' is deprecated: first deprecated in macOS 10.14 - OpenGL API deprecated. (Define GL_SILENCE_DEPRECATION to silence these warnings) [-Wdeprecated-declarations]
  727 |         glTranslatef(baseX, 8.8f, baseZ);
      |         ^
/Library/Developer/CommandLineTools/SDKs/MacOSX.sdk/System/Library/Frameworks/OpenGL.framework/Headers/gl.h:2729:13: note: 'glTranslatef' has been explicitly marked deprecated here
 2729 | extern void glTranslatef (GLfloat x, GLfloat y, GLfloat z) OPENGL_DEPRECATED(10.0, 10.14);
      |             ^
main.cpp:728:9: warning: 'glRotatef' is deprecated: first deprecated in macOS 10.14 - OpenGL API deprecated. (Define GL_SILENCE_DEPRECATION to silence these warnings) [-Wdeprecated-declarations]
  728 |         glRotatef(45.0f, 0, 0, 1);
      |         ^
/Library/Developer/CommandLineTools/SDKs/MacOSX.sdk/System/Library/Frameworks/OpenGL.framework/Headers/gl.h:2665:13: note: 'glRotatef' has been explicitly marked deprecated here
 2665 | extern void glRotatef (GLfloat angle, GLfloat x, GLfloat y, GLfloat z) OPENGL_DEPRECATED(10.0, 10.14);
      |             ^
main.cpp:730:9: warning: 'glColor3f' is deprecated: first deprecated in macOS 10.14 - OpenGL API deprecated. (Define GL_SILENCE_DEPRECATION to silence these warnings) [-Wdeprecated-declarations]
  730 |         glColor3f(0.9f, 0.12f, 0.12f);
      |         ^
/Library/Developer/CommandLineTools/SDKs/MacOSX.sdk/System/Library/Frameworks/OpenGL.framework/Headers/gl.h:2405:13: note: 'glColor3f' has been explicitly marked deprecated here
 2405 | extern void glColor3f (GLfloat red, GLfloat green, GLfloat blue) OPENGL_DEPRECATED(10.0, 10.14);
      |             ^
main.cpp:731:9: warning: 'glPushMatrix' is deprecated: first deprecated in macOS 10.14 - OpenGL API deprecated. (Define GL_SILENCE_DEPRECATION to silence these warnings) [-Wdeprecated-declarations]
  731 |         glPushMatrix();
      |         ^
/Library/Developer/CommandLineTools/SDKs/MacOSX.sdk/System/Library/Frameworks/OpenGL.framework/Headers/gl.h:2625:13: note: 'glPushMatrix' has been explicitly marked deprecated here
 2625 | extern void glPushMatrix (void) OPENGL_DEPRECATED(10.0, 10.14);
      |             ^
main.cpp:732:9: warning: 'glScalef' is deprecated: first deprecated in macOS 10.14 - OpenGL API deprecated. (Define GL_SILENCE_DEPRECATION to silence these warnings) [-Wdeprecated-declarations]
  732 |         glScalef(6.5f, 9.0f, 1.1f);
      |         ^
/Library/Developer/CommandLineTools/SDKs/MacOSX.sdk/System/Library/Frameworks/OpenGL.framework/Headers/gl.h:2667:13: note: 'glScalef' has been explicitly marked deprecated here
 2667 | extern void glScalef (GLfloat x, GLfloat y, GLfloat z) OPENGL_DEPRECATED(10.0, 10.14);
      |             ^
main.cpp:733:9: warning: 'glutSolidCube' is deprecated: first deprecated in macOS 10.9 - OpenGL API deprecated. (Define GL_SILENCE_DEPRECATION to silence these warnings) [-Wdeprecated-declarations]
  733 |         glutSolidCube(1.0f);
      |         ^
/Library/Developer/CommandLineTools/SDKs/MacOSX.sdk/System/Library/Frameworks/GLUT.framework/Headers/glut.h:575:22: note: 'glutSolidCube' has been explicitly marked deprecated here
  575 | extern void APIENTRY glutSolidCube(GLdouble size) OPENGL_DEPRECATED(10_0, 10_9);
      |                      ^
main.cpp:734:9: warning: 'glPopMatrix' is deprecated: first deprecated in macOS 10.14 - OpenGL API deprecated. (Define GL_SILENCE_DEPRECATION to silence these warnings) [-Wdeprecated-declarations]
  734 |         glPopMatrix();
      |         ^
/Library/Developer/CommandLineTools/SDKs/MacOSX.sdk/System/Library/Frameworks/OpenGL.framework/Headers/gl.h:2620:13: note: 'glPopMatrix' has been explicitly marked deprecated here
 2620 | extern void glPopMatrix (void) OPENGL_DEPRECATED(10.0, 10.14);
      |             ^
main.cpp:736:9: warning: 'glColor3f' is deprecated: first deprecated in macOS 10.14 - OpenGL API deprecated. (Define GL_SILENCE_DEPRECATION to silence these warnings) [-Wdeprecated-declarations]
  736 |         glColor3f(1.0f, 0.9f, 0.0f);
      |         ^
/Library/Developer/CommandLineTools/SDKs/MacOSX.sdk/System/Library/Frameworks/OpenGL.framework/Headers/gl.h:2405:13: note: 'glColor3f' has been explicitly marked deprecated here
 2405 | extern void glColor3f (GLfloat red, GLfloat green, GLfloat blue) OPENGL_DEPRECATED(10.0, 10.14);
      |             ^
main.cpp:737:9: warning: 'glPushMatrix' is deprecated: first deprecated in macOS 10.14 - OpenGL API deprecated. (Define GL_SILENCE_DEPRECATION to silence these warnings) [-Wdeprecated-declarations]
  737 |         glPushMatrix();
      |         ^
/Library/Developer/CommandLineTools/SDKs/MacOSX.sdk/System/Library/Frameworks/OpenGL.framework/Headers/gl.h:2625:13: note: 'glPushMatrix' has been explicitly marked deprecated here
 2625 | extern void glPushMatrix (void) OPENGL_DEPRECATED(10.0, 10.14);
      |             ^
main.cpp:738:9: warning: 'glScalef' is deprecated: first deprecated in macOS 10.14 - OpenGL API deprecated. (Define GL_SILENCE_DEPRECATION to silence these warnings) [-Wdeprecated-declarations]
  738 |         glScalef(6.9f, 9.4f, 1.0f);
      |         ^
/Library/Developer/CommandLineTools/SDKs/MacOSX.sdk/System/Library/Frameworks/OpenGL.framework/Headers/gl.h:2667:13: note: 'glScalef' has been explicitly marked deprecated here
 2667 | extern void glScalef (GLfloat x, GLfloat y, GLfloat z) OPENGL_DEPRECATED(10.0, 10.14);
      |             ^
main.cpp:739:9: warning: 'glutWireCube' is deprecated: first deprecated in macOS 10.9 - OpenGL API deprecated. (Define GL_SILENCE_DEPRECATION to silence these warnings) [-Wdeprecated-declarations]
  739 |         glutWireCube(1.0f);
      |         ^
/Library/Developer/CommandLineTools/SDKs/MacOSX.sdk/System/Library/Frameworks/GLUT.framework/Headers/glut.h:574:22: note: 'glutWireCube' has been explicitly marked deprecated here
  574 | extern void APIENTRY glutWireCube(GLdouble size) OPENGL_DEPRECATED(10_0, 10_9);
      |                      ^
main.cpp:740:9: warning: 'glPopMatrix' is deprecated: first deprecated in macOS 10.14 - OpenGL API deprecated. (Define GL_SILENCE_DEPRECATION to silence these warnings) [-Wdeprecated-declarations]
  740 |         glPopMatrix();
      |         ^
/Library/Developer/CommandLineTools/SDKs/MacOSX.sdk/System/Library/Frameworks/OpenGL.framework/Headers/gl.h:2620:13: note: 'glPopMatrix' has been explicitly marked deprecated here
 2620 | extern void glPopMatrix (void) OPENGL_DEPRECATED(10.0, 10.14);
      |             ^
main.cpp:742:9: warning: 'glPopMatrix' is deprecated: first deprecated in macOS 10.14 - OpenGL API deprecated. (Define GL_SILENCE_DEPRECATION to silence these warnings) [-Wdeprecated-declarations]
  742 |         glPopMatrix();
      |         ^
/Library/Developer/CommandLineTools/SDKs/MacOSX.sdk/System/Library/Frameworks/OpenGL.framework/Headers/gl.h:2620:13: note: 'glPopMatrix' has been explicitly marked deprecated here
 2620 | extern void glPopMatrix (void) OPENGL_DEPRECATED(10.0, 10.14);
      |             ^
main.cpp:744:9: warning: 'glPushMatrix' is deprecated: first deprecated in macOS 10.14 - OpenGL API deprecated. (Define GL_SILENCE_DEPRECATION to silence these warnings) [-Wdeprecated-declarations]
  744 |         glPushMatrix();
      |         ^
/Library/Developer/CommandLineTools/SDKs/MacOSX.sdk/System/Library/Frameworks/OpenGL.framework/Headers/gl.h:2625:13: note: 'glPushMatrix' has been explicitly marked deprecated here
 2625 | extern void glPushMatrix (void) OPENGL_DEPRECATED(10.0, 10.14);
      |             ^
main.cpp:745:9: warning: 'glTranslatef' is deprecated: first deprecated in macOS 10.14 - OpenGL API deprecated. (Define GL_SILENCE_DEPRECATION to silence these warnings) [-Wdeprecated-declarations]
  745 |         glTranslatef(baseX, 8.8f, baseZ + 1.0f);
      |         ^
/Library/Developer/CommandLineTools/SDKs/MacOSX.sdk/System/Library/Frameworks/OpenGL.framework/Headers/gl.h:2729:13: note: 'glTranslatef' has been explicitly marked deprecated here
 2729 | extern void glTranslatef (GLfloat x, GLfloat y, GLfloat z) OPENGL_DEPRECATED(10.0, 10.14);
      |             ^
main.cpp:746:9: warning: 'glColor3f' is deprecated: first deprecated in macOS 10.14 - OpenGL API deprecated. (Define GL_SILENCE_DEPRECATION to silence these warnings) [-Wdeprecated-declarations]
  746 |         glColor3f(1.0f, 0.9f, 0.0f);
      |         ^
/Library/Developer/CommandLineTools/SDKs/MacOSX.sdk/System/Library/Frameworks/OpenGL.framework/Headers/gl.h:2405:13: note: 'glColor3f' has been explicitly marked deprecated here
 2405 | extern void glColor3f (GLfloat red, GLfloat green, GLfloat blue) OPENGL_DEPRECATED(10.0, 10.14);
      |             ^
main.cpp:748:9: warning: 'glPushMatrix' is deprecated: first deprecated in macOS 10.14 - OpenGL API deprecated. (Define GL_SILENCE_DEPRECATION to silence these warnings) [-Wdeprecated-declarations]
  748 |         glPushMatrix();
      |         ^
/Library/Developer/CommandLineTools/SDKs/MacOSX.sdk/System/Library/Frameworks/OpenGL.framework/Headers/gl.h:2625:13: note: 'glPushMatrix' has been explicitly marked deprecated here
 2625 | extern void glPushMatrix (void) OPENGL_DEPRECATED(10.0, 10.14);
      |             ^
main.cpp:749:9: warning: 'glTranslatef' is deprecated: first deprecated in macOS 10.14 - OpenGL API deprecated. (Define GL_SILENCE_DEPRECATION to silence these warnings) [-Wdeprecated-declarations]
  749 |         glTranslatef(0, 1.8f, 0);
      |         ^
/Library/Developer/CommandLineTools/SDKs/MacOSX.sdk/System/Library/Frameworks/OpenGL.framework/Headers/gl.h:2729:13: note: 'glTranslatef' has been explicitly marked deprecated here
 2729 | extern void glTranslatef (GLfloat x, GLfloat y, GLfloat z) OPENGL_DEPRECATED(10.0, 10.14);
      |             ^
main.cpp:750:9: warning: 'glScalef' is deprecated: first deprecated in macOS 10.14 - OpenGL API deprecated. (Define GL_SILENCE_DEPRECATION to silence these warnings) [-Wdeprecated-declarations]
  750 |         glScalef(2.4f, 0.9f, 0.35f);
      |         ^
/Library/Developer/CommandLineTools/SDKs/MacOSX.sdk/System/Library/Frameworks/OpenGL.framework/Headers/gl.h:2667:13: note: 'glScalef' has been explicitly marked deprecated here
 2667 | extern void glScalef (GLfloat x, GLfloat y, GLfloat z) OPENGL_DEPRECATED(10.0, 10.14);
      |             ^
main.cpp:751:9: warning: 'glutSolidSphere' is deprecated: first deprecated in macOS 10.9 - OpenGL API deprecated. (Define GL_SILENCE_DEPRECATION to silence these warnings) [-Wdeprecated-declarations]
  751 |         glutSolidSphere(1.0, 12, 12);
      |         ^
/Library/Developer/CommandLineTools/SDKs/MacOSX.sdk/System/Library/Frameworks/GLUT.framework/Headers/glut.h:571:22: note: 'glutSolidSphere' has been explicitly marked deprecated here
  571 | extern void APIENTRY glutSolidSphere(GLdouble radius, GLint slices, GLint stacks) OPENGL_DEPRECATED(10_0, 10_9);
      |                      ^
main.cpp:752:9: warning: 'glPopMatrix' is deprecated: first deprecated in macOS 10.14 - OpenGL API deprecated. (Define GL_SILENCE_DEPRECATION to silence these warnings) [-Wdeprecated-declarations]
  752 |         glPopMatrix();
      |         ^
/Library/Developer/CommandLineTools/SDKs/MacOSX.sdk/System/Library/Frameworks/OpenGL.framework/Headers/gl.h:2620:13: note: 'glPopMatrix' has been explicitly marked deprecated here
 2620 | extern void glPopMatrix (void) OPENGL_DEPRECATED(10.0, 10.14);
      |             ^
main.cpp:754:9: warning: 'glPushMatrix' is deprecated: first deprecated in macOS 10.14 - OpenGL API deprecated. (Define GL_SILENCE_DEPRECATION to silence these warnings) [-Wdeprecated-declarations]
  754 |         glPushMatrix();
      |         ^
/Library/Developer/CommandLineTools/SDKs/MacOSX.sdk/System/Library/Frameworks/OpenGL.framework/Headers/gl.h:2625:13: note: 'glPushMatrix' has been explicitly marked deprecated here
 2625 | extern void glPushMatrix (void) OPENGL_DEPRECATED(10.0, 10.14);
      |             ^
main.cpp:755:9: warning: 'glScalef' is deprecated: first deprecated in macOS 10.14 - OpenGL API deprecated. (Define GL_SILENCE_DEPRECATION to silence these warnings) [-Wdeprecated-declarations]
  755 |         glScalef(3.0f, 0.8f, 0.35f);
      |         ^
/Library/Developer/CommandLineTools/SDKs/MacOSX.sdk/System/Library/Frameworks/OpenGL.framework/Headers/gl.h:2667:13: note: 'glScalef' has been explicitly marked deprecated here
 2667 | extern void glScalef (GLfloat x, GLfloat y, GLfloat z) OPENGL_DEPRECATED(10.0, 10.14);
      |             ^
main.cpp:756:9: warning: 'glutSolidCube' is deprecated: first deprecated in macOS 10.9 - OpenGL API deprecated. (Define GL_SILENCE_DEPRECATION to silence these warnings) [-Wdeprecated-declarations]
  756 |         glutSolidCube(1.0f);
      |         ^
/Library/Developer/CommandLineTools/SDKs/MacOSX.sdk/System/Library/Frameworks/GLUT.framework/Headers/glut.h:575:22: note: 'glutSolidCube' has been explicitly marked deprecated here
  575 | extern void APIENTRY glutSolidCube(GLdouble size) OPENGL_DEPRECATED(10_0, 10_9);
      |                      ^
main.cpp:757:9: warning: 'glPopMatrix' is deprecated: first deprecated in macOS 10.14 - OpenGL API deprecated. (Define GL_SILENCE_DEPRECATION to silence these warnings) [-Wdeprecated-declarations]
  757 |         glPopMatrix();
      |         ^
/Library/Developer/CommandLineTools/SDKs/MacOSX.sdk/System/Library/Frameworks/OpenGL.framework/Headers/gl.h:2620:13: note: 'glPopMatrix' has been explicitly marked deprecated here
 2620 | extern void glPopMatrix (void) OPENGL_DEPRECATED(10.0, 10.14);
      |             ^
main.cpp:759:9: warning: 'glPushMatrix' is deprecated: first deprecated in macOS 10.14 - OpenGL API deprecated. (Define GL_SILENCE_DEPRECATION to silence these warnings) [-Wdeprecated-declarations]
  759 |         glPushMatrix();
      |         ^
/Library/Developer/CommandLineTools/SDKs/MacOSX.sdk/System/Library/Frameworks/OpenGL.framework/Headers/gl.h:2625:13: note: 'glPushMatrix' has been explicitly marked deprecated here
 2625 | extern void glPushMatrix (void) OPENGL_DEPRECATED(10.0, 10.14);
      |             ^
main.cpp:760:9: warning: 'glTranslatef' is deprecated: first deprecated in macOS 10.14 - OpenGL API deprecated. (Define GL_SILENCE_DEPRECATION to silence these warnings) [-Wdeprecated-declarations]
  760 |         glTranslatef(0, -1.8f, 0);
      |         ^
/Library/Developer/CommandLineTools/SDKs/MacOSX.sdk/System/Library/Frameworks/OpenGL.framework/Headers/gl.h:2729:13: note: 'glTranslatef' has been explicitly marked deprecated here
 2729 | extern void glTranslatef (GLfloat x, GLfloat y, GLfloat z) OPENGL_DEPRECATED(10.0, 10.14);
      |             ^
main.cpp:761:9: warning: 'glScalef' is deprecated: first deprecated in macOS 10.14 - OpenGL API deprecated. (Define GL_SILENCE_DEPRECATION to silence these warnings) [-Wdeprecated-declarations]
  761 |         glScalef(2.4f, 0.9f, 0.35f);
      |         ^
/Library/Developer/CommandLineTools/SDKs/MacOSX.sdk/System/Library/Frameworks/OpenGL.framework/Headers/gl.h:2667:13: note: 'glScalef' has been explicitly marked deprecated here
 2667 | extern void glScalef (GLfloat x, GLfloat y, GLfloat z) OPENGL_DEPRECATED(10.0, 10.14);
      |             ^
main.cpp:762:9: warning: 'glutSolidSphere' is deprecated: first deprecated in macOS 10.9 - OpenGL API deprecated. (Define GL_SILENCE_DEPRECATION to silence these warnings) [-Wdeprecated-declarations]
  762 |         glutSolidSphere(1.0, 12, 12);
      |         ^
/Library/Developer/CommandLineTools/SDKs/MacOSX.sdk/System/Library/Frameworks/GLUT.framework/Headers/glut.h:571:22: note: 'glutSolidSphere' has been explicitly marked deprecated here
  571 | extern void APIENTRY glutSolidSphere(GLdouble radius, GLint slices, GLint stacks) OPENGL_DEPRECATED(10_0, 10_9);
      |                      ^
main.cpp:763:9: warning: 'glPopMatrix' is deprecated: first deprecated in macOS 10.14 - OpenGL API deprecated. (Define GL_SILENCE_DEPRECATION to silence these warnings) [-Wdeprecated-declarations]
  763 |         glPopMatrix();
      |         ^
/Library/Developer/CommandLineTools/SDKs/MacOSX.sdk/System/Library/Frameworks/OpenGL.framework/Headers/gl.h:2620:13: note: 'glPopMatrix' has been explicitly marked deprecated here
 2620 | extern void glPopMatrix (void) OPENGL_DEPRECATED(10.0, 10.14);
      |             ^
main.cpp:765:9: warning: 'glPopMatrix' is deprecated: first deprecated in macOS 10.14 - OpenGL API deprecated. (Define GL_SILENCE_DEPRECATION to silence these warnings) [-Wdeprecated-declarations]
  765 |         glPopMatrix();
      |         ^
/Library/Developer/CommandLineTools/SDKs/MacOSX.sdk/System/Library/Frameworks/OpenGL.framework/Headers/gl.h:2620:13: note: 'glPopMatrix' has been explicitly marked deprecated here
 2620 | extern void glPopMatrix (void) OPENGL_DEPRECATED(10.0, 10.14);
      |             ^
main.cpp:773:9: warning: 'glPushMatrix' is deprecated: first deprecated in macOS 10.14 - OpenGL API deprecated. (Define GL_SILENCE_DEPRECATION to silence these warnings) [-Wdeprecated-declarations]
  773 |         glPushMatrix();
      |         ^
/Library/Developer/CommandLineTools/SDKs/MacOSX.sdk/System/Library/Frameworks/OpenGL.framework/Headers/gl.h:2625:13: note: 'glPushMatrix' has been explicitly marked deprecated here
 2625 | extern void glPushMatrix (void) OPENGL_DEPRECATED(10.0, 10.14);
      |             ^
main.cpp:774:9: warning: 'glTranslatef' is deprecated: first deprecated in macOS 10.14 - OpenGL API deprecated. (Define GL_SILENCE_DEPRECATION to silence these warnings) [-Wdeprecated-declarations]
  774 |         glTranslatef(baseX, 0.12f, baseZ);
      |         ^
/Library/Developer/CommandLineTools/SDKs/MacOSX.sdk/System/Library/Frameworks/OpenGL.framework/Headers/gl.h:2729:13: note: 'glTranslatef' has been explicitly marked deprecated here
 2729 | extern void glTranslatef (GLfloat x, GLfloat y, GLfloat z) OPENGL_DEPRECATED(10.0, 10.14);
      |             ^
main.cpp:775:9: warning: 'glColor3f' is deprecated: first deprecated in macOS 10.14 - OpenGL API deprecated. (Define GL_SILENCE_DEPRECATION to silence these warnings) [-Wdeprecated-declarations]
  775 |         glColor3f(0.57f, 0.57f, 0.6f);
      |         ^
/Library/Developer/CommandLineTools/SDKs/MacOSX.sdk/System/Library/Frameworks/OpenGL.framework/Headers/gl.h:2405:13: note: 'glColor3f' has been explicitly marked deprecated here
 2405 | extern void glColor3f (GLfloat red, GLfloat green, GLfloat blue) OPENGL_DEPRECATED(10.0, 10.14);
      |             ^
main.cpp:777:9: warning: 'glPopMatrix' is deprecated: first deprecated in macOS 10.14 - OpenGL API deprecated. (Define GL_SILENCE_DEPRECATION to silence these warnings) [-Wdeprecated-declarations]
  777 |         glPopMatrix();
      |         ^
/Library/Developer/CommandLineTools/SDKs/MacOSX.sdk/System/Library/Frameworks/OpenGL.framework/Headers/gl.h:2620:13: note: 'glPopMatrix' has been explicitly marked deprecated here
 2620 | extern void glPopMatrix (void) OPENGL_DEPRECATED(10.0, 10.14);
      |             ^
main.cpp:789:13: warning: 'glPushMatrix' is deprecated: first deprecated in macOS 10.14 - OpenGL API deprecated. (Define GL_SILENCE_DEPRECATION to silence these warnings) [-Wdeprecated-declarations]
  789 |             glPushMatrix();
      |             ^
/Library/Developer/CommandLineTools/SDKs/MacOSX.sdk/System/Library/Frameworks/OpenGL.framework/Headers/gl.h:2625:13: note: 'glPushMatrix' has been explicitly marked deprecated here
 2625 | extern void glPushMatrix (void) OPENGL_DEPRECATED(10.0, 10.14);
      |             ^
main.cpp:790:13: warning: 'glTranslatef' is deprecated: first deprecated in macOS 10.14 - OpenGL API deprecated. (Define GL_SILENCE_DEPRECATION to silence these warnings) [-Wdeprecated-declarations]
  790 |             glTranslatef(baseX + offsetX, 0.0f, baseZ + offsetZ);
      |             ^
/Library/Developer/CommandLineTools/SDKs/MacOSX.sdk/System/Library/Frameworks/OpenGL.framework/Headers/gl.h:2729:13: note: 'glTranslatef' has been explicitly marked deprecated here
 2729 | extern void glTranslatef (GLfloat x, GLfloat y, GLfloat z) OPENGL_DEPRECATED(10.0, 10.14);
      |             ^
main.cpp:792:13: warning: 'glColor3f' is deprecated: first deprecated in macOS 10.14 - OpenGL API deprecated. (Define GL_SILENCE_DEPRECATION to silence these warnings) [-Wdeprecated-declarations]
  792 |             glColor3f(0.66f, 0.66f, 0.7f);
      |             ^
/Library/Developer/CommandLineTools/SDKs/MacOSX.sdk/System/Library/Frameworks/OpenGL.framework/Headers/gl.h:2405:13: note: 'glColor3f' has been explicitly marked deprecated here
 2405 | extern void glColor3f (GLfloat red, GLfloat green, GLfloat blue) OPENGL_DEPRECATED(10.0, 10.14);
      |             ^
main.cpp:793:13: warning: 'glPushMatrix' is deprecated: first deprecated in macOS 10.14 - OpenGL API deprecated. (Define GL_SILENCE_DEPRECATION to silence these warnings) [-Wdeprecated-declarations]
  793 |             glPushMatrix();
      |             ^
/Library/Developer/CommandLineTools/SDKs/MacOSX.sdk/System/Library/Frameworks/OpenGL.framework/Headers/gl.h:2625:13: note: 'glPushMatrix' has been explicitly marked deprecated here
 2625 | extern void glPushMatrix (void) OPENGL_DEPRECATED(10.0, 10.14);
      |             ^
main.cpp:794:13: warning: 'glTranslatef' is deprecated: first deprecated in macOS 10.14 - OpenGL API deprecated. (Define GL_SILENCE_DEPRECATION to silence these warnings) [-Wdeprecated-declarations]
  794 |             glTranslatef(0, 0.9f, 0);
      |             ^
/Library/Developer/CommandLineTools/SDKs/MacOSX.sdk/System/Library/Frameworks/OpenGL.framework/Headers/gl.h:2729:13: note: 'glTranslatef' has been explicitly marked deprecated here
 2729 | extern void glTranslatef (GLfloat x, GLfloat y, GLfloat z) OPENGL_DEPRECATED(10.0, 10.14);
      |             ^
main.cpp:796:13: warning: 'glPopMatrix' is deprecated: first deprecated in macOS 10.14 - OpenGL API deprecated. (Define GL_SILENCE_DEPRECATION to silence these warnings) [-Wdeprecated-declarations]
  796 |             glPopMatrix();
      |             ^
/Library/Developer/CommandLineTools/SDKs/MacOSX.sdk/System/Library/Frameworks/OpenGL.framework/Headers/gl.h:2620:13: note: 'glPopMatrix' has been explicitly marked deprecated here
 2620 | extern void glPopMatrix (void) OPENGL_DEPRECATED(10.0, 10.14);
      |             ^
main.cpp:798:13: warning: 'glColor3f' is deprecated: first deprecated in macOS 10.14 - OpenGL API deprecated. (Define GL_SILENCE_DEPRECATION to silence these warnings) [-Wdeprecated-declarations]
  798 |             glColor3f(0.8f, 0.25f, 0.85f);
      |             ^
/Library/Developer/CommandLineTools/SDKs/MacOSX.sdk/System/Library/Frameworks/OpenGL.framework/Headers/gl.h:2405:13: note: 'glColor3f' has been explicitly marked deprecated here
 2405 | extern void glColor3f (GLfloat red, GLfloat green, GLfloat blue) OPENGL_DEPRECATED(10.0, 10.14);
      |             ^
main.cpp:800:17: warning: 'glPushMatrix' is deprecated: first deprecated in macOS 10.14 - OpenGL API deprecated. (Define GL_SILENCE_DEPRECATION to silence these warnings) [-Wdeprecated-declarations]
  800 |                 glPushMatrix();
      |                 ^
/Library/Developer/CommandLineTools/SDKs/MacOSX.sdk/System/Library/Frameworks/OpenGL.framework/Headers/gl.h:2625:13: note: 'glPushMatrix' has been explicitly marked deprecated here
 2625 | extern void glPushMatrix (void) OPENGL_DEPRECATED(10.0, 10.14);
      |             ^
main.cpp:801:17: warning: 'glTranslatef' is deprecated: first deprecated in macOS 10.14 - OpenGL API deprecated. (Define GL_SILENCE_DEPRECATION to silence these warnings) [-Wdeprecated-declarations]
  801 |                 glTranslatef(0, 1.6f + j * 2.0f, 0);
      |                 ^
/Library/Developer/CommandLineTools/SDKs/MacOSX.sdk/System/Library/Frameworks/OpenGL.framework/Headers/gl.h:2729:13: note: 'glTranslatef' has been explicitly marked deprecated here
 2729 | extern void glTranslatef (GLfloat x, GLfloat y, GLfloat z) OPENGL_DEPRECATED(10.0, 10.14);
      |             ^
main.cpp:802:17: warning: 'glRotatef' is deprecated: first deprecated in macOS 10.14 - OpenGL API deprecated. (Define GL_SILENCE_DEPRECATION to silence these warnings) [-Wdeprecated-declarations]
  802 |                 glRotatef(20.0f * j + frameCount * 0.12f, 0, 1, 0);
      |                 ^
/Library/Developer/CommandLineTools/SDKs/MacOSX.sdk/System/Library/Frameworks/OpenGL.framework/Headers/gl.h:2665:13: note: 'glRotatef' has been explicitly marked deprecated here
 2665 | extern void glRotatef (GLfloat angle, GLfloat x, GLfloat y, GLfloat z) OPENGL_DEPRECATED(10.0, 10.14);
      |             ^
main.cpp:803:17: warning: 'glScalef' is deprecated: first deprecated in macOS 10.14 - OpenGL API deprecated. (Define GL_SILENCE_DEPRECATION to silence these warnings) [-Wdeprecated-declarations]
  803 |                 glScalef(1.7f - j * 0.2f, 1.6f, 1.7f - j * 0.2f);
      |                 ^
/Library/Developer/CommandLineTools/SDKs/MacOSX.sdk/System/Library/Frameworks/OpenGL.framework/Headers/gl.h:2667:13: note: 'glScalef' has been explicitly marked deprecated here
 2667 | extern void glScalef (GLfloat x, GLfloat y, GLfloat z) OPENGL_DEPRECATED(10.0, 10.14);
      |             ^
main.cpp:804:17: warning: 'glutSolidCube' is deprecated: first deprecated in macOS 10.9 - OpenGL API deprecated. (Define GL_SILENCE_DEPRECATION to silence these warnings) [-Wdeprecated-declarations]
  804 |                 glutSolidCube(1.0f);
      |                 ^
/Library/Developer/CommandLineTools/SDKs/MacOSX.sdk/System/Library/Frameworks/GLUT.framework/Headers/glut.h:575:22: note: 'glutSolidCube' has been explicitly marked deprecated here
  575 | extern void APIENTRY glutSolidCube(GLdouble size) OPENGL_DEPRECATED(10_0, 10_9);
      |                      ^
main.cpp:805:17: warning: 'glPopMatrix' is deprecated: first deprecated in macOS 10.14 - OpenGL API deprecated. (Define GL_SILENCE_DEPRECATION to silence these warnings) [-Wdeprecated-declarations]
  805 |                 glPopMatrix();
      |                 ^
/Library/Developer/CommandLineTools/SDKs/MacOSX.sdk/System/Library/Frameworks/OpenGL.framework/Headers/gl.h:2620:13: note: 'glPopMatrix' has been explicitly marked deprecated here
 2620 | extern void glPopMatrix (void) OPENGL_DEPRECATED(10.0, 10.14);
      |             ^
main.cpp:808:13: warning: 'glPopMatrix' is deprecated: first deprecated in macOS 10.14 - OpenGL API deprecated. (Define GL_SILENCE_DEPRECATION to silence these warnings) [-Wdeprecated-declarations]
  808 |             glPopMatrix();
      |             ^
/Library/Developer/CommandLineTools/SDKs/MacOSX.sdk/System/Library/Frameworks/OpenGL.framework/Headers/gl.h:2620:13: note: 'glPopMatrix' has been explicitly marked deprecated here
 2620 | extern void glPopMatrix (void) OPENGL_DEPRECATED(10.0, 10.14);
      |             ^
main.cpp:817:9: warning: 'glPushMatrix' is deprecated: first deprecated in macOS 10.14 - OpenGL API deprecated. (Define GL_SILENCE_DEPRECATION to silence these warnings) [-Wdeprecated-declarations]
  817 |         glPushMatrix();
      |         ^
/Library/Developer/CommandLineTools/SDKs/MacOSX.sdk/System/Library/Frameworks/OpenGL.framework/Headers/gl.h:2625:13: note: 'glPushMatrix' has been explicitly marked deprecated here
 2625 | extern void glPushMatrix (void) OPENGL_DEPRECATED(10.0, 10.14);
      |             ^
main.cpp:818:9: warning: 'glTranslatef' is deprecated: first deprecated in macOS 10.14 - OpenGL API deprecated. (Define GL_SILENCE_DEPRECATION to silence these warnings) [-Wdeprecated-declarations]
  818 |         glTranslatef(baseX, 0.18f, baseZ);
      |         ^
/Library/Developer/CommandLineTools/SDKs/MacOSX.sdk/System/Library/Frameworks/OpenGL.framework/Headers/gl.h:2729:13: note: 'glTranslatef' has been explicitly marked deprecated here
 2729 | extern void glTranslatef (GLfloat x, GLfloat y, GLfloat z) OPENGL_DEPRECATED(10.0, 10.14);
      |             ^
main.cpp:819:9: warning: 'glColor3f' is deprecated: first deprecated in macOS 10.14 - OpenGL API deprecated. (Define GL_SILENCE_DEPRECATION to silence these warnings) [-Wdeprecated-declarations]
  819 |         glColor3f(0.58f, 0.58f, 0.61f);
      |         ^
/Library/Developer/CommandLineTools/SDKs/MacOSX.sdk/System/Library/Frameworks/OpenGL.framework/Headers/gl.h:2405:13: note: 'glColor3f' has been explicitly marked deprecated here
 2405 | extern void glColor3f (GLfloat red, GLfloat green, GLfloat blue) OPENGL_DEPRECATED(10.0, 10.14);
      |             ^
main.cpp:821:9: warning: 'glPopMatrix' is deprecated: first deprecated in macOS 10.14 - OpenGL API deprecated. (Define GL_SILENCE_DEPRECATION to silence these warnings) [-Wdeprecated-declarations]
  821 |         glPopMatrix();
      |         ^
/Library/Developer/CommandLineTools/SDKs/MacOSX.sdk/System/Library/Frameworks/OpenGL.framework/Headers/gl.h:2620:13: note: 'glPopMatrix' has been explicitly marked deprecated here
 2620 | extern void glPopMatrix (void) OPENGL_DEPRECATED(10.0, 10.14);
      |             ^
main.cpp:828:13: warning: 'glPushMatrix' is deprecated: first deprecated in macOS 10.14 - OpenGL API deprecated. (Define GL_SILENCE_DEPRECATION to silence these warnings) [-Wdeprecated-declarations]
  828 |             glPushMatrix();
      |             ^
/Library/Developer/CommandLineTools/SDKs/MacOSX.sdk/System/Library/Frameworks/OpenGL.framework/Headers/gl.h:2625:13: note: 'glPushMatrix' has been explicitly marked deprecated here
 2625 | extern void glPushMatrix (void) OPENGL_DEPRECATED(10.0, 10.14);
      |             ^
main.cpp:829:13: warning: 'glTranslatef' is deprecated: first deprecated in macOS 10.14 - OpenGL API deprecated. (Define GL_SILENCE_DEPRECATION to silence these warnings) [-Wdeprecated-declarations]
  829 |             glTranslatef(baseX + off, 0.0f, baseZ);
      |             ^
/Library/Developer/CommandLineTools/SDKs/MacOSX.sdk/System/Library/Frameworks/OpenGL.framework/Headers/gl.h:2729:13: note: 'glTranslatef' has been explicitly marked deprecated here
 2729 | extern void glTranslatef (GLfloat x, GLfloat y, GLfloat z) OPENGL_DEPRECATED(10.0, 10.14);
      |             ^
main.cpp:831:13: warning: 'glColor3f' is deprecated: first deprecated in macOS 10.14 - OpenGL API deprecated. (Define GL_SILENCE_DEPRECATION to silence these warnings) [-Wdeprecated-declarations]
  831 |             glColor3f(0.7f, 0.7f, 0.72f);
      |             ^
/Library/Developer/CommandLineTools/SDKs/MacOSX.sdk/System/Library/Frameworks/OpenGL.framework/Headers/gl.h:2405:13: note: 'glColor3f' has been explicitly marked deprecated here
 2405 | extern void glColor3f (GLfloat red, GLfloat green, GLfloat blue) OPENGL_DEPRECATED(10.0, 10.14);
      |             ^
main.cpp:832:13: warning: 'glPushMatrix' is deprecated: first deprecated in macOS 10.14 - OpenGL API deprecated. (Define GL_SILENCE_DEPRECATION to silence these warnings) [-Wdeprecated-declarations]
  832 |             glPushMatrix();
      |             ^
/Library/Developer/CommandLineTools/SDKs/MacOSX.sdk/System/Library/Frameworks/OpenGL.framework/Headers/gl.h:2625:13: note: 'glPushMatrix' has been explicitly marked deprecated here
 2625 | extern void glPushMatrix (void) OPENGL_DEPRECATED(10.0, 10.14);
      |             ^
main.cpp:833:13: warning: 'glTranslatef' is deprecated: first deprecated in macOS 10.14 - OpenGL API deprecated. (Define GL_SILENCE_DEPRECATION to silence these warnings) [-Wdeprecated-declarations]
  833 |             glTranslatef(0, 0.9f, 0);
      |             ^
/Library/Developer/CommandLineTools/SDKs/MacOSX.sdk/System/Library/Frameworks/OpenGL.framework/Headers/gl.h:2729:13: note: 'glTranslatef' has been explicitly marked deprecated here
 2729 | extern void glTranslatef (GLfloat x, GLfloat y, GLfloat z) OPENGL_DEPRECATED(10.0, 10.14);
      |             ^
main.cpp:835:13: warning: 'glPopMatrix' is deprecated: first deprecated in macOS 10.14 - OpenGL API deprecated. (Define GL_SILENCE_DEPRECATION to silence these warnings) [-Wdeprecated-declarations]
  835 |             glPopMatrix();
      |             ^
/Library/Developer/CommandLineTools/SDKs/MacOSX.sdk/System/Library/Frameworks/OpenGL.framework/Headers/gl.h:2620:13: note: 'glPopMatrix' has been explicitly marked deprecated here
 2620 | extern void glPopMatrix (void) OPENGL_DEPRECATED(10.0, 10.14);
      |             ^
main.cpp:837:13: warning: 'glColor3f' is deprecated: first deprecated in macOS 10.14 - OpenGL API deprecated. (Define GL_SILENCE_DEPRECATION to silence these warnings) [-Wdeprecated-declarations]
  837 |             glColor3f(0.78f, 0.75f, 0.71f);
      |             ^
/Library/Developer/CommandLineTools/SDKs/MacOSX.sdk/System/Library/Frameworks/OpenGL.framework/Headers/gl.h:2405:13: note: 'glColor3f' has been explicitly marked deprecated here
 2405 | extern void glColor3f (GLfloat red, GLfloat green, GLfloat blue) OPENGL_DEPRECATED(10.0, 10.14);
      |             ^
main.cpp:838:13: warning: 'glPushMatrix' is deprecated: first deprecated in macOS 10.14 - OpenGL API deprecated. (Define GL_SILENCE_DEPRECATION to silence these warnings) [-Wdeprecated-declarations]
  838 |             glPushMatrix();
      |             ^
/Library/Developer/CommandLineTools/SDKs/MacOSX.sdk/System/Library/Frameworks/OpenGL.framework/Headers/gl.h:2625:13: note: 'glPushMatrix' has been explicitly marked deprecated here
 2625 | extern void glPushMatrix (void) OPENGL_DEPRECATED(10.0, 10.14);
      |             ^
main.cpp:839:13: warning: 'glTranslatef' is deprecated: first deprecated in macOS 10.14 - OpenGL API deprecated. (Define GL_SILENCE_DEPRECATION to silence these warnings) [-Wdeprecated-declarations]
  839 |             glTranslatef(0, 9.5f, 0);
      |             ^
/Library/Developer/CommandLineTools/SDKs/MacOSX.sdk/System/Library/Frameworks/OpenGL.framework/Headers/gl.h:2729:13: note: 'glTranslatef' has been explicitly marked deprecated here
 2729 | extern void glTranslatef (GLfloat x, GLfloat y, GLfloat z) OPENGL_DEPRECATED(10.0, 10.14);
      |             ^
main.cpp:840:13: warning: 'glScalef' is deprecated: first deprecated in macOS 10.14 - OpenGL API deprecated. (Define GL_SILENCE_DEPRECATION to silence these warnings) [-Wdeprecated-declarations]
  840 |             glScalef(1.9f, 15.0f, 1.9f);
      |             ^
/Library/Developer/CommandLineTools/SDKs/MacOSX.sdk/System/Library/Frameworks/OpenGL.framework/Headers/gl.h:2667:13: note: 'glScalef' has been explicitly marked deprecated here
 2667 | extern void glScalef (GLfloat x, GLfloat y, GLfloat z) OPENGL_DEPRECATED(10.0, 10.14);
      |             ^
main.cpp:841:13: warning: 'glutSolidCube' is deprecated: first deprecated in macOS 10.9 - OpenGL API deprecated. (Define GL_SILENCE_DEPRECATION to silence these warnings) [-Wdeprecated-declarations]
  841 |             glutSolidCube(1.0f);
      |             ^
/Library/Developer/CommandLineTools/SDKs/MacOSX.sdk/System/Library/Frameworks/GLUT.framework/Headers/glut.h:575:22: note: 'glutSolidCube' has been explicitly marked deprecated here
  575 | extern void APIENTRY glutSolidCube(GLdouble size) OPENGL_DEPRECATED(10_0, 10_9);
      |                      ^
main.cpp:842:13: warning: 'glPopMatrix' is deprecated: first deprecated in macOS 10.14 - OpenGL API deprecated. (Define GL_SILENCE_DEPRECATION to silence these warnings) [-Wdeprecated-declarations]
  842 |             glPopMatrix();
      |             ^
/Library/Developer/CommandLineTools/SDKs/MacOSX.sdk/System/Library/Frameworks/OpenGL.framework/Headers/gl.h:2620:13: note: 'glPopMatrix' has been explicitly marked deprecated here
 2620 | extern void glPopMatrix (void) OPENGL_DEPRECATED(10.0, 10.14);
      |             ^
main.cpp:844:13: warning: 'glPushMatrix' is deprecated: first deprecated in macOS 10.14 - OpenGL API deprecated. (Define GL_SILENCE_DEPRECATION to silence these warnings) [-Wdeprecated-declarations]
  844 |             glPushMatrix();
      |             ^
/Library/Developer/CommandLineTools/SDKs/MacOSX.sdk/System/Library/Frameworks/OpenGL.framework/Headers/gl.h:2625:13: note: 'glPushMatrix' has been explicitly marked deprecated here
 2625 | extern void glPushMatrix (void) OPENGL_DEPRECATED(10.0, 10.14);
      |             ^
main.cpp:845:13: warning: 'glTranslatef' is deprecated: first deprecated in macOS 10.14 - OpenGL API deprecated. (Define GL_SILENCE_DEPRECATION to silence these warnings) [-Wdeprecated-declarations]
  845 |             glTranslatef(0, 19.5f, 0);
      |             ^
/Library/Developer/CommandLineTools/SDKs/MacOSX.sdk/System/Library/Frameworks/OpenGL.framework/Headers/gl.h:2729:13: note: 'glTranslatef' has been explicitly marked deprecated here
 2729 | extern void glTranslatef (GLfloat x, GLfloat y, GLfloat z) OPENGL_DEPRECATED(10.0, 10.14);
      |             ^
main.cpp:846:13: warning: 'glRotatef' is deprecated: first deprecated in macOS 10.14 - OpenGL API deprecated. (Define GL_SILENCE_DEPRECATION to silence these warnings) [-Wdeprecated-declarations]
  846 |             glRotatef(-90.0f, 1, 0, 0);
      |             ^
/Library/Developer/CommandLineTools/SDKs/MacOSX.sdk/System/Library/Frameworks/OpenGL.framework/Headers/gl.h:2665:13: note: 'glRotatef' has been explicitly marked deprecated here
 2665 | extern void glRotatef (GLfloat angle, GLfloat x, GLfloat y, GLfloat z) OPENGL_DEPRECATED(10.0, 10.14);
      |             ^
main.cpp:847:13: warning: 'glutSolidCone' is deprecated: first deprecated in macOS 10.9 - OpenGL API deprecated. (Define GL_SILENCE_DEPRECATION to silence these warnings) [-Wdeprecated-declarations]
  847 |             glutSolidCone(1.4, 2.8, 12, 1);
      |             ^
/Library/Developer/CommandLineTools/SDKs/MacOSX.sdk/System/Library/Frameworks/GLUT.framework/Headers/glut.h:573:22: note: 'glutSolidCone' has been explicitly marked deprecated here
  573 | extern void APIENTRY glutSolidCone(GLdouble base, GLdouble height, GLint slices, GLint stacks) OPENGL_DEPRECATED(10_0, 10_9);
      |                      ^
main.cpp:848:13: warning: 'glPopMatrix' is deprecated: first deprecated in macOS 10.14 - OpenGL API deprecated. (Define GL_SILENCE_DEPRECATION to silence these warnings) [-Wdeprecated-declarations]
  848 |             glPopMatrix();
      |             ^
/Library/Developer/CommandLineTools/SDKs/MacOSX.sdk/System/Library/Frameworks/OpenGL.framework/Headers/gl.h:2620:13: note: 'glPopMatrix' has been explicitly marked deprecated here
 2620 | extern void glPopMatrix (void) OPENGL_DEPRECATED(10.0, 10.14);
      |             ^
main.cpp:850:13: warning: 'glPopMatrix' is deprecated: first deprecated in macOS 10.14 - OpenGL API deprecated. (Define GL_SILENCE_DEPRECATION to silence these warnings) [-Wdeprecated-declarations]
  850 |             glPopMatrix();
      |             ^
/Library/Developer/CommandLineTools/SDKs/MacOSX.sdk/System/Library/Frameworks/OpenGL.framework/Headers/gl.h:2620:13: note: 'glPopMatrix' has been explicitly marked deprecated here
 2620 | extern void glPopMatrix (void) OPENGL_DEPRECATED(10.0, 10.14);
      |             ^
main.cpp:860:9: warning: 'glPushMatrix' is deprecated: first deprecated in macOS 10.14 - OpenGL API deprecated. (Define GL_SILENCE_DEPRECATION to silence these warnings) [-Wdeprecated-declarations]
  860 |         glPushMatrix();
      |         ^
/Library/Developer/CommandLineTools/SDKs/MacOSX.sdk/System/Library/Frameworks/OpenGL.framework/Headers/gl.h:2625:13: note: 'glPushMatrix' has been explicitly marked deprecated here
 2625 | extern void glPushMatrix (void) OPENGL_DEPRECATED(10.0, 10.14);
      |             ^
main.cpp:861:9: warning: 'glTranslatef' is deprecated: first deprecated in macOS 10.14 - OpenGL API deprecated. (Define GL_SILENCE_DEPRECATION to silence these warnings) [-Wdeprecated-declarations]
  861 |         glTranslatef(pos[0], 0.0f, pos[1]);
      |         ^
/Library/Developer/CommandLineTools/SDKs/MacOSX.sdk/System/Library/Frameworks/OpenGL.framework/Headers/gl.h:2729:13: note: 'glTranslatef' has been explicitly marked deprecated here
 2729 | extern void glTranslatef (GLfloat x, GLfloat y, GLfloat z) OPENGL_DEPRECATED(10.0, 10.14);
      |             ^
main.cpp:863:9: warning: 'glColor3f' is deprecated: first deprecated in macOS 10.14 - OpenGL API deprecated. (Define GL_SILENCE_DEPRECATION to silence these warnings) [-Wdeprecated-declarations]
  863 |         glColor3f(0.62f, 0.62f, 0.66f);
      |         ^
/Library/Developer/CommandLineTools/SDKs/MacOSX.sdk/System/Library/Frameworks/OpenGL.framework/Headers/gl.h:2405:13: note: 'glColor3f' has been explicitly marked deprecated here
 2405 | extern void glColor3f (GLfloat red, GLfloat green, GLfloat blue) OPENGL_DEPRECATED(10.0, 10.14);
      |             ^
main.cpp:864:9: warning: 'glPushMatrix' is deprecated: first deprecated in macOS 10.14 - OpenGL API deprecated. (Define GL_SILENCE_DEPRECATION to silence these warnings) [-Wdeprecated-declarations]
  864 |         glPushMatrix();
      |         ^
/Library/Developer/CommandLineTools/SDKs/MacOSX.sdk/System/Library/Frameworks/OpenGL.framework/Headers/gl.h:2625:13: note: 'glPushMatrix' has been explicitly marked deprecated here
 2625 | extern void glPushMatrix (void) OPENGL_DEPRECATED(10.0, 10.14);
      |             ^
main.cpp:865:9: warning: 'glTranslatef' is deprecated: first deprecated in macOS 10.14 - OpenGL API deprecated. (Define GL_SILENCE_DEPRECATION to silence these warnings) [-Wdeprecated-declarations]
  865 |         glTranslatef(0, 0.6f, 0);
      |         ^
/Library/Developer/CommandLineTools/SDKs/MacOSX.sdk/System/Library/Frameworks/OpenGL.framework/Headers/gl.h:2729:13: note: 'glTranslatef' has been explicitly marked deprecated here
 2729 | extern void glTranslatef (GLfloat x, GLfloat y, GLfloat z) OPENGL_DEPRECATED(10.0, 10.14);
      |             ^
main.cpp:867:9: warning: 'glPopMatrix' is deprecated: first deprecated in macOS 10.14 - OpenGL API deprecated. (Define GL_SILENCE_DEPRECATION to silence these warnings) [-Wdeprecated-declarations]
  867 |         glPopMatrix();
      |         ^
/Library/Developer/CommandLineTools/SDKs/MacOSX.sdk/System/Library/Frameworks/OpenGL.framework/Headers/gl.h:2620:13: note: 'glPopMatrix' has been explicitly marked deprecated here
 2620 | extern void glPopMatrix (void) OPENGL_DEPRECATED(10.0, 10.14);
      |             ^
main.cpp:869:9: warning: 'glColor3f' is deprecated: first deprecated in macOS 10.14 - OpenGL API deprecated. (Define GL_SILENCE_DEPRECATION to silence these warnings) [-Wdeprecated-declarations]
  869 |         glColor3f(0.8f, 0.78f, 0.74f);
      |         ^
/Library/Developer/CommandLineTools/SDKs/MacOSX.sdk/System/Library/Frameworks/OpenGL.framework/Headers/gl.h:2405:13: note: 'glColor3f' has been explicitly marked deprecated here
 2405 | extern void glColor3f (GLfloat red, GLfloat green, GLfloat blue) OPENGL_DEPRECATED(10.0, 10.14);
      |             ^
main.cpp:870:9: warning: 'glPushMatrix' is deprecated: first deprecated in macOS 10.14 - OpenGL API deprecated. (Define GL_SILENCE_DEPRECATION to silence these warnings) [-Wdeprecated-declarations]
  870 |         glPushMatrix();
      |         ^
/Library/Developer/CommandLineTools/SDKs/MacOSX.sdk/System/Library/Frameworks/OpenGL.framework/Headers/gl.h:2625:13: note: 'glPushMatrix' has been explicitly marked deprecated here
 2625 | extern void glPushMatrix (void) OPENGL_DEPRECATED(10.0, 10.14);
      |             ^
main.cpp:871:9: warning: 'glTranslatef' is deprecated: first deprecated in macOS 10.14 - OpenGL API deprecated. (Define GL_SILENCE_DEPRECATION to silence these warnings) [-Wdeprecated-declarations]
  871 |         glTranslatef(0, 6.0f, 0);
      |         ^
/Library/Developer/CommandLineTools/SDKs/MacOSX.sdk/System/Library/Frameworks/OpenGL.framework/Headers/gl.h:2729:13: note: 'glTranslatef' has been explicitly marked deprecated here
 2729 | extern void glTranslatef (GLfloat x, GLfloat y, GLfloat z) OPENGL_DEPRECATED(10.0, 10.14);
      |             ^
main.cpp:872:9: warning: 'glScalef' is deprecated: first deprecated in macOS 10.14 - OpenGL API deprecated. (Define GL_SILENCE_DEPRECATION to silence these warnings) [-Wdeprecated-declarations]
  872 |         glScalef(1.4f, 11.5f, 1.4f);
      |         ^
/Library/Developer/CommandLineTools/SDKs/MacOSX.sdk/System/Library/Frameworks/OpenGL.framework/Headers/gl.h:2667:13: note: 'glScalef' has been explicitly marked deprecated here
 2667 | extern void glScalef (GLfloat x, GLfloat y, GLfloat z) OPENGL_DEPRECATED(10.0, 10.14);
      |             ^
main.cpp:873:9: warning: 'glutSolidCube' is deprecated: first deprecated in macOS 10.9 - OpenGL API deprecated. (Define GL_SILENCE_DEPRECATION to silence these warnings) [-Wdeprecated-declarations]
  873 |         glutSolidCube(1.0f);
      |         ^
/Library/Developer/CommandLineTools/SDKs/MacOSX.sdk/System/Library/Frameworks/GLUT.framework/Headers/glut.h:575:22: note: 'glutSolidCube' has been explicitly marked deprecated here
  575 | extern void APIENTRY glutSolidCube(GLdouble size) OPENGL_DEPRECATED(10_0, 10_9);
      |                      ^
main.cpp:874:9: warning: 'glPopMatrix' is deprecated: first deprecated in macOS 10.14 - OpenGL API deprecated. (Define GL_SILENCE_DEPRECATION to silence these warnings) [-Wdeprecated-declarations]
  874 |         glPopMatrix();
      |         ^
/Library/Developer/CommandLineTools/SDKs/MacOSX.sdk/System/Library/Frameworks/OpenGL.framework/Headers/gl.h:2620:13: note: 'glPopMatrix' has been explicitly marked deprecated here
 2620 | extern void glPopMatrix (void) OPENGL_DEPRECATED(10.0, 10.14);
      |             ^
main.cpp:876:9: warning: 'glColor3f' is deprecated: first deprecated in macOS 10.14 - OpenGL API deprecated. (Define GL_SILENCE_DEPRECATION to silence these warnings) [-Wdeprecated-declarations]
  876 |         glColor3f(0.95f, 0.9f, 0.55f);
      |         ^
/Library/Developer/CommandLineTools/SDKs/MacOSX.sdk/System/Library/Frameworks/OpenGL.framework/Headers/gl.h:2405:13: note: 'glColor3f' has been explicitly marked deprecated here
 2405 | extern void glColor3f (GLfloat red, GLfloat green, GLfloat blue) OPENGL_DEPRECATED(10.0, 10.14);
      |             ^
main.cpp:877:9: warning: 'glPushMatrix' is deprecated: first deprecated in macOS 10.14 - OpenGL API deprecated. (Define GL_SILENCE_DEPRECATION to silence these warnings) [-Wdeprecated-declarations]
  877 |         glPushMatrix();
      |         ^
/Library/Developer/CommandLineTools/SDKs/MacOSX.sdk/System/Library/Frameworks/OpenGL.framework/Headers/gl.h:2625:13: note: 'glPushMatrix' has been explicitly marked deprecated here
 2625 | extern void glPushMatrix (void) OPENGL_DEPRECATED(10.0, 10.14);
      |             ^
main.cpp:878:9: warning: 'glTranslatef' is deprecated: first deprecated in macOS 10.14 - OpenGL API deprecated. (Define GL_SILENCE_DEPRECATION to silence these warnings) [-Wdeprecated-declarations]
  878 |         glTranslatef(0, 12.5f, 0);
      |         ^
/Library/Developer/CommandLineTools/SDKs/MacOSX.sdk/System/Library/Frameworks/OpenGL.framework/Headers/gl.h:2729:13: note: 'glTranslatef' has been explicitly marked deprecated here
 2729 | extern void glTranslatef (GLfloat x, GLfloat y, GLfloat z) OPENGL_DEPRECATED(10.0, 10.14);
      |             ^
main.cpp:879:9: warning: 'glutSolidCone' is deprecated: first deprecated in macOS 10.9 - OpenGL API deprecated. (Define GL_SILENCE_DEPRECATION to silence these warnings) [-Wdeprecated-declarations]
  879 |         glutSolidCone(1.1, 2.4, 10, 1);
      |         ^
/Library/Developer/CommandLineTools/SDKs/MacOSX.sdk/System/Library/Frameworks/GLUT.framework/Headers/glut.h:573:22: note: 'glutSolidCone' has been explicitly marked deprecated here
  573 | extern void APIENTRY glutSolidCone(GLdouble base, GLdouble height, GLint slices, GLint stacks) OPENGL_DEPRECATED(10_0, 10_9);
      |                      ^
main.cpp:880:9: warning: 'glPopMatrix' is deprecated: first deprecated in macOS 10.14 - OpenGL API deprecated. (Define GL_SILENCE_DEPRECATION to silence these warnings) [-Wdeprecated-declarations]
  880 |         glPopMatrix();
      |         ^
/Library/Developer/CommandLineTools/SDKs/MacOSX.sdk/System/Library/Frameworks/OpenGL.framework/Headers/gl.h:2620:13: note: 'glPopMatrix' has been explicitly marked deprecated here
 2620 | extern void glPopMatrix (void) OPENGL_DEPRECATED(10.0, 10.14);
      |             ^
main.cpp:882:9: warning: 'glPopMatrix' is deprecated: first deprecated in macOS 10.14 - OpenGL API deprecated. (Define GL_SILENCE_DEPRECATION to silence these warnings) [-Wdeprecated-declarations]
  882 |         glPopMatrix();
      |         ^
/Library/Developer/CommandLineTools/SDKs/MacOSX.sdk/System/Library/Frameworks/OpenGL.framework/Headers/gl.h:2620:13: note: 'glPopMatrix' has been explicitly marked deprecated here
 2620 | extern void glPopMatrix (void) OPENGL_DEPRECATED(10.0, 10.14);
      |             ^
main.cpp:885:23: warning: 'glEnable' is deprecated: first deprecated in macOS 10.14 - OpenGL API deprecated. (Define GL_SILENCE_DEPRECATION to silence these warnings) [-Wdeprecated-declarations]
  885 |     if (wasTexturing) glEnable(GL_TEXTURE_2D);
      |                       ^
/Library/Developer/CommandLineTools/SDKs/MacOSX.sdk/System/Library/Frameworks/OpenGL.framework/Headers/gl.h:2472:13: note: 'glEnable' has been explicitly marked deprecated here
 2472 | extern void glEnable (GLenum cap) OPENGL_DEPRECATED(10.0, 10.14);
      |             ^
main.cpp:950:19: error: no matching member function for call to 'push_back'
  950 |     intersections.push_back({0.0f, 0.0f, GREEN, RED, 0, 0, 0.0f, 0.0f, 0.0f});
      |     ~~~~~~~~~~~~~~^~~~~~~~~
/Library/Developer/CommandLineTools/SDKs/MacOSX.sdk/usr/include/c++/v1/__vector/vector.h:452:60: note: candidate function not viable: cannot convert initializer list argument to 'const value_type' (aka 'const Intersection')
  452 |   _LIBCPP_CONSTEXPR_SINCE_CXX20 _LIBCPP_HIDE_FROM_ABI void push_back(const_reference __x) { emplace_back(__x); }
      |                                                            ^         ~~~~~~~~~~~~~~~~~~~
/Library/Developer/CommandLineTools/SDKs/MacOSX.sdk/usr/include/c++/v1/__vector/vector.h:454:60: note: candidate function not viable: cannot convert initializer list argument to 'value_type' (aka 'Intersection')
  454 |   _LIBCPP_CONSTEXPR_SINCE_CXX20 _LIBCPP_HIDE_FROM_ABI void push_back(value_type&& __x) { emplace_back(std::move(__x)); }
      |                                                            ^         ~~~~~~~~~~~~~~~~
main.cpp:953:19: error: no matching member function for call to 'push_back'
  953 |     intersections.push_back({200.0f, 0.0f, RED, GREEN, 90, 0, 0.0f, 0.0f, 0.0f});
      |     ~~~~~~~~~~~~~~^~~~~~~~~
/Library/Developer/CommandLineTools/SDKs/MacOSX.sdk/usr/include/c++/v1/__vector/vector.h:452:60: note: candidate function not viable: cannot convert initializer list argument to 'const value_type' (aka 'const Intersection')
  452 |   _LIBCPP_CONSTEXPR_SINCE_CXX20 _LIBCPP_HIDE_FROM_ABI void push_back(const_reference __x) { emplace_back(__x); }
      |                                                            ^         ~~~~~~~~~~~~~~~~~~~
/Library/Developer/CommandLineTools/SDKs/MacOSX.sdk/usr/include/c++/v1/__vector/vector.h:454:60: note: candidate function not viable: cannot convert initializer list argument to 'value_type' (aka 'Intersection')
  454 |   _LIBCPP_CONSTEXPR_SINCE_CXX20 _LIBCPP_HIDE_FROM_ABI void push_back(value_type&& __x) { emplace_back(std::move(__x)); }
      |                                                            ^         ~~~~~~~~~~~~~~~~
main.cpp:954:19: error: no matching member function for call to 'push_back'
  954 |     intersections.push_back({-200.0f, 0.0f, GREEN, RED, 45, 0, 0.0f, 0.0f, 0.0f});
      |     ~~~~~~~~~~~~~~^~~~~~~~~
/Library/Developer/CommandLineTools/SDKs/MacOSX.sdk/usr/include/c++/v1/__vector/vector.h:452:60: note: candidate function not viable: cannot convert initializer list argument to 'const value_type' (aka 'const Intersection')
  452 |   _LIBCPP_CONSTEXPR_SINCE_CXX20 _LIBCPP_HIDE_FROM_ABI void push_back(const_reference __x) { emplace_back(__x); }
      |                                                            ^         ~~~~~~~~~~~~~~~~~~~
/Library/Developer/CommandLineTools/SDKs/MacOSX.sdk/usr/include/c++/v1/__vector/vector.h:454:60: note: candidate function not viable: cannot convert initializer list argument to 'value_type' (aka 'Intersection')
  454 |   _LIBCPP_CONSTEXPR_SINCE_CXX20 _LIBCPP_HIDE_FROM_ABI void push_back(value_type&& __x) { emplace_back(std::move(__x)); }
      |                                                            ^         ~~~~~~~~~~~~~~~~
main.cpp:955:19: error: no matching member function for call to 'push_back'
  955 |     intersections.push_back({0.0f, 200.0f, RED, GREEN, 120, 0, 0.0f, 0.0f, 0.0f});
      |     ~~~~~~~~~~~~~~^~~~~~~~~
/Library/Developer/CommandLineTools/SDKs/MacOSX.sdk/usr/include/c++/v1/__vector/vector.h:452:60: note: candidate function not viable: cannot convert initializer list argument to 'const value_type' (aka 'const Intersection')
  452 |   _LIBCPP_CONSTEXPR_SINCE_CXX20 _LIBCPP_HIDE_FROM_ABI void push_back(const_reference __x) { emplace_back(__x); }
      |                                                            ^         ~~~~~~~~~~~~~~~~~~~
/Library/Developer/CommandLineTools/SDKs/MacOSX.sdk/usr/include/c++/v1/__vector/vector.h:454:60: note: candidate function not viable: cannot convert initializer list argument to 'value_type' (aka 'Intersection')
  454 |   _LIBCPP_CONSTEXPR_SINCE_CXX20 _LIBCPP_HIDE_FROM_ABI void push_back(value_type&& __x) { emplace_back(std::move(__x)); }
      |                                                            ^         ~~~~~~~~~~~~~~~~
main.cpp:956:19: error: no matching member function for call to 'push_back'
  956 |     intersections.push_back({0.0f, -200.0f, GREEN, RED, 60, 0, 0.0f, 0.0f, 0.0f});
      |     ~~~~~~~~~~~~~~^~~~~~~~~
/Library/Developer/CommandLineTools/SDKs/MacOSX.sdk/usr/include/c++/v1/__vector/vector.h:452:60: note: candidate function not viable: cannot convert initializer list argument to 'const value_type' (aka 'const Intersection')
  452 |   _LIBCPP_CONSTEXPR_SINCE_CXX20 _LIBCPP_HIDE_FROM_ABI void push_back(const_reference __x) { emplace_back(__x); }
      |                                                            ^         ~~~~~~~~~~~~~~~~~~~
/Library/Developer/CommandLineTools/SDKs/MacOSX.sdk/usr/include/c++/v1/__vector/vector.h:454:60: note: candidate function not viable: cannot convert initializer list argument to 'value_type' (aka 'Intersection')
  454 |   _LIBCPP_CONSTEXPR_SINCE_CXX20 _LIBCPP_HIDE_FROM_ABI void push_back(value_type&& __x) { emplace_back(std::move(__x)); }
      |                                                            ^         ~~~~~~~~~~~~~~~~
main.cpp:957:19: error: no matching member function for call to 'push_back'
  957 |     intersections.push_back({200.0f, 200.0f, RED, GREEN, 30, 0, 0.0f, 0.0f, 0.0f});
      |     ~~~~~~~~~~~~~~^~~~~~~~~
/Library/Developer/CommandLineTools/SDKs/MacOSX.sdk/usr/include/c++/v1/__vector/vector.h:452:60: note: candidate function not viable: cannot convert initializer list argument to 'const value_type' (aka 'const Intersection')
  452 |   _LIBCPP_CONSTEXPR_SINCE_CXX20 _LIBCPP_HIDE_FROM_ABI void push_back(const_reference __x) { emplace_back(__x); }
      |                                                            ^         ~~~~~~~~~~~~~~~~~~~
/Library/Developer/CommandLineTools/SDKs/MacOSX.sdk/usr/include/c++/v1/__vector/vector.h:454:60: note: candidate function not viable: cannot convert initializer list argument to 'value_type' (aka 'Intersection')
  454 |   _LIBCPP_CONSTEXPR_SINCE_CXX20 _LIBCPP_HIDE_FROM_ABI void push_back(value_type&& __x) { emplace_back(std::move(__x)); }
      |                                                            ^         ~~~~~~~~~~~~~~~~
main.cpp:958:19: error: no matching member function for call to 'push_back'
  958 |     intersections.push_back({-200.0f, -200.0f, GREEN, RED, 150, 0, 0.0f, 0.0f, 0.0f});
      |     ~~~~~~~~~~~~~~^~~~~~~~~
/Library/Developer/CommandLineTools/SDKs/MacOSX.sdk/usr/include/c++/v1/__vector/vector.h:452:60: note: candidate function not viable: cannot convert initializer list argument to 'const value_type' (aka 'const Intersection')
  452 |   _LIBCPP_CONSTEXPR_SINCE_CXX20 _LIBCPP_HIDE_FROM_ABI void push_back(const_reference __x) { emplace_back(__x); }
      |                                                            ^         ~~~~~~~~~~~~~~~~~~~
/Library/Developer/CommandLineTools/SDKs/MacOSX.sdk/usr/include/c++/v1/__vector/vector.h:454:60: note: candidate function not viable: cannot convert initializer list argument to 'value_type' (aka 'Intersection')
  454 |   _LIBCPP_CONSTEXPR_SINCE_CXX20 _LIBCPP_HIDE_FROM_ABI void push_back(value_type&& __x) { emplace_back(std::move(__x)); }
      |                                                            ^         ~~~~~~~~~~~~~~~~
main.cpp:976:5: warning: 'glLightfv' is deprecated: first deprecated in macOS 10.14 - OpenGL API deprecated. (Define GL_SILENCE_DEPRECATION to silence these warnings) [-Wdeprecated-declarations]
  976 |     glLightfv(GL_LIGHT0, GL_POSITION, light0_pos);
      |     ^
/Library/Developer/CommandLineTools/SDKs/MacOSX.sdk/System/Library/Frameworks/OpenGL.framework/Headers/gl.h:2565:13: note: 'glLightfv' has been explicitly marked deprecated here
 2565 | extern void glLightfv (GLenum light, GLenum pname, const GLfloat *params) OPENGL_DEPRECATED(10.0, 10.14);
      |             ^
main.cpp:977:5: warning: 'glLightfv' is deprecated: first deprecated in macOS 10.14 - OpenGL API deprecated. (Define GL_SILENCE_DEPRECATION to silence these warnings) [-Wdeprecated-declarations]
  977 |     glLightfv(GL_LIGHT0, GL_AMBIENT, light0_ambient);
      |     ^
/Library/Developer/CommandLineTools/SDKs/MacOSX.sdk/System/Library/Frameworks/OpenGL.framework/Headers/gl.h:2565:13: note: 'glLightfv' has been explicitly marked deprecated here
 2565 | extern void glLightfv (GLenum light, GLenum pname, const GLfloat *params) OPENGL_DEPRECATED(10.0, 10.14);
      |             ^
main.cpp:978:5: warning: 'glLightfv' is deprecated: first deprecated in macOS 10.14 - OpenGL API deprecated. (Define GL_SILENCE_DEPRECATION to silence these warnings) [-Wdeprecated-declarations]
  978 |     glLightfv(GL_LIGHT0, GL_DIFFUSE, light0_diffuse);
      |     ^
/Library/Developer/CommandLineTools/SDKs/MacOSX.sdk/System/Library/Frameworks/OpenGL.framework/Headers/gl.h:2565:13: note: 'glLightfv' has been explicitly marked deprecated here
 2565 | extern void glLightfv (GLenum light, GLenum pname, const GLfloat *params) OPENGL_DEPRECATED(10.0, 10.14);
      |             ^
main.cpp:979:5: warning: 'glLightfv' is deprecated: first deprecated in macOS 10.14 - OpenGL API deprecated. (Define GL_SILENCE_DEPRECATION to silence these warnings) [-Wdeprecated-declarations]
  979 |     glLightfv(GL_LIGHT0, GL_SPECULAR, light0_specular);
      |     ^
/Library/Developer/CommandLineTools/SDKs/MacOSX.sdk/System/Library/Frameworks/OpenGL.framework/Headers/gl.h:2565:13: note: 'glLightfv' has been explicitly marked deprecated here
 2565 | extern void glLightfv (GLenum light, GLenum pname, const GLfloat *params) OPENGL_DEPRECATED(10.0, 10.14);
      |             ^
main.cpp:986:5: warning: 'glLightfv' is deprecated: first deprecated in macOS 10.14 - OpenGL API deprecated. (Define GL_SILENCE_DEPRECATION to silence these warnings) [-Wdeprecated-declarations]
  986 |     glLightfv(GL_LIGHT1, GL_POSITION, light1_pos);
      |     ^
/Library/Developer/CommandLineTools/SDKs/MacOSX.sdk/System/Library/Frameworks/OpenGL.framework/Headers/gl.h:2565:13: note: 'glLightfv' has been explicitly marked deprecated here
 2565 | extern void glLightfv (GLenum light, GLenum pname, const GLfloat *params) OPENGL_DEPRECATED(10.0, 10.14);
      |             ^
main.cpp:987:5: warning: 'glLightfv' is deprecated: first deprecated in macOS 10.14 - OpenGL API deprecated. (Define GL_SILENCE_DEPRECATION to silence these warnings) [-Wdeprecated-declarations]
  987 |     glLightfv(GL_LIGHT1, GL_AMBIENT, light1_ambient);
      |     ^
/Library/Developer/CommandLineTools/SDKs/MacOSX.sdk/System/Library/Frameworks/OpenGL.framework/Headers/gl.h:2565:13: note: 'glLightfv' has been explicitly marked deprecated here
 2565 | extern void glLightfv (GLenum light, GLenum pname, const GLfloat *params) OPENGL_DEPRECATED(10.0, 10.14);
      |             ^
main.cpp:988:5: warning: 'glLightfv' is deprecated: first deprecated in macOS 10.14 - OpenGL API deprecated. (Define GL_SILENCE_DEPRECATION to silence these warnings) [-Wdeprecated-declarations]
  988 |     glLightfv(GL_LIGHT1, GL_DIFFUSE, light1_diffuse);
      |     ^
/Library/Developer/CommandLineTools/SDKs/MacOSX.sdk/System/Library/Frameworks/OpenGL.framework/Headers/gl.h:2565:13: note: 'glLightfv' has been explicitly marked deprecated here
 2565 | extern void glLightfv (GLenum light, GLenum pname, const GLfloat *params) OPENGL_DEPRECATED(10.0, 10.14);
      |             ^
main.cpp:996:5: warning: 'glEnable' is deprecated: first deprecated in macOS 10.14 - OpenGL API deprecated. (Define GL_SILENCE_DEPRECATION to silence these warnings) [-Wdeprecated-declarations]
  996 |     glEnable(GL_DEPTH_TEST);
      |     ^
/Library/Developer/CommandLineTools/SDKs/MacOSX.sdk/System/Library/Frameworks/OpenGL.framework/Headers/gl.h:2472:13: note: 'glEnable' has been explicitly marked deprecated here
 2472 | extern void glEnable (GLenum cap) OPENGL_DEPRECATED(10.0, 10.14);
      |             ^
main.cpp:997:5: warning: 'glEnable' is deprecated: first deprecated in macOS 10.14 - OpenGL API deprecated. (Define GL_SILENCE_DEPRECATION to silence these warnings) [-Wdeprecated-declarations]
  997 |     glEnable(GL_LIGHTING);
      |     ^
/Library/Developer/CommandLineTools/SDKs/MacOSX.sdk/System/Library/Frameworks/OpenGL.framework/Headers/gl.h:2472:13: note: 'glEnable' has been explicitly marked deprecated here
 2472 | extern void glEnable (GLenum cap) OPENGL_DEPRECATED(10.0, 10.14);
      |             ^
main.cpp:998:5: warning: 'glEnable' is deprecated: first deprecated in macOS 10.14 - OpenGL API deprecated. (Define GL_SILENCE_DEPRECATION to silence these warnings) [-Wdeprecated-declarations]
  998 |     glEnable(GL_LIGHT0);
      |     ^
/Library/Developer/CommandLineTools/SDKs/MacOSX.sdk/System/Library/Frameworks/OpenGL.framework/Headers/gl.h:2472:13: note: 'glEnable' has been explicitly marked deprecated here
 2472 | extern void glEnable (GLenum cap) OPENGL_DEPRECATED(10.0, 10.14);
      |             ^
main.cpp:999:5: warning: 'glEnable' is deprecated: first deprecated in macOS 10.14 - OpenGL API deprecated. (Define GL_SILENCE_DEPRECATION to silence these warnings) [-Wdeprecated-declarations]
  999 |     glEnable(GL_LIGHT1);
      |     ^
/Library/Developer/CommandLineTools/SDKs/MacOSX.sdk/System/Library/Frameworks/OpenGL.framework/Headers/gl.h:2472:13: note: 'glEnable' has been explicitly marked deprecated here
 2472 | extern void glEnable (GLenum cap) OPENGL_DEPRECATED(10.0, 10.14);
      |             ^
main.cpp:1000:5: warning: 'glShadeModel' is deprecated: first deprecated in macOS 10.14 - OpenGL API deprecated. (Define GL_SILENCE_DEPRECATION to silence these warnings) [-Wdeprecated-declarations]
 1000 |     glShadeModel(GL_SMOOTH);
      |     ^
/Library/Developer/CommandLineTools/SDKs/MacOSX.sdk/System/Library/Frameworks/OpenGL.framework/Headers/gl.h:2671:13: note: 'glShadeModel' has been explicitly marked deprecated here
 2671 | extern void glShadeModel (GLenum mode) OPENGL_DEPRECATED(10.0, 10.14);
      |             ^
main.cpp:1001:5: warning: 'glEnable' is deprecated: first deprecated in macOS 10.14 - OpenGL API deprecated. (Define GL_SILENCE_DEPRECATION to silence these warnings) [-Wdeprecated-declarations]
 1001 |     glEnable(GL_NORMALIZE);
      |     ^
/Library/Developer/CommandLineTools/SDKs/MacOSX.sdk/System/Library/Frameworks/OpenGL.framework/Headers/gl.h:2472:13: note: 'glEnable' has been explicitly marked deprecated here
 2472 | extern void glEnable (GLenum cap) OPENGL_DEPRECATED(10.0, 10.14);
      |             ^
main.cpp:1004:5: warning: 'glClearColor' is deprecated: first deprecated in macOS 10.14 - OpenGL API deprecated. (Define GL_SILENCE_DEPRECATION to silence these warnings) [-Wdeprecated-declarations]
 1004 |     glClearColor(0.53f, 0.81f, 0.92f, 1.0f);
      |     ^
/Library/Developer/CommandLineTools/SDKs/MacOSX.sdk/System/Library/Frameworks/OpenGL.framework/Headers/gl.h:2396:13: note: 'glClearColor' has been explicitly marked deprecated here
 2396 | extern void glClearColor (GLclampf red, GLclampf green, GLclampf blue, GLclampf alpha) OPENGL_DEPRECATED(10.0, 10.14);
      |             ^
main.cpp:1007:5: warning: 'glEnable' is deprecated: first deprecated in macOS 10.14 - OpenGL API deprecated. (Define GL_SILENCE_DEPRECATION to silence these warnings) [-Wdeprecated-declarations]
 1007 |     glEnable(GL_TEXTURE_2D);
      |     ^
/Library/Developer/CommandLineTools/SDKs/MacOSX.sdk/System/Library/Frameworks/OpenGL.framework/Headers/gl.h:2472:13: note: 'glEnable' has been explicitly marked deprecated here
 2472 | extern void glEnable (GLenum cap) OPENGL_DEPRECATED(10.0, 10.14);
      |             ^
main.cpp:1010:5: warning: 'glEnable' is deprecated: first deprecated in macOS 10.14 - OpenGL API deprecated. (Define GL_SILENCE_DEPRECATION to silence these warnings) [-Wdeprecated-declarations]
 1010 |     glEnable(GL_FOG);
      |     ^
/Library/Developer/CommandLineTools/SDKs/MacOSX.sdk/System/Library/Frameworks/OpenGL.framework/Headers/gl.h:2472:13: note: 'glEnable' has been explicitly marked deprecated here
 2472 | extern void glEnable (GLenum cap) OPENGL_DEPRECATED(10.0, 10.14);
      |             ^
main.cpp:1013:9: warning: 'glFogi' is deprecated: first deprecated in macOS 10.14 - OpenGL API deprecated. (Define GL_SILENCE_DEPRECATION to silence these warnings) [-Wdeprecated-declarations]
 1013 |         glFogi(GL_FOG_MODE, GL_LINEAR);
      |         ^
/Library/Developer/CommandLineTools/SDKs/MacOSX.sdk/System/Library/Frameworks/OpenGL.framework/Headers/gl.h:2493:13: note: 'glFogi' has been explicitly marked deprecated here
 2493 | extern void glFogi (GLenum pname, GLint param) OPENGL_DEPRECATED(10.0, 10.14);
      |             ^
main.cpp:1014:9: warning: 'glFogfv' is deprecated: first deprecated in macOS 10.14 - OpenGL API deprecated. (Define GL_SILENCE_DEPRECATION to silence these warnings) [-Wdeprecated-declarations]
 1014 |         glFogfv(GL_FOG_COLOR, fogColor);
      |         ^
/Library/Developer/CommandLineTools/SDKs/MacOSX.sdk/System/Library/Frameworks/OpenGL.framework/Headers/gl.h:2492:13: note: 'glFogfv' has been explicitly marked deprecated here
 2492 | extern void glFogfv (GLenum pname, const GLfloat *params) OPENGL_DEPRECATED(10.0, 10.14);
      |             ^
main.cpp:1015:9: warning: 'glFogf' is deprecated: first deprecated in macOS 10.14 - OpenGL API deprecated. (Define GL_SILENCE_DEPRECATION to silence these warnings) [-Wdeprecated-declarations]
 1015 |         glFogf(GL_FOG_START, 200.0f);
      |         ^
/Library/Developer/CommandLineTools/SDKs/MacOSX.sdk/System/Library/Frameworks/OpenGL.framework/Headers/gl.h:2491:13: note: 'glFogf' has been explicitly marked deprecated here
 2491 | extern void glFogf (GLenum pname, GLfloat param) OPENGL_DEPRECATED(10.0, 10.14);
      |             ^
main.cpp:1016:9: warning: 'glFogf' is deprecated: first deprecated in macOS 10.14 - OpenGL API deprecated. (Define GL_SILENCE_DEPRECATION to silence these warnings) [-Wdeprecated-declarations]
 1016 |         glFogf(GL_FOG_END, 500.0f);
      |         ^
/Library/Developer/CommandLineTools/SDKs/MacOSX.sdk/System/Library/Frameworks/OpenGL.framework/Headers/gl.h:2491:13: note: 'glFogf' has been explicitly marked deprecated here
 2491 | extern void glFogf (GLenum pname, GLfloat param) OPENGL_DEPRECATED(10.0, 10.14);
      |             ^
main.cpp:1017:9: warning: 'glFogf' is deprecated: first deprecated in macOS 10.14 - OpenGL API deprecated. (Define GL_SILENCE_DEPRECATION to silence these warnings) [-Wdeprecated-declarations]
 1017 |         glFogf(GL_FOG_DENSITY, 0.015f);
      |         ^
/Library/Developer/CommandLineTools/SDKs/MacOSX.sdk/System/Library/Frameworks/OpenGL.framework/Headers/gl.h:2491:13: note: 'glFogf' has been explicitly marked deprecated here
 2491 | extern void glFogf (GLenum pname, GLfloat param) OPENGL_DEPRECATED(10.0, 10.14);
      |             ^
main.cpp:1022:5: warning: 'glLightModelfv' is deprecated: first deprecated in macOS 10.14 - OpenGL API deprecated. (Define GL_SILENCE_DEPRECATION to silence these warnings) [-Wdeprecated-declarations]
 1022 |     glLightModelfv(GL_LIGHT_MODEL_AMBIENT, global_ambient);
      |     ^
/Library/Developer/CommandLineTools/SDKs/MacOSX.sdk/System/Library/Frameworks/OpenGL.framework/Headers/gl.h:2561:13: note: 'glLightModelfv' has been explicitly marked deprecated here
 2561 | extern void glLightModelfv (GLenum pname, const GLfloat *params) OPENGL_DEPRECATED(10.0, 10.14);
      |             ^
main.cpp:1025:5: warning: 'glEnable' is deprecated: first deprecated in macOS 10.14 - OpenGL API deprecated. (Define GL_SILENCE_DEPRECATION to silence these warnings) [-Wdeprecated-declarations]
 1025 |     glEnable(GL_COLOR_MATERIAL);
      |     ^
/Library/Developer/CommandLineTools/SDKs/MacOSX.sdk/System/Library/Frameworks/OpenGL.framework/Headers/gl.h:2472:13: note: 'glEnable' has been explicitly marked deprecated here
 2472 | extern void glEnable (GLenum cap) OPENGL_DEPRECATED(10.0, 10.14);
      |             ^
main.cpp:1026:5: warning: 'glColorMaterial' is deprecated: first deprecated in macOS 10.14 - OpenGL API deprecated. (Define GL_SILENCE_DEPRECATION to silence these warnings) [-Wdeprecated-declarations]
 1026 |     glColorMaterial(GL_FRONT_AND_BACK, GL_AMBIENT_AND_DIFFUSE);
      |     ^
/Library/Developer/CommandLineTools/SDKs/MacOSX.sdk/System/Library/Frameworks/OpenGL.framework/Headers/gl.h:2434:13: note: 'glColorMaterial' has been explicitly marked deprecated here
 2434 | extern void glColorMaterial (GLenum face, GLenum mode) OPENGL_DEPRECATED(10.0, 10.14);
      |             ^
main.cpp:1043:24: warning: 'gluNewQuadric' is deprecated: first deprecated in macOS 10.9 - OpenGL API deprecated. (Define GL_SILENCE_DEPRECATION to silence these warnings) [-Wdeprecated-declarations]
 1043 |     GLUquadric* quad = gluNewQuadric();
      |                        ^
/Library/Developer/CommandLineTools/SDKs/MacOSX.sdk/System/Library/Frameworks/OpenGL.framework/Headers/glu.h:267:20: note: 'gluNewQuadric' has been explicitly marked deprecated here
  267 | extern GLUquadric* gluNewQuadric (void) OPENGL_DEPRECATED(10.0, 10.9);
      |                    ^
main.cpp:1050:5: warning: 'glMaterialfv' is deprecated: first deprecated in macOS 10.14 - OpenGL API deprecated. (Define GL_SILENCE_DEPRECATION to silence these warnings) [-Wdeprecated-declarations]
 1050 |     glMaterialfv(GL_FRONT_AND_BACK, GL_AMBIENT, mat_ambient);
      |     ^
/Library/Developer/CommandLineTools/SDKs/MacOSX.sdk/System/Library/Frameworks/OpenGL.framework/Headers/gl.h:2585:13: note: 'glMaterialfv' has been explicitly marked deprecated here
 2585 | extern void glMaterialfv (GLenum face, GLenum pname, const GLfloat *params) OPENGL_DEPRECATED(10.0, 10.14);
      |             ^
main.cpp:1051:5: warning: 'glMaterialfv' is deprecated: first deprecated in macOS 10.14 - OpenGL API deprecated. (Define GL_SILENCE_DEPRECATION to silence these warnings) [-Wdeprecated-declarations]
 1051 |     glMaterialfv(GL_FRONT_AND_BACK, GL_DIFFUSE, mat_diffuse);
      |     ^
/Library/Developer/CommandLineTools/SDKs/MacOSX.sdk/System/Library/Frameworks/OpenGL.framework/Headers/gl.h:2585:13: note: 'glMaterialfv' has been explicitly marked deprecated here
 2585 | extern void glMaterialfv (GLenum face, GLenum pname, const GLfloat *params) OPENGL_DEPRECATED(10.0, 10.14);
      |             ^
main.cpp:1052:5: warning: 'glMaterialfv' is deprecated: first deprecated in macOS 10.14 - OpenGL API deprecated. (Define GL_SILENCE_DEPRECATION to silence these warnings) [-Wdeprecated-declarations]
 1052 |     glMaterialfv(GL_FRONT_AND_BACK, GL_SPECULAR, mat_specular);
      |     ^
/Library/Developer/CommandLineTools/SDKs/MacOSX.sdk/System/Library/Frameworks/OpenGL.framework/Headers/gl.h:2585:13: note: 'glMaterialfv' has been explicitly marked deprecated here
 2585 | extern void glMaterialfv (GLenum face, GLenum pname, const GLfloat *params) OPENGL_DEPRECATED(10.0, 10.14);
      |             ^
main.cpp:1053:5: warning: 'glMaterialfv' is deprecated: first deprecated in macOS 10.14 - OpenGL API deprecated. (Define GL_SILENCE_DEPRECATION to silence these warnings) [-Wdeprecated-declarations]
 1053 |     glMaterialfv(GL_FRONT_AND_BACK, GL_SHININESS, mat_shininess);
      |     ^
/Library/Developer/CommandLineTools/SDKs/MacOSX.sdk/System/Library/Frameworks/OpenGL.framework/Headers/gl.h:2585:13: note: 'glMaterialfv' has been explicitly marked deprecated here
 2585 | extern void glMaterialfv (GLenum face, GLenum pname, const GLfloat *params) OPENGL_DEPRECATED(10.0, 10.14);
      |             ^
main.cpp:1055:5: warning: 'glColor3f' is deprecated: first deprecated in macOS 10.14 - OpenGL API deprecated. (Define GL_SILENCE_DEPRECATION to silence these warnings) [-Wdeprecated-declarations]
 1055 |     glColor3f(0.1f, 0.1f, 0.1f);
      |     ^
/Library/Developer/CommandLineTools/SDKs/MacOSX.sdk/System/Library/Frameworks/OpenGL.framework/Headers/gl.h:2405:13: note: 'glColor3f' has been explicitly marked deprecated here
 2405 | extern void glColor3f (GLfloat red, GLfloat green, GLfloat blue) OPENGL_DEPRECATED(10.0, 10.14);
      |             ^
main.cpp:1056:5: warning: 'glPushMatrix' is deprecated: first deprecated in macOS 10.14 - OpenGL API deprecated. (Define GL_SILENCE_DEPRECATION to silence these warnings) [-Wdeprecated-declarations]
 1056 |     glPushMatrix();
      |     ^
/Library/Developer/CommandLineTools/SDKs/MacOSX.sdk/System/Library/Frameworks/OpenGL.framework/Headers/gl.h:2625:13: note: 'glPushMatrix' has been explicitly marked deprecated here
 2625 | extern void glPushMatrix (void) OPENGL_DEPRECATED(10.0, 10.14);
      |             ^
main.cpp:1057:5: warning: 'glRotatef' is deprecated: first deprecated in macOS 10.14 - OpenGL API deprecated. (Define GL_SILENCE_DEPRECATION to silence these warnings) [-Wdeprecated-declarations]
 1057 |     glRotatef(90, 0, 1, 0);
      |     ^
/Library/Developer/CommandLineTools/SDKs/MacOSX.sdk/System/Library/Frameworks/OpenGL.framework/Headers/gl.h:2665:13: note: 'glRotatef' has been explicitly marked deprecated here
 2665 | extern void glRotatef (GLfloat angle, GLfloat x, GLfloat y, GLfloat z) OPENGL_DEPRECATED(10.0, 10.14);
      |             ^
main.cpp:1058:5: warning: 'glutSolidTorus' is deprecated: first deprecated in macOS 10.9 - OpenGL API deprecated. (Define GL_SILENCE_DEPRECATION to silence these warnings) [-Wdeprecated-declarations]
 1058 |     glutSolidTorus(width * 0.35f, radius, 12, 16);
      |     ^
/Library/Developer/CommandLineTools/SDKs/MacOSX.sdk/System/Library/Frameworks/GLUT.framework/Headers/glut.h:577:22: note: 'glutSolidTorus' has been explicitly marked deprecated here
  577 | extern void APIENTRY glutSolidTorus(GLdouble innerRadius, GLdouble outerRadius, GLint sides, GLint rings) OPENGL_DEPRECATED(10_0, 10_9);
      |                      ^
main.cpp:1059:5: warning: 'glPopMatrix' is deprecated: first deprecated in macOS 10.14 - OpenGL API deprecated. (Define GL_SILENCE_DEPRECATION to silence these warnings) [-Wdeprecated-declarations]
 1059 |     glPopMatrix();
      |     ^
/Library/Developer/CommandLineTools/SDKs/MacOSX.sdk/System/Library/Frameworks/OpenGL.framework/Headers/gl.h:2620:13: note: 'glPopMatrix' has been explicitly marked deprecated here
 2620 | extern void glPopMatrix (void) OPENGL_DEPRECATED(10.0, 10.14);
      |             ^
main.cpp:1062:5: warning: 'glColor3f' is deprecated: first deprecated in macOS 10.14 - OpenGL API deprecated. (Define GL_SILENCE_DEPRECATION to silence these warnings) [-Wdeprecated-declarations]
 1062 |     glColor3f(0.6f, 0.6f, 0.65f);
      |     ^
/Library/Developer/CommandLineTools/SDKs/MacOSX.sdk/System/Library/Frameworks/OpenGL.framework/Headers/gl.h:2405:13: note: 'glColor3f' has been explicitly marked deprecated here
 2405 | extern void glColor3f (GLfloat red, GLfloat green, GLfloat blue) OPENGL_DEPRECATED(10.0, 10.14);
      |             ^
main.cpp:1063:5: warning: 'glPushMatrix' is deprecated: first deprecated in macOS 10.14 - OpenGL API deprecated. (Define GL_SILENCE_DEPRECATION to silence these warnings) [-Wdeprecated-declarations]
 1063 |     glPushMatrix();
      |     ^
/Library/Developer/CommandLineTools/SDKs/MacOSX.sdk/System/Library/Frameworks/OpenGL.framework/Headers/gl.h:2625:13: note: 'glPushMatrix' has been explicitly marked deprecated here
 2625 | extern void glPushMatrix (void) OPENGL_DEPRECATED(10.0, 10.14);
      |             ^
main.cpp:1064:5: warning: 'glRotatef' is deprecated: first deprecated in macOS 10.14 - OpenGL API deprecated. (Define GL_SILENCE_DEPRECATION to silence these warnings) [-Wdeprecated-declarations]
 1064 |     glRotatef(90, 0, 1, 0);
      |     ^
/Library/Developer/CommandLineTools/SDKs/MacOSX.sdk/System/Library/Frameworks/OpenGL.framework/Headers/gl.h:2665:13: note: 'glRotatef' has been explicitly marked deprecated here
 2665 | extern void glRotatef (GLfloat angle, GLfloat x, GLfloat y, GLfloat z) OPENGL_DEPRECATED(10.0, 10.14);
      |             ^
main.cpp:1065:5: warning: 'gluDisk' is deprecated: first deprecated in macOS 10.9 - OpenGL API deprecated. (Define GL_SILENCE_DEPRECATION to silence these warnings) [-Wdeprecated-declarations]
 1065 |     gluDisk(quad, 0, radius * 0.7f, 16, 1);
      |     ^
/Library/Developer/CommandLineTools/SDKs/MacOSX.sdk/System/Library/Frameworks/OpenGL.framework/Headers/glu.h:255:13: note: 'gluDisk' has been explicitly marked deprecated here
  255 | extern void gluDisk (GLUquadric* quad, GLdouble inner, GLdouble outer, GLint slices, GLint loops) OPENGL_DEPRECATED(10.0, 10.9);
      |             ^
main.cpp:1066:5: warning: 'glPopMatrix' is deprecated: first deprecated in macOS 10.14 - OpenGL API deprecated. (Define GL_SILENCE_DEPRECATION to silence these warnings) [-Wdeprecated-declarations]
 1066 |     glPopMatrix();
      |     ^
/Library/Developer/CommandLineTools/SDKs/MacOSX.sdk/System/Library/Frameworks/OpenGL.framework/Headers/gl.h:2620:13: note: 'glPopMatrix' has been explicitly marked deprecated here
 2620 | extern void glPopMatrix (void) OPENGL_DEPRECATED(10.0, 10.14);
      |             ^
main.cpp:1069:5: warning: 'glPushMatrix' is deprecated: first deprecated in macOS 10.14 - OpenGL API deprecated. (Define GL_SILENCE_DEPRECATION to silence these warnings) [-Wdeprecated-declarations]
 1069 |     glPushMatrix();
      |     ^
/Library/Developer/CommandLineTools/SDKs/MacOSX.sdk/System/Library/Frameworks/OpenGL.framework/Headers/gl.h:2625:13: note: 'glPushMatrix' has been explicitly marked deprecated here
 2625 | extern void glPushMatrix (void) OPENGL_DEPRECATED(10.0, 10.14);
      |             ^
main.cpp:1070:5: warning: 'glTranslatef' is deprecated: first deprecated in macOS 10.14 - OpenGL API deprecated. (Define GL_SILENCE_DEPRECATION to silence these warnings) [-Wdeprecated-declarations]
 1070 |     glTranslatef(0, 0, -width);
      |     ^
/Library/Developer/CommandLineTools/SDKs/MacOSX.sdk/System/Library/Frameworks/OpenGL.framework/Headers/gl.h:2729:13: note: 'glTranslatef' has been explicitly marked deprecated here
 2729 | extern void glTranslatef (GLfloat x, GLfloat y, GLfloat z) OPENGL_DEPRECATED(10.0, 10.14);
      |             ^
main.cpp:1071:5: warning: 'glRotatef' is deprecated: first deprecated in macOS 10.14 - OpenGL API deprecated. (Define GL_SILENCE_DEPRECATION to silence these warnings) [-Wdeprecated-declarations]
 1071 |     glRotatef(90, 0, 1, 0);
      |     ^
/Library/Developer/CommandLineTools/SDKs/MacOSX.sdk/System/Library/Frameworks/OpenGL.framework/Headers/gl.h:2665:13: note: 'glRotatef' has been explicitly marked deprecated here
 2665 | extern void glRotatef (GLfloat angle, GLfloat x, GLfloat y, GLfloat z) OPENGL_DEPRECATED(10.0, 10.14);
      |             ^
main.cpp:1072:5: warning: 'gluDisk' is deprecated: first deprecated in macOS 10.9 - OpenGL API deprecated. (Define GL_SILENCE_DEPRECATION to silence these warnings) [-Wdeprecated-declarations]
 1072 |     gluDisk(quad, 0, radius * 0.7f, 16, 1);
      |     ^
/Library/Developer/CommandLineTools/SDKs/MacOSX.sdk/System/Library/Frameworks/OpenGL.framework/Headers/glu.h:255:13: note: 'gluDisk' has been explicitly marked deprecated here
  255 | extern void gluDisk (GLUquadric* quad, GLdouble inner, GLdouble outer, GLint slices, GLint loops) OPENGL_DEPRECATED(10.0, 10.9);
      |             ^
main.cpp:1073:5: warning: 'glPopMatrix' is deprecated: first deprecated in macOS 10.14 - OpenGL API deprecated. (Define GL_SILENCE_DEPRECATION to silence these warnings) [-Wdeprecated-declarations]
 1073 |     glPopMatrix();
      |     ^
/Library/Developer/CommandLineTools/SDKs/MacOSX.sdk/System/Library/Frameworks/OpenGL.framework/Headers/gl.h:2620:13: note: 'glPopMatrix' has been explicitly marked deprecated here
 2620 | extern void glPopMatrix (void) OPENGL_DEPRECATED(10.0, 10.14);
      |             ^
main.cpp:1076:5: warning: 'glColor3f' is deprecated: first deprecated in macOS 10.14 - OpenGL API deprecated. (Define GL_SILENCE_DEPRECATION to silence these warnings) [-Wdeprecated-declarations]
 1076 |     glColor3f(0.7f, 0.7f, 0.75f);
      |     ^
/Library/Developer/CommandLineTools/SDKs/MacOSX.sdk/System/Library/Frameworks/OpenGL.framework/Headers/gl.h:2405:13: note: 'glColor3f' has been explicitly marked deprecated here
 2405 | extern void glColor3f (GLfloat red, GLfloat green, GLfloat blue) OPENGL_DEPRECATED(10.0, 10.14);
      |             ^
main.cpp:1077:5: warning: 'glPushMatrix' is deprecated: first deprecated in macOS 10.14 - OpenGL API deprecated. (Define GL_SILENCE_DEPRECATION to silence these warnings) [-Wdeprecated-declarations]
 1077 |     glPushMatrix();
      |     ^
/Library/Developer/CommandLineTools/SDKs/MacOSX.sdk/System/Library/Frameworks/OpenGL.framework/Headers/gl.h:2625:13: note: 'glPushMatrix' has been explicitly marked deprecated here
 2625 | extern void glPushMatrix (void) OPENGL_DEPRECATED(10.0, 10.14);
      |             ^
main.cpp:1078:5: warning: 'glRotatef' is deprecated: first deprecated in macOS 10.14 - OpenGL API deprecated. (Define GL_SILENCE_DEPRECATION to silence these warnings) [-Wdeprecated-declarations]
 1078 |     glRotatef(90, 0, 1, 0);
      |     ^
/Library/Developer/CommandLineTools/SDKs/MacOSX.sdk/System/Library/Frameworks/OpenGL.framework/Headers/gl.h:2665:13: note: 'glRotatef' has been explicitly marked deprecated here
 2665 | extern void glRotatef (GLfloat angle, GLfloat x, GLfloat y, GLfloat z) OPENGL_DEPRECATED(10.0, 10.14);
      |             ^
main.cpp:1079:5: warning: 'glutSolidSphere' is deprecated: first deprecated in macOS 10.9 - OpenGL API deprecated. (Define GL_SILENCE_DEPRECATION to silence these warnings) [-Wdeprecated-declarations]
 1079 |     glutSolidSphere(radius * 0.3f, 10, 10);
      |     ^
/Library/Developer/CommandLineTools/SDKs/MacOSX.sdk/System/Library/Frameworks/GLUT.framework/Headers/glut.h:571:22: note: 'glutSolidSphere' has been explicitly marked deprecated here
  571 | extern void APIENTRY glutSolidSphere(GLdouble radius, GLint slices, GLint stacks) OPENGL_DEPRECATED(10_0, 10_9);
      |                      ^
main.cpp:1080:5: warning: 'glPopMatrix' is deprecated: first deprecated in macOS 10.14 - OpenGL API deprecated. (Define GL_SILENCE_DEPRECATION to silence these warnings) [-Wdeprecated-declarations]
 1080 |     glPopMatrix();
      |     ^
/Library/Developer/CommandLineTools/SDKs/MacOSX.sdk/System/Library/Frameworks/OpenGL.framework/Headers/gl.h:2620:13: note: 'glPopMatrix' has been explicitly marked deprecated here
 2620 | extern void glPopMatrix (void) OPENGL_DEPRECATED(10.0, 10.14);
      |             ^
main.cpp:1082:5: warning: 'gluDeleteQuadric' is deprecated: first deprecated in macOS 10.9 - OpenGL API deprecated. (Define GL_SILENCE_DEPRECATION to silence these warnings) [-Wdeprecated-declarations]
 1082 |     gluDeleteQuadric(quad);
      |     ^
/Library/Developer/CommandLineTools/SDKs/MacOSX.sdk/System/Library/Frameworks/OpenGL.framework/Headers/glu.h:253:13: note: 'gluDeleteQuadric' has been explicitly marked deprecated here
  253 | extern void gluDeleteQuadric (GLUquadric* quad) OPENGL_DEPRECATED(10.0, 10.9);
      |             ^
main.cpp:1093:5: warning: 'glMaterialfv' is deprecated: first deprecated in macOS 10.14 - OpenGL API deprecated. (Define GL_SILENCE_DEPRECATION to silence these warnings) [-Wdeprecated-declarations]
 1093 |     glMaterialfv(GL_FRONT_AND_BACK, GL_SPECULAR, mat_specular);
      |     ^
/Library/Developer/CommandLineTools/SDKs/MacOSX.sdk/System/Library/Frameworks/OpenGL.framework/Headers/gl.h:2585:13: note: 'glMaterialfv' has been explicitly marked deprecated here
 2585 | extern void glMaterialfv (GLenum face, GLenum pname, const GLfloat *params) OPENGL_DEPRECATED(10.0, 10.14);
      |             ^
main.cpp:1094:5: warning: 'glMaterialfv' is deprecated: first deprecated in macOS 10.14 - OpenGL API deprecated. (Define GL_SILENCE_DEPRECATION to silence these warnings) [-Wdeprecated-declarations]
 1094 |     glMaterialfv(GL_FRONT_AND_BACK, GL_SHININESS, mat_shininess);
      |     ^
/Library/Developer/CommandLineTools/SDKs/MacOSX.sdk/System/Library/Frameworks/OpenGL.framework/Headers/gl.h:2585:13: note: 'glMaterialfv' has been explicitly marked deprecated here
 2585 | extern void glMaterialfv (GLenum face, GLenum pname, const GLfloat *params) OPENGL_DEPRECATED(10.0, 10.14);
      |             ^
main.cpp:1095:5: warning: 'glBegin' is deprecated: first deprecated in macOS 10.14 - OpenGL API deprecated. (Define GL_SILENCE_DEPRECATION to silence these warnings) [-Wdeprecated-declarations]
 1095 |     glBegin(GL_QUADS);
      |     ^
/Library/Developer/CommandLineTools/SDKs/MacOSX.sdk/System/Library/Frameworks/OpenGL.framework/Headers/gl.h:2385:13: note: 'glBegin' has been explicitly marked deprecated here
 2385 | extern void glBegin (GLenum mode) OPENGL_DEPRECATED(10.0, 10.14);
      |             ^
main.cpp:1098:5: warning: 'glNormal3f' is deprecated: first deprecated in macOS 10.14 - OpenGL API deprecated. (Define GL_SILENCE_DEPRECATION to silence these warnings) [-Wdeprecated-declarations]
 1098 |     glNormal3f(0, 0, 1);
      |     ^
/Library/Developer/CommandLineTools/SDKs/MacOSX.sdk/System/Library/Frameworks/OpenGL.framework/Headers/gl.h:2597:13: note: 'glNormal3f' has been explicitly marked deprecated here
 2597 | extern void glNormal3f (GLfloat nx, GLfloat ny, GLfloat nz) OPENGL_DEPRECATED(10.0, 10.14);
      |             ^
main.cpp:1099:5: warning: 'glVertex3f' is deprecated: first deprecated in macOS 10.14 - OpenGL API deprecated. (Define GL_SILENCE_DEPRECATION to silence these warnings) [-Wdeprecated-declarations]
 1099 |     glVertex3f(-w, -h, d);
      |     ^
/Library/Developer/CommandLineTools/SDKs/MacOSX.sdk/System/Library/Frameworks/OpenGL.framework/Headers/gl.h:2740:13: note: 'glVertex3f' has been explicitly marked deprecated here
 2740 | extern void glVertex3f (GLfloat x, GLfloat y, GLfloat z) OPENGL_DEPRECATED(10.0, 10.14);
      |             ^
main.cpp:1100:5: warning: 'glVertex3f' is deprecated: first deprecated in macOS 10.14 - OpenGL API deprecated. (Define GL_SILENCE_DEPRECATION to silence these warnings) [-Wdeprecated-declarations]
 1100 |     glVertex3f(w, -h, d);
      |     ^
/Library/Developer/CommandLineTools/SDKs/MacOSX.sdk/System/Library/Frameworks/OpenGL.framework/Headers/gl.h:2740:13: note: 'glVertex3f' has been explicitly marked deprecated here
 2740 | extern void glVertex3f (GLfloat x, GLfloat y, GLfloat z) OPENGL_DEPRECATED(10.0, 10.14);
      |             ^
main.cpp:1101:5: warning: 'glVertex3f' is deprecated: first deprecated in macOS 10.14 - OpenGL API deprecated. (Define GL_SILENCE_DEPRECATION to silence these warnings) [-Wdeprecated-declarations]
 1101 |     glVertex3f(w, h, d);
      |     ^
/Library/Developer/CommandLineTools/SDKs/MacOSX.sdk/System/Library/Frameworks/OpenGL.framework/Headers/gl.h:2740:13: note: 'glVertex3f' has been explicitly marked deprecated here
 2740 | extern void glVertex3f (GLfloat x, GLfloat y, GLfloat z) OPENGL_DEPRECATED(10.0, 10.14);
      |             ^
main.cpp:1102:5: warning: 'glVertex3f' is deprecated: first deprecated in macOS 10.14 - OpenGL API deprecated. (Define GL_SILENCE_DEPRECATION to silence these warnings) [-Wdeprecated-declarations]
 1102 |     glVertex3f(-w, h, d);
      |     ^
/Library/Developer/CommandLineTools/SDKs/MacOSX.sdk/System/Library/Frameworks/OpenGL.framework/Headers/gl.h:2740:13: note: 'glVertex3f' has been explicitly marked deprecated here
 2740 | extern void glVertex3f (GLfloat x, GLfloat y, GLfloat z) OPENGL_DEPRECATED(10.0, 10.14);
      |             ^
main.cpp:1105:5: warning: 'glNormal3f' is deprecated: first deprecated in macOS 10.14 - OpenGL API deprecated. (Define GL_SILENCE_DEPRECATION to silence these warnings) [-Wdeprecated-declarations]
 1105 |     glNormal3f(0, 0, -1);
      |     ^
/Library/Developer/CommandLineTools/SDKs/MacOSX.sdk/System/Library/Frameworks/OpenGL.framework/Headers/gl.h:2597:13: note: 'glNormal3f' has been explicitly marked deprecated here
 2597 | extern void glNormal3f (GLfloat nx, GLfloat ny, GLfloat nz) OPENGL_DEPRECATED(10.0, 10.14);
      |             ^
main.cpp:1106:5: warning: 'glVertex3f' is deprecated: first deprecated in macOS 10.14 - OpenGL API deprecated. (Define GL_SILENCE_DEPRECATION to silence these warnings) [-Wdeprecated-declarations]
 1106 |     glVertex3f(w, -h, -d);
      |     ^
/Library/Developer/CommandLineTools/SDKs/MacOSX.sdk/System/Library/Frameworks/OpenGL.framework/Headers/gl.h:2740:13: note: 'glVertex3f' has been explicitly marked deprecated here
 2740 | extern void glVertex3f (GLfloat x, GLfloat y, GLfloat z) OPENGL_DEPRECATED(10.0, 10.14);
      |             ^
main.cpp:1107:5: warning: 'glVertex3f' is deprecated: first deprecated in macOS 10.14 - OpenGL API deprecated. (Define GL_SILENCE_DEPRECATION to silence these warnings) [-Wdeprecated-declarations]
 1107 |     glVertex3f(-w, -h, -d);
      |     ^
/Library/Developer/CommandLineTools/SDKs/MacOSX.sdk/System/Library/Frameworks/OpenGL.framework/Headers/gl.h:2740:13: note: 'glVertex3f' has been explicitly marked deprecated here
 2740 | extern void glVertex3f (GLfloat x, GLfloat y, GLfloat z) OPENGL_DEPRECATED(10.0, 10.14);
      |             ^
main.cpp:1108:5: warning: 'glVertex3f' is deprecated: first deprecated in macOS 10.14 - OpenGL API deprecated. (Define GL_SILENCE_DEPRECATION to silence these warnings) [-Wdeprecated-declarations]
 1108 |     glVertex3f(-w, h, -d);
      |     ^
/Library/Developer/CommandLineTools/SDKs/MacOSX.sdk/System/Library/Frameworks/OpenGL.framework/Headers/gl.h:2740:13: note: 'glVertex3f' has been explicitly marked deprecated here
 2740 | extern void glVertex3f (GLfloat x, GLfloat y, GLfloat z) OPENGL_DEPRECATED(10.0, 10.14);
      |             ^
main.cpp:1109:5: warning: 'glVertex3f' is deprecated: first deprecated in macOS 10.14 - OpenGL API deprecated. (Define GL_SILENCE_DEPRECATION to silence these warnings) [-Wdeprecated-declarations]
 1109 |     glVertex3f(w, h, -d);
      |     ^
/Library/Developer/CommandLineTools/SDKs/MacOSX.sdk/System/Library/Frameworks/OpenGL.framework/Headers/gl.h:2740:13: note: 'glVertex3f' has been explicitly marked deprecated here
 2740 | extern void glVertex3f (GLfloat x, GLfloat y, GLfloat z) OPENGL_DEPRECATED(10.0, 10.14);
      |             ^
main.cpp:1112:5: warning: 'glNormal3f' is deprecated: first deprecated in macOS 10.14 - OpenGL API deprecated. (Define GL_SILENCE_DEPRECATION to silence these warnings) [-Wdeprecated-declarations]
 1112 |     glNormal3f(0, 1, 0);
      |     ^
/Library/Developer/CommandLineTools/SDKs/MacOSX.sdk/System/Library/Frameworks/OpenGL.framework/Headers/gl.h:2597:13: note: 'glNormal3f' has been explicitly marked deprecated here
 2597 | extern void glNormal3f (GLfloat nx, GLfloat ny, GLfloat nz) OPENGL_DEPRECATED(10.0, 10.14);
      |             ^
main.cpp:1113:5: warning: 'glVertex3f' is deprecated: first deprecated in macOS 10.14 - OpenGL API deprecated. (Define GL_SILENCE_DEPRECATION to silence these warnings) [-Wdeprecated-declarations]
 1113 |     glVertex3f(-w, h, -d);
      |     ^
/Library/Developer/CommandLineTools/SDKs/MacOSX.sdk/System/Library/Frameworks/OpenGL.framework/Headers/gl.h:2740:13: note: 'glVertex3f' has been explicitly marked deprecated here
 2740 | extern void glVertex3f (GLfloat x, GLfloat y, GLfloat z) OPENGL_DEPRECATED(10.0, 10.14);
      |             ^
main.cpp:1114:5: warning: 'glVertex3f' is deprecated: first deprecated in macOS 10.14 - OpenGL API deprecated. (Define GL_SILENCE_DEPRECATION to silence these warnings) [-Wdeprecated-declarations]
 1114 |     glVertex3f(-w, h, d);
      |     ^
/Library/Developer/CommandLineTools/SDKs/MacOSX.sdk/System/Library/Frameworks/OpenGL.framework/Headers/gl.h:2740:13: note: 'glVertex3f' has been explicitly marked deprecated here
 2740 | extern void glVertex3f (GLfloat x, GLfloat y, GLfloat z) OPENGL_DEPRECATED(10.0, 10.14);
      |             ^
main.cpp:1115:5: warning: 'glVertex3f' is deprecated: first deprecated in macOS 10.14 - OpenGL API deprecated. (Define GL_SILENCE_DEPRECATION to silence these warnings) [-Wdeprecated-declarations]
 1115 |     glVertex3f(w, h, d);
      |     ^
/Library/Developer/CommandLineTools/SDKs/MacOSX.sdk/System/Library/Frameworks/OpenGL.framework/Headers/gl.h:2740:13: note: 'glVertex3f' has been explicitly marked deprecated here
 2740 | extern void glVertex3f (GLfloat x, GLfloat y, GLfloat z) OPENGL_DEPRECATED(10.0, 10.14);
      |             ^
main.cpp:1116:5: warning: 'glVertex3f' is deprecated: first deprecated in macOS 10.14 - OpenGL API deprecated. (Define GL_SILENCE_DEPRECATION to silence these warnings) [-Wdeprecated-declarations]
 1116 |     glVertex3f(w, h, -d);
      |     ^
/Library/Developer/CommandLineTools/SDKs/MacOSX.sdk/System/Library/Frameworks/OpenGL.framework/Headers/gl.h:2740:13: note: 'glVertex3f' has been explicitly marked deprecated here
 2740 | extern void glVertex3f (GLfloat x, GLfloat y, GLfloat z) OPENGL_DEPRECATED(10.0, 10.14);
      |             ^
main.cpp:1119:5: warning: 'glNormal3f' is deprecated: first deprecated in macOS 10.14 - OpenGL API deprecated. (Define GL_SILENCE_DEPRECATION to silence these warnings) [-Wdeprecated-declarations]
 1119 |     glNormal3f(0, -1, 0);
      |     ^
/Library/Developer/CommandLineTools/SDKs/MacOSX.sdk/System/Library/Frameworks/OpenGL.framework/Headers/gl.h:2597:13: note: 'glNormal3f' has been explicitly marked deprecated here
 2597 | extern void glNormal3f (GLfloat nx, GLfloat ny, GLfloat nz) OPENGL_DEPRECATED(10.0, 10.14);
      |             ^
main.cpp:1120:5: warning: 'glVertex3f' is deprecated: first deprecated in macOS 10.14 - OpenGL API deprecated. (Define GL_SILENCE_DEPRECATION to silence these warnings) [-Wdeprecated-declarations]
 1120 |     glVertex3f(-w, -h, d);
      |     ^
/Library/Developer/CommandLineTools/SDKs/MacOSX.sdk/System/Library/Frameworks/OpenGL.framework/Headers/gl.h:2740:13: note: 'glVertex3f' has been explicitly marked deprecated here
 2740 | extern void glVertex3f (GLfloat x, GLfloat y, GLfloat z) OPENGL_DEPRECATED(10.0, 10.14);
      |             ^
main.cpp:1121:5: warning: 'glVertex3f' is deprecated: first deprecated in macOS 10.14 - OpenGL API deprecated. (Define GL_SILENCE_DEPRECATION to silence these warnings) [-Wdeprecated-declarations]
 1121 |     glVertex3f(-w, -h, -d);
      |     ^
/Library/Developer/CommandLineTools/SDKs/MacOSX.sdk/System/Library/Frameworks/OpenGL.framework/Headers/gl.h:2740:13: note: 'glVertex3f' has been explicitly marked deprecated here
 2740 | extern void glVertex3f (GLfloat x, GLfloat y, GLfloat z) OPENGL_DEPRECATED(10.0, 10.14);
      |             ^
main.cpp:1122:5: warning: 'glVertex3f' is deprecated: first deprecated in macOS 10.14 - OpenGL API deprecated. (Define GL_SILENCE_DEPRECATION to silence these warnings) [-Wdeprecated-declarations]
 1122 |     glVertex3f(w, -h, -d);
      |     ^
/Library/Developer/CommandLineTools/SDKs/MacOSX.sdk/System/Library/Frameworks/OpenGL.framework/Headers/gl.h:2740:13: note: 'glVertex3f' has been explicitly marked deprecated here
 2740 | extern void glVertex3f (GLfloat x, GLfloat y, GLfloat z) OPENGL_DEPRECATED(10.0, 10.14);
      |             ^
main.cpp:1123:5: warning: 'glVertex3f' is deprecated: first deprecated in macOS 10.14 - OpenGL API deprecated. (Define GL_SILENCE_DEPRECATION to silence these warnings) [-Wdeprecated-declarations]
 1123 |     glVertex3f(w, -h, d);
      |     ^
/Library/Developer/CommandLineTools/SDKs/MacOSX.sdk/System/Library/Frameworks/OpenGL.framework/Headers/gl.h:2740:13: note: 'glVertex3f' has been explicitly marked deprecated here
 2740 | extern void glVertex3f (GLfloat x, GLfloat y, GLfloat z) OPENGL_DEPRECATED(10.0, 10.14);
      |             ^
main.cpp:1126:5: warning: 'glNormal3f' is deprecated: first deprecated in macOS 10.14 - OpenGL API deprecated. (Define GL_SILENCE_DEPRECATION to silence these warnings) [-Wdeprecated-declarations]
 1126 |     glNormal3f(1, 0, 0);
      |     ^
/Library/Developer/CommandLineTools/SDKs/MacOSX.sdk/System/Library/Frameworks/OpenGL.framework/Headers/gl.h:2597:13: note: 'glNormal3f' has been explicitly marked deprecated here
 2597 | extern void glNormal3f (GLfloat nx, GLfloat ny, GLfloat nz) OPENGL_DEPRECATED(10.0, 10.14);
      |             ^
main.cpp:1127:5: warning: 'glVertex3f' is deprecated: first deprecated in macOS 10.14 - OpenGL API deprecated. (Define GL_SILENCE_DEPRECATION to silence these warnings) [-Wdeprecated-declarations]
 1127 |     glVertex3f(w, -h, d);
      |     ^
/Library/Developer/CommandLineTools/SDKs/MacOSX.sdk/System/Library/Frameworks/OpenGL.framework/Headers/gl.h:2740:13: note: 'glVertex3f' has been explicitly marked deprecated here
 2740 | extern void glVertex3f (GLfloat x, GLfloat y, GLfloat z) OPENGL_DEPRECATED(10.0, 10.14);
      |             ^
main.cpp:1128:5: warning: 'glVertex3f' is deprecated: first deprecated in macOS 10.14 - OpenGL API deprecated. (Define GL_SILENCE_DEPRECATION to silence these warnings) [-Wdeprecated-declarations]
 1128 |     glVertex3f(w, -h, -d);
      |     ^
/Library/Developer/CommandLineTools/SDKs/MacOSX.sdk/System/Library/Frameworks/OpenGL.framework/Headers/gl.h:2740:13: note: 'glVertex3f' has been explicitly marked deprecated here
 2740 | extern void glVertex3f (GLfloat x, GLfloat y, GLfloat z) OPENGL_DEPRECATED(10.0, 10.14);
      |             ^
main.cpp:1129:5: warning: 'glVertex3f' is deprecated: first deprecated in macOS 10.14 - OpenGL API deprecated. (Define GL_SILENCE_DEPRECATION to silence these warnings) [-Wdeprecated-declarations]
 1129 |     glVertex3f(w, h, -d);
      |     ^
/Library/Developer/CommandLineTools/SDKs/MacOSX.sdk/System/Library/Frameworks/OpenGL.framework/Headers/gl.h:2740:13: note: 'glVertex3f' has been explicitly marked deprecated here
 2740 | extern void glVertex3f (GLfloat x, GLfloat y, GLfloat z) OPENGL_DEPRECATED(10.0, 10.14);
      |             ^
main.cpp:1130:5: warning: 'glVertex3f' is deprecated: first deprecated in macOS 10.14 - OpenGL API deprecated. (Define GL_SILENCE_DEPRECATION to silence these warnings) [-Wdeprecated-declarations]
 1130 |     glVertex3f(w, h, d);
      |     ^
/Library/Developer/CommandLineTools/SDKs/MacOSX.sdk/System/Library/Frameworks/OpenGL.framework/Headers/gl.h:2740:13: note: 'glVertex3f' has been explicitly marked deprecated here
 2740 | extern void glVertex3f (GLfloat x, GLfloat y, GLfloat z) OPENGL_DEPRECATED(10.0, 10.14);
      |             ^
main.cpp:1133:5: warning: 'glNormal3f' is deprecated: first deprecated in macOS 10.14 - OpenGL API deprecated. (Define GL_SILENCE_DEPRECATION to silence these warnings) [-Wdeprecated-declarations]
 1133 |     glNormal3f(-1, 0, 0);
      |     ^
/Library/Developer/CommandLineTools/SDKs/MacOSX.sdk/System/Library/Frameworks/OpenGL.framework/Headers/gl.h:2597:13: note: 'glNormal3f' has been explicitly marked deprecated here
 2597 | extern void glNormal3f (GLfloat nx, GLfloat ny, GLfloat nz) OPENGL_DEPRECATED(10.0, 10.14);
      |             ^
main.cpp:1134:5: warning: 'glVertex3f' is deprecated: first deprecated in macOS 10.14 - OpenGL API deprecated. (Define GL_SILENCE_DEPRECATION to silence these warnings) [-Wdeprecated-declarations]
 1134 |     glVertex3f(-w, -h, -d);
      |     ^
/Library/Developer/CommandLineTools/SDKs/MacOSX.sdk/System/Library/Frameworks/OpenGL.framework/Headers/gl.h:2740:13: note: 'glVertex3f' has been explicitly marked deprecated here
 2740 | extern void glVertex3f (GLfloat x, GLfloat y, GLfloat z) OPENGL_DEPRECATED(10.0, 10.14);
      |             ^
main.cpp:1135:5: warning: 'glVertex3f' is deprecated: first deprecated in macOS 10.14 - OpenGL API deprecated. (Define GL_SILENCE_DEPRECATION to silence these warnings) [-Wdeprecated-declarations]
 1135 |     glVertex3f(-w, -h, d);
      |     ^
/Library/Developer/CommandLineTools/SDKs/MacOSX.sdk/System/Library/Frameworks/OpenGL.framework/Headers/gl.h:2740:13: note: 'glVertex3f' has been explicitly marked deprecated here
 2740 | extern void glVertex3f (GLfloat x, GLfloat y, GLfloat z) OPENGL_DEPRECATED(10.0, 10.14);
      |             ^
main.cpp:1136:5: warning: 'glVertex3f' is deprecated: first deprecated in macOS 10.14 - OpenGL API deprecated. (Define GL_SILENCE_DEPRECATION to silence these warnings) [-Wdeprecated-declarations]
 1136 |     glVertex3f(-w, h, d);
      |     ^
/Library/Developer/CommandLineTools/SDKs/MacOSX.sdk/System/Library/Frameworks/OpenGL.framework/Headers/gl.h:2740:13: note: 'glVertex3f' has been explicitly marked deprecated here
 2740 | extern void glVertex3f (GLfloat x, GLfloat y, GLfloat z) OPENGL_DEPRECATED(10.0, 10.14);
      |             ^
main.cpp:1137:5: warning: 'glVertex3f' is deprecated: first deprecated in macOS 10.14 - OpenGL API deprecated. (Define GL_SILENCE_DEPRECATION to silence these warnings) [-Wdeprecated-declarations]
 1137 |     glVertex3f(-w, h, -d);
      |     ^
/Library/Developer/CommandLineTools/SDKs/MacOSX.sdk/System/Library/Frameworks/OpenGL.framework/Headers/gl.h:2740:13: note: 'glVertex3f' has been explicitly marked deprecated here
 2740 | extern void glVertex3f (GLfloat x, GLfloat y, GLfloat z) OPENGL_DEPRECATED(10.0, 10.14);
      |             ^
main.cpp:1139:5: warning: 'glEnd' is deprecated: first deprecated in macOS 10.14 - OpenGL API deprecated. (Define GL_SILENCE_DEPRECATION to silence these warnings) [-Wdeprecated-declarations]
 1139 |     glEnd();
      |     ^
/Library/Developer/CommandLineTools/SDKs/MacOSX.sdk/System/Library/Frameworks/OpenGL.framework/Headers/gl.h:2474:13: note: 'glEnd' has been explicitly marked deprecated here
 2474 | extern void glEnd (void) OPENGL_DEPRECATED(10.0, 10.14);
      |             ^
main.cpp:1148:5: warning: 'glEnable' is deprecated: first deprecated in macOS 10.14 - OpenGL API deprecated. (Define GL_SILENCE_DEPRECATION to silence these warnings) [-Wdeprecated-declarations]
 1148 |     glEnable(GL_TEXTURE_2D);
      |     ^
/Library/Developer/CommandLineTools/SDKs/MacOSX.sdk/System/Library/Frameworks/OpenGL.framework/Headers/gl.h:2472:13: note: 'glEnable' has been explicitly marked deprecated here
 2472 | extern void glEnable (GLenum cap) OPENGL_DEPRECATED(10.0, 10.14);
      |             ^
main.cpp:1149:5: warning: 'glBindTexture' is deprecated: first deprecated in macOS 10.14 - OpenGL API deprecated. (Define GL_SILENCE_DEPRECATION to silence these warnings) [-Wdeprecated-declarations]
 1149 |     glBindTexture(GL_TEXTURE_2D, texture);
      |     ^
/Library/Developer/CommandLineTools/SDKs/MacOSX.sdk/System/Library/Frameworks/OpenGL.framework/Headers/gl.h:2386:13: note: 'glBindTexture' has been explicitly marked deprecated here
 2386 | extern void glBindTexture (GLenum target, GLuint texture) OPENGL_DEPRECATED(10.0, 10.14);
      |             ^
main.cpp:1153:5: warning: 'glMaterialfv' is deprecated: first deprecated in macOS 10.14 - OpenGL API deprecated. (Define GL_SILENCE_DEPRECATION to silence these warnings) [-Wdeprecated-declarations]
 1153 |     glMaterialfv(GL_FRONT_AND_BACK, GL_SPECULAR, mat_specular);
      |     ^
/Library/Developer/CommandLineTools/SDKs/MacOSX.sdk/System/Library/Frameworks/OpenGL.framework/Headers/gl.h:2585:13: note: 'glMaterialfv' has been explicitly marked deprecated here
 2585 | extern void glMaterialfv (GLenum face, GLenum pname, const GLfloat *params) OPENGL_DEPRECATED(10.0, 10.14);
      |             ^
main.cpp:1154:5: warning: 'glMaterialfv' is deprecated: first deprecated in macOS 10.14 - OpenGL API deprecated. (Define GL_SILENCE_DEPRECATION to silence these warnings) [-Wdeprecated-declarations]
 1154 |     glMaterialfv(GL_FRONT_AND_BACK, GL_SHININESS, mat_shininess);
      |     ^
/Library/Developer/CommandLineTools/SDKs/MacOSX.sdk/System/Library/Frameworks/OpenGL.framework/Headers/gl.h:2585:13: note: 'glMaterialfv' has been explicitly marked deprecated here
 2585 | extern void glMaterialfv (GLenum face, GLenum pname, const GLfloat *params) OPENGL_DEPRECATED(10.0, 10.14);
      |             ^
main.cpp:1158:5: warning: 'glBegin' is deprecated: first deprecated in macOS 10.14 - OpenGL API deprecated. (Define GL_SILENCE_DEPRECATION to silence these warnings) [-Wdeprecated-declarations]
 1158 |     glBegin(GL_QUADS);
      |     ^
/Library/Developer/CommandLineTools/SDKs/MacOSX.sdk/System/Library/Frameworks/OpenGL.framework/Headers/gl.h:2385:13: note: 'glBegin' has been explicitly marked deprecated here
 2385 | extern void glBegin (GLenum mode) OPENGL_DEPRECATED(10.0, 10.14);
      |             ^
main.cpp:1161:5: warning: 'glNormal3f' is deprecated: first deprecated in macOS 10.14 - OpenGL API deprecated. (Define GL_SILENCE_DEPRECATION to silence these warnings) [-Wdeprecated-declarations]
 1161 |     glNormal3f(0, 0, 1);
      |     ^
/Library/Developer/CommandLineTools/SDKs/MacOSX.sdk/System/Library/Frameworks/OpenGL.framework/Headers/gl.h:2597:13: note: 'glNormal3f' has been explicitly marked deprecated here
 2597 | extern void glNormal3f (GLfloat nx, GLfloat ny, GLfloat nz) OPENGL_DEPRECATED(10.0, 10.14);
      |             ^
main.cpp:1162:5: warning: 'glTexCoord2f' is deprecated: first deprecated in macOS 10.14 - OpenGL API deprecated. (Define GL_SILENCE_DEPRECATION to silence these warnings) [-Wdeprecated-declarations]
 1162 |     glTexCoord2f(0, 0); glVertex3f(-w, -h, d);
      |     ^
/Library/Developer/CommandLineTools/SDKs/MacOSX.sdk/System/Library/Frameworks/OpenGL.framework/Headers/gl.h:2685:13: note: 'glTexCoord2f' has been explicitly marked deprecated here
 2685 | extern void glTexCoord2f (GLfloat s, GLfloat t) OPENGL_DEPRECATED(10.0, 10.14);
      |             ^
main.cpp:1162:25: warning: 'glVertex3f' is deprecated: first deprecated in macOS 10.14 - OpenGL API deprecated. (Define GL_SILENCE_DEPRECATION to silence these warnings) [-Wdeprecated-declarations]
 1162 |     glTexCoord2f(0, 0); glVertex3f(-w, -h, d);
      |                         ^
/Library/Developer/CommandLineTools/SDKs/MacOSX.sdk/System/Library/Frameworks/OpenGL.framework/Headers/gl.h:2740:13: note: 'glVertex3f' has been explicitly marked deprecated here
 2740 | extern void glVertex3f (GLfloat x, GLfloat y, GLfloat z) OPENGL_DEPRECATED(10.0, 10.14);
      |             ^
main.cpp:1163:5: warning: 'glTexCoord2f' is deprecated: first deprecated in macOS 10.14 - OpenGL API deprecated. (Define GL_SILENCE_DEPRECATION to silence these warnings) [-Wdeprecated-declarations]
 1163 |     glTexCoord2f(texScale, 0); glVertex3f(w, -h, d);
      |     ^
/Library/Developer/CommandLineTools/SDKs/MacOSX.sdk/System/Library/Frameworks/OpenGL.framework/Headers/gl.h:2685:13: note: 'glTexCoord2f' has been explicitly marked deprecated here
 2685 | extern void glTexCoord2f (GLfloat s, GLfloat t) OPENGL_DEPRECATED(10.0, 10.14);
      |             ^
main.cpp:1163:32: warning: 'glVertex3f' is deprecated: first deprecated in macOS 10.14 - OpenGL API deprecated. (Define GL_SILENCE_DEPRECATION to silence these warnings) [-Wdeprecated-declarations]
 1163 |     glTexCoord2f(texScale, 0); glVertex3f(w, -h, d);
      |                                ^
/Library/Developer/CommandLineTools/SDKs/MacOSX.sdk/System/Library/Frameworks/OpenGL.framework/Headers/gl.h:2740:13: note: 'glVertex3f' has been explicitly marked deprecated here
 2740 | extern void glVertex3f (GLfloat x, GLfloat y, GLfloat z) OPENGL_DEPRECATED(10.0, 10.14);
      |             ^
main.cpp:1164:5: warning: 'glTexCoord2f' is deprecated: first deprecated in macOS 10.14 - OpenGL API deprecated. (Define GL_SILENCE_DEPRECATION to silence these warnings) [-Wdeprecated-declarations]
 1164 |     glTexCoord2f(texScale, texScale); glVertex3f(w, h, d);
      |     ^
/Library/Developer/CommandLineTools/SDKs/MacOSX.sdk/System/Library/Frameworks/OpenGL.framework/Headers/gl.h:2685:13: note: 'glTexCoord2f' has been explicitly marked deprecated here
 2685 | extern void glTexCoord2f (GLfloat s, GLfloat t) OPENGL_DEPRECATED(10.0, 10.14);
      |             ^
main.cpp:1164:39: warning: 'glVertex3f' is deprecated: first deprecated in macOS 10.14 - OpenGL API deprecated. (Define GL_SILENCE_DEPRECATION to silence these warnings) [-Wdeprecated-declarations]
 1164 |     glTexCoord2f(texScale, texScale); glVertex3f(w, h, d);
      |                                       ^
/Library/Developer/CommandLineTools/SDKs/MacOSX.sdk/System/Library/Frameworks/OpenGL.framework/Headers/gl.h:2740:13: note: 'glVertex3f' has been explicitly marked deprecated here
 2740 | extern void glVertex3f (GLfloat x, GLfloat y, GLfloat z) OPENGL_DEPRECATED(10.0, 10.14);
      |             ^
main.cpp:1165:5: warning: 'glTexCoord2f' is deprecated: first deprecated in macOS 10.14 - OpenGL API deprecated. (Define GL_SILENCE_DEPRECATION to silence these warnings) [-Wdeprecated-declarations]
 1165 |     glTexCoord2f(0, texScale); glVertex3f(-w, h, d);
      |     ^
/Library/Developer/CommandLineTools/SDKs/MacOSX.sdk/System/Library/Frameworks/OpenGL.framework/Headers/gl.h:2685:13: note: 'glTexCoord2f' has been explicitly marked deprecated here
 2685 | extern void glTexCoord2f (GLfloat s, GLfloat t) OPENGL_DEPRECATED(10.0, 10.14);
      |             ^
main.cpp:1165:32: warning: 'glVertex3f' is deprecated: first deprecated in macOS 10.14 - OpenGL API deprecated. (Define GL_SILENCE_DEPRECATION to silence these warnings) [-Wdeprecated-declarations]
 1165 |     glTexCoord2f(0, texScale); glVertex3f(-w, h, d);
      |                                ^
/Library/Developer/CommandLineTools/SDKs/MacOSX.sdk/System/Library/Frameworks/OpenGL.framework/Headers/gl.h:2740:13: note: 'glVertex3f' has been explicitly marked deprecated here
 2740 | extern void glVertex3f (GLfloat x, GLfloat y, GLfloat z) OPENGL_DEPRECATED(10.0, 10.14);
      |             ^
main.cpp:1168:5: warning: 'glNormal3f' is deprecated: first deprecated in macOS 10.14 - OpenGL API deprecated. (Define GL_SILENCE_DEPRECATION to silence these warnings) [-Wdeprecated-declarations]
 1168 |     glNormal3f(0, 0, -1);
      |     ^
/Library/Developer/CommandLineTools/SDKs/MacOSX.sdk/System/Library/Frameworks/OpenGL.framework/Headers/gl.h:2597:13: note: 'glNormal3f' has been explicitly marked deprecated here
 2597 | extern void glNormal3f (GLfloat nx, GLfloat ny, GLfloat nz) OPENGL_DEPRECATED(10.0, 10.14);
      |             ^
main.cpp:1169:5: warning: 'glTexCoord2f' is deprecated: first deprecated in macOS 10.14 - OpenGL API deprecated. (Define GL_SILENCE_DEPRECATION to silence these warnings) [-Wdeprecated-declarations]
 1169 |     glTexCoord2f(0, 0); glVertex3f(w, -h, -d);
      |     ^
/Library/Developer/CommandLineTools/SDKs/MacOSX.sdk/System/Library/Frameworks/OpenGL.framework/Headers/gl.h:2685:13: note: 'glTexCoord2f' has been explicitly marked deprecated here
 2685 | extern void glTexCoord2f (GLfloat s, GLfloat t) OPENGL_DEPRECATED(10.0, 10.14);
      |             ^
main.cpp:1169:25: warning: 'glVertex3f' is deprecated: first deprecated in macOS 10.14 - OpenGL API deprecated. (Define GL_SILENCE_DEPRECATION to silence these warnings) [-Wdeprecated-declarations]
 1169 |     glTexCoord2f(0, 0); glVertex3f(w, -h, -d);
      |                         ^
/Library/Developer/CommandLineTools/SDKs/MacOSX.sdk/System/Library/Frameworks/OpenGL.framework/Headers/gl.h:2740:13: note: 'glVertex3f' has been explicitly marked deprecated here
 2740 | extern void glVertex3f (GLfloat x, GLfloat y, GLfloat z) OPENGL_DEPRECATED(10.0, 10.14);
      |             ^
main.cpp:1170:5: warning: 'glTexCoord2f' is deprecated: first deprecated in macOS 10.14 - OpenGL API deprecated. (Define GL_SILENCE_DEPRECATION to silence these warnings) [-Wdeprecated-declarations]
 1170 |     glTexCoord2f(texScale, 0); glVertex3f(-w, -h, -d);
      |     ^
/Library/Developer/CommandLineTools/SDKs/MacOSX.sdk/System/Library/Frameworks/OpenGL.framework/Headers/gl.h:2685:13: note: 'glTexCoord2f' has been explicitly marked deprecated here
 2685 | extern void glTexCoord2f (GLfloat s, GLfloat t) OPENGL_DEPRECATED(10.0, 10.14);
      |             ^
main.cpp:1170:32: warning: 'glVertex3f' is deprecated: first deprecated in macOS 10.14 - OpenGL API deprecated. (Define GL_SILENCE_DEPRECATION to silence these warnings) [-Wdeprecated-declarations]
 1170 |     glTexCoord2f(texScale, 0); glVertex3f(-w, -h, -d);
      |                                ^
/Library/Developer/CommandLineTools/SDKs/MacOSX.sdk/System/Library/Frameworks/OpenGL.framework/Headers/gl.h:2740:13: note: 'glVertex3f' has been explicitly marked deprecated here
 2740 | extern void glVertex3f (GLfloat x, GLfloat y, GLfloat z) OPENGL_DEPRECATED(10.0, 10.14);
      |             ^
main.cpp:1171:5: warning: 'glTexCoord2f' is deprecated: first deprecated in macOS 10.14 - OpenGL API deprecated. (Define GL_SILENCE_DEPRECATION to silence these warnings) [-Wdeprecated-declarations]
 1171 |     glTexCoord2f(texScale, texScale); glVertex3f(-w, h, -d);
      |     ^
/Library/Developer/CommandLineTools/SDKs/MacOSX.sdk/System/Library/Frameworks/OpenGL.framework/Headers/gl.h:2685:13: note: 'glTexCoord2f' has been explicitly marked deprecated here
 2685 | extern void glTexCoord2f (GLfloat s, GLfloat t) OPENGL_DEPRECATED(10.0, 10.14);
      |             ^
main.cpp:1171:39: warning: 'glVertex3f' is deprecated: first deprecated in macOS 10.14 - OpenGL API deprecated. (Define GL_SILENCE_DEPRECATION to silence these warnings) [-Wdeprecated-declarations]
 1171 |     glTexCoord2f(texScale, texScale); glVertex3f(-w, h, -d);
      |                                       ^
/Library/Developer/CommandLineTools/SDKs/MacOSX.sdk/System/Library/Frameworks/OpenGL.framework/Headers/gl.h:2740:13: note: 'glVertex3f' has been explicitly marked deprecated here
 2740 | extern void glVertex3f (GLfloat x, GLfloat y, GLfloat z) OPENGL_DEPRECATED(10.0, 10.14);
      |             ^
main.cpp:1172:5: warning: 'glTexCoord2f' is deprecated: first deprecated in macOS 10.14 - OpenGL API deprecated. (Define GL_SILENCE_DEPRECATION to silence these warnings) [-Wdeprecated-declarations]
 1172 |     glTexCoord2f(0, texScale); glVertex3f(w, h, -d);
      |     ^
/Library/Developer/CommandLineTools/SDKs/MacOSX.sdk/System/Library/Frameworks/OpenGL.framework/Headers/gl.h:2685:13: note: 'glTexCoord2f' has been explicitly marked deprecated here
 2685 | extern void glTexCoord2f (GLfloat s, GLfloat t) OPENGL_DEPRECATED(10.0, 10.14);
      |             ^
main.cpp:1172:32: warning: 'glVertex3f' is deprecated: first deprecated in macOS 10.14 - OpenGL API deprecated. (Define GL_SILENCE_DEPRECATION to silence these warnings) [-Wdeprecated-declarations]
 1172 |     glTexCoord2f(0, texScale); glVertex3f(w, h, -d);
      |                                ^
/Library/Developer/CommandLineTools/SDKs/MacOSX.sdk/System/Library/Frameworks/OpenGL.framework/Headers/gl.h:2740:13: note: 'glVertex3f' has been explicitly marked deprecated here
 2740 | extern void glVertex3f (GLfloat x, GLfloat y, GLfloat z) OPENGL_DEPRECATED(10.0, 10.14);
      |             ^
main.cpp:1175:5: warning: 'glNormal3f' is deprecated: first deprecated in macOS 10.14 - OpenGL API deprecated. (Define GL_SILENCE_DEPRECATION to silence these warnings) [-Wdeprecated-declarations]
 1175 |     glNormal3f(0, 1, 0);
      |     ^
/Library/Developer/CommandLineTools/SDKs/MacOSX.sdk/System/Library/Frameworks/OpenGL.framework/Headers/gl.h:2597:13: note: 'glNormal3f' has been explicitly marked deprecated here
 2597 | extern void glNormal3f (GLfloat nx, GLfloat ny, GLfloat nz) OPENGL_DEPRECATED(10.0, 10.14);
      |             ^
main.cpp:1176:5: warning: 'glTexCoord2f' is deprecated: first deprecated in macOS 10.14 - OpenGL API deprecated. (Define GL_SILENCE_DEPRECATION to silence these warnings) [-Wdeprecated-declarations]
 1176 |     glTexCoord2f(0, 0); glVertex3f(-w, h, -d);
      |     ^
/Library/Developer/CommandLineTools/SDKs/MacOSX.sdk/System/Library/Frameworks/OpenGL.framework/Headers/gl.h:2685:13: note: 'glTexCoord2f' has been explicitly marked deprecated here
 2685 | extern void glTexCoord2f (GLfloat s, GLfloat t) OPENGL_DEPRECATED(10.0, 10.14);
      |             ^
main.cpp:1176:25: warning: 'glVertex3f' is deprecated: first deprecated in macOS 10.14 - OpenGL API deprecated. (Define GL_SILENCE_DEPRECATION to silence these warnings) [-Wdeprecated-declarations]
 1176 |     glTexCoord2f(0, 0); glVertex3f(-w, h, -d);
      |                         ^
/Library/Developer/CommandLineTools/SDKs/MacOSX.sdk/System/Library/Frameworks/OpenGL.framework/Headers/gl.h:2740:13: note: 'glVertex3f' has been explicitly marked deprecated here
 2740 | extern void glVertex3f (GLfloat x, GLfloat y, GLfloat z) OPENGL_DEPRECATED(10.0, 10.14);
      |             ^
main.cpp:1177:5: warning: 'glTexCoord2f' is deprecated: first deprecated in macOS 10.14 - OpenGL API deprecated. (Define GL_SILENCE_DEPRECATION to silence these warnings) [-Wdeprecated-declarations]
 1177 |     glTexCoord2f(texScale, 0); glVertex3f(-w, h, d);
      |     ^
/Library/Developer/CommandLineTools/SDKs/MacOSX.sdk/System/Library/Frameworks/OpenGL.framework/Headers/gl.h:2685:13: note: 'glTexCoord2f' has been explicitly marked deprecated here
 2685 | extern void glTexCoord2f (GLfloat s, GLfloat t) OPENGL_DEPRECATED(10.0, 10.14);
      |             ^
main.cpp:1177:32: warning: 'glVertex3f' is deprecated: first deprecated in macOS 10.14 - OpenGL API deprecated. (Define GL_SILENCE_DEPRECATION to silence these warnings) [-Wdeprecated-declarations]
 1177 |     glTexCoord2f(texScale, 0); glVertex3f(-w, h, d);
      |                                ^
/Library/Developer/CommandLineTools/SDKs/MacOSX.sdk/System/Library/Frameworks/OpenGL.framework/Headers/gl.h:2740:13: note: 'glVertex3f' has been explicitly marked deprecated here
 2740 | extern void glVertex3f (GLfloat x, GLfloat y, GLfloat z) OPENGL_DEPRECATED(10.0, 10.14);
      |             ^
main.cpp:1178:5: warning: 'glTexCoord2f' is deprecated: first deprecated in macOS 10.14 - OpenGL API deprecated. (Define GL_SILENCE_DEPRECATION to silence these warnings) [-Wdeprecated-declarations]
 1178 |     glTexCoord2f(texScale, texScale); glVertex3f(w, h, d);
      |     ^
/Library/Developer/CommandLineTools/SDKs/MacOSX.sdk/System/Library/Frameworks/OpenGL.framework/Headers/gl.h:2685:13: note: 'glTexCoord2f' has been explicitly marked deprecated here
 2685 | extern void glTexCoord2f (GLfloat s, GLfloat t) OPENGL_DEPRECATED(10.0, 10.14);
      |             ^
main.cpp:1178:39: warning: 'glVertex3f' is deprecated: first deprecated in macOS 10.14 - OpenGL API deprecated. (Define GL_SILENCE_DEPRECATION to silence these warnings) [-Wdeprecated-declarations]
 1178 |     glTexCoord2f(texScale, texScale); glVertex3f(w, h, d);
      |                                       ^
/Library/Developer/CommandLineTools/SDKs/MacOSX.sdk/System/Library/Frameworks/OpenGL.framework/Headers/gl.h:2740:13: note: 'glVertex3f' has been explicitly marked deprecated here
 2740 | extern void glVertex3f (GLfloat x, GLfloat y, GLfloat z) OPENGL_DEPRECATED(10.0, 10.14);
      |             ^
main.cpp:1179:5: warning: 'glTexCoord2f' is deprecated: first deprecated in macOS 10.14 - OpenGL API deprecated. (Define GL_SILENCE_DEPRECATION to silence these warnings) [-Wdeprecated-declarations]
 1179 |     glTexCoord2f(0, texScale); glVertex3f(w, h, -d);
      |     ^
/Library/Developer/CommandLineTools/SDKs/MacOSX.sdk/System/Library/Frameworks/OpenGL.framework/Headers/gl.h:2685:13: note: 'glTexCoord2f' has been explicitly marked deprecated here
 2685 | extern void glTexCoord2f (GLfloat s, GLfloat t) OPENGL_DEPRECATED(10.0, 10.14);
      |             ^
main.cpp:1179:32: warning: 'glVertex3f' is deprecated: first deprecated in macOS 10.14 - OpenGL API deprecated. (Define GL_SILENCE_DEPRECATION to silence these warnings) [-Wdeprecated-declarations]
 1179 |     glTexCoord2f(0, texScale); glVertex3f(w, h, -d);
      |                                ^
/Library/Developer/CommandLineTools/SDKs/MacOSX.sdk/System/Library/Frameworks/OpenGL.framework/Headers/gl.h:2740:13: note: 'glVertex3f' has been explicitly marked deprecated here
 2740 | extern void glVertex3f (GLfloat x, GLfloat y, GLfloat z) OPENGL_DEPRECATED(10.0, 10.14);
      |             ^
main.cpp:1182:5: warning: 'glNormal3f' is deprecated: first deprecated in macOS 10.14 - OpenGL API deprecated. (Define GL_SILENCE_DEPRECATION to silence these warnings) [-Wdeprecated-declarations]
 1182 |     glNormal3f(0, -1, 0);
      |     ^
/Library/Developer/CommandLineTools/SDKs/MacOSX.sdk/System/Library/Frameworks/OpenGL.framework/Headers/gl.h:2597:13: note: 'glNormal3f' has been explicitly marked deprecated here
 2597 | extern void glNormal3f (GLfloat nx, GLfloat ny, GLfloat nz) OPENGL_DEPRECATED(10.0, 10.14);
      |             ^
main.cpp:1183:5: warning: 'glTexCoord2f' is deprecated: first deprecated in macOS 10.14 - OpenGL API deprecated. (Define GL_SILENCE_DEPRECATION to silence these warnings) [-Wdeprecated-declarations]
 1183 |     glTexCoord2f(0, 0); glVertex3f(-w, -h, d);
      |     ^
/Library/Developer/CommandLineTools/SDKs/MacOSX.sdk/System/Library/Frameworks/OpenGL.framework/Headers/gl.h:2685:13: note: 'glTexCoord2f' has been explicitly marked deprecated here
 2685 | extern void glTexCoord2f (GLfloat s, GLfloat t) OPENGL_DEPRECATED(10.0, 10.14);
      |             ^
main.cpp:1183:25: warning: 'glVertex3f' is deprecated: first deprecated in macOS 10.14 - OpenGL API deprecated. (Define GL_SILENCE_DEPRECATION to silence these warnings) [-Wdeprecated-declarations]
 1183 |     glTexCoord2f(0, 0); glVertex3f(-w, -h, d);
      |                         ^
/Library/Developer/CommandLineTools/SDKs/MacOSX.sdk/System/Library/Frameworks/OpenGL.framework/Headers/gl.h:2740:13: note: 'glVertex3f' has been explicitly marked deprecated here
 2740 | extern void glVertex3f (GLfloat x, GLfloat y, GLfloat z) OPENGL_DEPRECATED(10.0, 10.14);
      |             ^
main.cpp:1184:5: warning: 'glTexCoord2f' is deprecated: first deprecated in macOS 10.14 - OpenGL API deprecated. (Define GL_SILENCE_DEPRECATION to silence these warnings) [-Wdeprecated-declarations]
 1184 |     glTexCoord2f(texScale, 0); glVertex3f(-w, -h, -d);
      |     ^
/Library/Developer/CommandLineTools/SDKs/MacOSX.sdk/System/Library/Frameworks/OpenGL.framework/Headers/gl.h:2685:13: note: 'glTexCoord2f' has been explicitly marked deprecated here
 2685 | extern void glTexCoord2f (GLfloat s, GLfloat t) OPENGL_DEPRECATED(10.0, 10.14);
      |             ^
main.cpp:1184:32: warning: 'glVertex3f' is deprecated: first deprecated in macOS 10.14 - OpenGL API deprecated. (Define GL_SILENCE_DEPRECATION to silence these warnings) [-Wdeprecated-declarations]
 1184 |     glTexCoord2f(texScale, 0); glVertex3f(-w, -h, -d);
      |                                ^
/Library/Developer/CommandLineTools/SDKs/MacOSX.sdk/System/Library/Frameworks/OpenGL.framework/Headers/gl.h:2740:13: note: 'glVertex3f' has been explicitly marked deprecated here
 2740 | extern void glVertex3f (GLfloat x, GLfloat y, GLfloat z) OPENGL_DEPRECATED(10.0, 10.14);
      |             ^
main.cpp:1185:5: warning: 'glTexCoord2f' is deprecated: first deprecated in macOS 10.14 - OpenGL API deprecated. (Define GL_SILENCE_DEPRECATION to silence these warnings) [-Wdeprecated-declarations]
 1185 |     glTexCoord2f(texScale, texScale); glVertex3f(w, -h, -d);
      |     ^
/Library/Developer/CommandLineTools/SDKs/MacOSX.sdk/System/Library/Frameworks/OpenGL.framework/Headers/gl.h:2685:13: note: 'glTexCoord2f' has been explicitly marked deprecated here
 2685 | extern void glTexCoord2f (GLfloat s, GLfloat t) OPENGL_DEPRECATED(10.0, 10.14);
      |             ^
main.cpp:1185:39: warning: 'glVertex3f' is deprecated: first deprecated in macOS 10.14 - OpenGL API deprecated. (Define GL_SILENCE_DEPRECATION to silence these warnings) [-Wdeprecated-declarations]
 1185 |     glTexCoord2f(texScale, texScale); glVertex3f(w, -h, -d);
      |                                       ^
/Library/Developer/CommandLineTools/SDKs/MacOSX.sdk/System/Library/Frameworks/OpenGL.framework/Headers/gl.h:2740:13: note: 'glVertex3f' has been explicitly marked deprecated here
 2740 | extern void glVertex3f (GLfloat x, GLfloat y, GLfloat z) OPENGL_DEPRECATED(10.0, 10.14);
      |             ^
main.cpp:1186:5: warning: 'glTexCoord2f' is deprecated: first deprecated in macOS 10.14 - OpenGL API deprecated. (Define GL_SILENCE_DEPRECATION to silence these warnings) [-Wdeprecated-declarations]
 1186 |     glTexCoord2f(0, texScale); glVertex3f(w, -h, d);
      |     ^
/Library/Developer/CommandLineTools/SDKs/MacOSX.sdk/System/Library/Frameworks/OpenGL.framework/Headers/gl.h:2685:13: note: 'glTexCoord2f' has been explicitly marked deprecated here
 2685 | extern void glTexCoord2f (GLfloat s, GLfloat t) OPENGL_DEPRECATED(10.0, 10.14);
      |             ^
main.cpp:1186:32: warning: 'glVertex3f' is deprecated: first deprecated in macOS 10.14 - OpenGL API deprecated. (Define GL_SILENCE_DEPRECATION to silence these warnings) [-Wdeprecated-declarations]
 1186 |     glTexCoord2f(0, texScale); glVertex3f(w, -h, d);
      |                                ^
/Library/Developer/CommandLineTools/SDKs/MacOSX.sdk/System/Library/Frameworks/OpenGL.framework/Headers/gl.h:2740:13: note: 'glVertex3f' has been explicitly marked deprecated here
 2740 | extern void glVertex3f (GLfloat x, GLfloat y, GLfloat z) OPENGL_DEPRECATED(10.0, 10.14);
      |             ^
main.cpp:1189:5: warning: 'glNormal3f' is deprecated: first deprecated in macOS 10.14 - OpenGL API deprecated. (Define GL_SILENCE_DEPRECATION to silence these warnings) [-Wdeprecated-declarations]
 1189 |     glNormal3f(1, 0, 0);
      |     ^
/Library/Developer/CommandLineTools/SDKs/MacOSX.sdk/System/Library/Frameworks/OpenGL.framework/Headers/gl.h:2597:13: note: 'glNormal3f' has been explicitly marked deprecated here
 2597 | extern void glNormal3f (GLfloat nx, GLfloat ny, GLfloat nz) OPENGL_DEPRECATED(10.0, 10.14);
      |             ^
main.cpp:1190:5: warning: 'glTexCoord2f' is deprecated: first deprecated in macOS 10.14 - OpenGL API deprecated. (Define GL_SILENCE_DEPRECATION to silence these warnings) [-Wdeprecated-declarations]
 1190 |     glTexCoord2f(0, 0); glVertex3f(w, -h, d);
      |     ^
/Library/Developer/CommandLineTools/SDKs/MacOSX.sdk/System/Library/Frameworks/OpenGL.framework/Headers/gl.h:2685:13: note: 'glTexCoord2f' has been explicitly marked deprecated here
 2685 | extern void glTexCoord2f (GLfloat s, GLfloat t) OPENGL_DEPRECATED(10.0, 10.14);
      |             ^
main.cpp:1190:25: warning: 'glVertex3f' is deprecated: first deprecated in macOS 10.14 - OpenGL API deprecated. (Define GL_SILENCE_DEPRECATION to silence these warnings) [-Wdeprecated-declarations]
 1190 |     glTexCoord2f(0, 0); glVertex3f(w, -h, d);
      |                         ^
/Library/Developer/CommandLineTools/SDKs/MacOSX.sdk/System/Library/Frameworks/OpenGL.framework/Headers/gl.h:2740:13: note: 'glVertex3f' has been explicitly marked deprecated here
 2740 | extern void glVertex3f (GLfloat x, GLfloat y, GLfloat z) OPENGL_DEPRECATED(10.0, 10.14);
      |             ^
main.cpp:1191:5: warning: 'glTexCoord2f' is deprecated: first deprecated in macOS 10.14 - OpenGL API deprecated. (Define GL_SILENCE_DEPRECATION to silence these warnings) [-Wdeprecated-declarations]
 1191 |     glTexCoord2f(texScale, 0); glVertex3f(w, -h, -d);
      |     ^
/Library/Developer/CommandLineTools/SDKs/MacOSX.sdk/System/Library/Frameworks/OpenGL.framework/Headers/gl.h:2685:13: note: 'glTexCoord2f' has been explicitly marked deprecated here
 2685 | extern void glTexCoord2f (GLfloat s, GLfloat t) OPENGL_DEPRECATED(10.0, 10.14);
      |             ^
main.cpp:1191:32: warning: 'glVertex3f' is deprecated: first deprecated in macOS 10.14 - OpenGL API deprecated. (Define GL_SILENCE_DEPRECATION to silence these warnings) [-Wdeprecated-declarations]
 1191 |     glTexCoord2f(texScale, 0); glVertex3f(w, -h, -d);
      |                                ^
/Library/Developer/CommandLineTools/SDKs/MacOSX.sdk/System/Library/Frameworks/OpenGL.framework/Headers/gl.h:2740:13: note: 'glVertex3f' has been explicitly marked deprecated here
 2740 | extern void glVertex3f (GLfloat x, GLfloat y, GLfloat z) OPENGL_DEPRECATED(10.0, 10.14);
      |             ^
main.cpp:1192:5: warning: 'glTexCoord2f' is deprecated: first deprecated in macOS 10.14 - OpenGL API deprecated. (Define GL_SILENCE_DEPRECATION to silence these warnings) [-Wdeprecated-declarations]
 1192 |     glTexCoord2f(texScale, texScale); glVertex3f(w, h, -d);
      |     ^
/Library/Developer/CommandLineTools/SDKs/MacOSX.sdk/System/Library/Frameworks/OpenGL.framework/Headers/gl.h:2685:13: note: 'glTexCoord2f' has been explicitly marked deprecated here
 2685 | extern void glTexCoord2f (GLfloat s, GLfloat t) OPENGL_DEPRECATED(10.0, 10.14);
      |             ^
main.cpp:1192:39: warning: 'glVertex3f' is deprecated: first deprecated in macOS 10.14 - OpenGL API deprecated. (Define GL_SILENCE_DEPRECATION to silence these warnings) [-Wdeprecated-declarations]
 1192 |     glTexCoord2f(texScale, texScale); glVertex3f(w, h, -d);
      |                                       ^
/Library/Developer/CommandLineTools/SDKs/MacOSX.sdk/System/Library/Frameworks/OpenGL.framework/Headers/gl.h:2740:13: note: 'glVertex3f' has been explicitly marked deprecated here
 2740 | extern void glVertex3f (GLfloat x, GLfloat y, GLfloat z) OPENGL_DEPRECATED(10.0, 10.14);
      |             ^
main.cpp:1193:5: warning: 'glTexCoord2f' is deprecated: first deprecated in macOS 10.14 - OpenGL API deprecated. (Define GL_SILENCE_DEPRECATION to silence these warnings) [-Wdeprecated-declarations]
 1193 |     glTexCoord2f(0, texScale); glVertex3f(w, h, d);
      |     ^
/Library/Developer/CommandLineTools/SDKs/MacOSX.sdk/System/Library/Frameworks/OpenGL.framework/Headers/gl.h:2685:13: note: 'glTexCoord2f' has been explicitly marked deprecated here
 2685 | extern void glTexCoord2f (GLfloat s, GLfloat t) OPENGL_DEPRECATED(10.0, 10.14);
      |             ^
main.cpp:1193:32: warning: 'glVertex3f' is deprecated: first deprecated in macOS 10.14 - OpenGL API deprecated. (Define GL_SILENCE_DEPRECATION to silence these warnings) [-Wdeprecated-declarations]
 1193 |     glTexCoord2f(0, texScale); glVertex3f(w, h, d);
      |                                ^
/Library/Developer/CommandLineTools/SDKs/MacOSX.sdk/System/Library/Frameworks/OpenGL.framework/Headers/gl.h:2740:13: note: 'glVertex3f' has been explicitly marked deprecated here
 2740 | extern void glVertex3f (GLfloat x, GLfloat y, GLfloat z) OPENGL_DEPRECATED(10.0, 10.14);
      |             ^
main.cpp:1196:5: warning: 'glNormal3f' is deprecated: first deprecated in macOS 10.14 - OpenGL API deprecated. (Define GL_SILENCE_DEPRECATION to silence these warnings) [-Wdeprecated-declarations]
 1196 |     glNormal3f(-1, 0, 0);
      |     ^
/Library/Developer/CommandLineTools/SDKs/MacOSX.sdk/System/Library/Frameworks/OpenGL.framework/Headers/gl.h:2597:13: note: 'glNormal3f' has been explicitly marked deprecated here
 2597 | extern void glNormal3f (GLfloat nx, GLfloat ny, GLfloat nz) OPENGL_DEPRECATED(10.0, 10.14);
      |             ^
main.cpp:1197:5: warning: 'glTexCoord2f' is deprecated: first deprecated in macOS 10.14 - OpenGL API deprecated. (Define GL_SILENCE_DEPRECATION to silence these warnings) [-Wdeprecated-declarations]
 1197 |     glTexCoord2f(0, 0); glVertex3f(-w, -h, -d);
      |     ^
/Library/Developer/CommandLineTools/SDKs/MacOSX.sdk/System/Library/Frameworks/OpenGL.framework/Headers/gl.h:2685:13: note: 'glTexCoord2f' has been explicitly marked deprecated here
 2685 | extern void glTexCoord2f (GLfloat s, GLfloat t) OPENGL_DEPRECATED(10.0, 10.14);
      |             ^
main.cpp:1197:25: warning: 'glVertex3f' is deprecated: first deprecated in macOS 10.14 - OpenGL API deprecated. (Define GL_SILENCE_DEPRECATION to silence these warnings) [-Wdeprecated-declarations]
 1197 |     glTexCoord2f(0, 0); glVertex3f(-w, -h, -d);
      |                         ^
/Library/Developer/CommandLineTools/SDKs/MacOSX.sdk/System/Library/Frameworks/OpenGL.framework/Headers/gl.h:2740:13: note: 'glVertex3f' has been explicitly marked deprecated here
 2740 | extern void glVertex3f (GLfloat x, GLfloat y, GLfloat z) OPENGL_DEPRECATED(10.0, 10.14);
      |             ^
main.cpp:1198:5: warning: 'glTexCoord2f' is deprecated: first deprecated in macOS 10.14 - OpenGL API deprecated. (Define GL_SILENCE_DEPRECATION to silence these warnings) [-Wdeprecated-declarations]
 1198 |     glTexCoord2f(texScale, 0); glVertex3f(-w, -h, d);
      |     ^
/Library/Developer/CommandLineTools/SDKs/MacOSX.sdk/System/Library/Frameworks/OpenGL.framework/Headers/gl.h:2685:13: note: 'glTexCoord2f' has been explicitly marked deprecated here
 2685 | extern void glTexCoord2f (GLfloat s, GLfloat t) OPENGL_DEPRECATED(10.0, 10.14);
      |             ^
main.cpp:1198:32: warning: 'glVertex3f' is deprecated: first deprecated in macOS 10.14 - OpenGL API deprecated. (Define GL_SILENCE_DEPRECATION to silence these warnings) [-Wdeprecated-declarations]
 1198 |     glTexCoord2f(texScale, 0); glVertex3f(-w, -h, d);
      |                                ^
/Library/Developer/CommandLineTools/SDKs/MacOSX.sdk/System/Library/Frameworks/OpenGL.framework/Headers/gl.h:2740:13: note: 'glVertex3f' has been explicitly marked deprecated here
 2740 | extern void glVertex3f (GLfloat x, GLfloat y, GLfloat z) OPENGL_DEPRECATED(10.0, 10.14);
      |             ^
main.cpp:1199:5: warning: 'glTexCoord2f' is deprecated: first deprecated in macOS 10.14 - OpenGL API deprecated. (Define GL_SILENCE_DEPRECATION to silence these warnings) [-Wdeprecated-declarations]
 1199 |     glTexCoord2f(texScale, texScale); glVertex3f(-w, h, d);
      |     ^
/Library/Developer/CommandLineTools/SDKs/MacOSX.sdk/System/Library/Frameworks/OpenGL.framework/Headers/gl.h:2685:13: note: 'glTexCoord2f' has been explicitly marked deprecated here
 2685 | extern void glTexCoord2f (GLfloat s, GLfloat t) OPENGL_DEPRECATED(10.0, 10.14);
      |             ^
main.cpp:1199:39: warning: 'glVertex3f' is deprecated: first deprecated in macOS 10.14 - OpenGL API deprecated. (Define GL_SILENCE_DEPRECATION to silence these warnings) [-Wdeprecated-declarations]
 1199 |     glTexCoord2f(texScale, texScale); glVertex3f(-w, h, d);
      |                                       ^
/Library/Developer/CommandLineTools/SDKs/MacOSX.sdk/System/Library/Frameworks/OpenGL.framework/Headers/gl.h:2740:13: note: 'glVertex3f' has been explicitly marked deprecated here
 2740 | extern void glVertex3f (GLfloat x, GLfloat y, GLfloat z) OPENGL_DEPRECATED(10.0, 10.14);
      |             ^
main.cpp:1200:5: warning: 'glTexCoord2f' is deprecated: first deprecated in macOS 10.14 - OpenGL API deprecated. (Define GL_SILENCE_DEPRECATION to silence these warnings) [-Wdeprecated-declarations]
 1200 |     glTexCoord2f(0, texScale); glVertex3f(-w, h, -d);
      |     ^
/Library/Developer/CommandLineTools/SDKs/MacOSX.sdk/System/Library/Frameworks/OpenGL.framework/Headers/gl.h:2685:13: note: 'glTexCoord2f' has been explicitly marked deprecated here
 2685 | extern void glTexCoord2f (GLfloat s, GLfloat t) OPENGL_DEPRECATED(10.0, 10.14);
      |             ^
main.cpp:1200:32: warning: 'glVertex3f' is deprecated: first deprecated in macOS 10.14 - OpenGL API deprecated. (Define GL_SILENCE_DEPRECATION to silence these warnings) [-Wdeprecated-declarations]
 1200 |     glTexCoord2f(0, texScale); glVertex3f(-w, h, -d);
      |                                ^
/Library/Developer/CommandLineTools/SDKs/MacOSX.sdk/System/Library/Frameworks/OpenGL.framework/Headers/gl.h:2740:13: note: 'glVertex3f' has been explicitly marked deprecated here
 2740 | extern void glVertex3f (GLfloat x, GLfloat y, GLfloat z) OPENGL_DEPRECATED(10.0, 10.14);
      |             ^
main.cpp:1202:5: warning: 'glEnd' is deprecated: first deprecated in macOS 10.14 - OpenGL API deprecated. (Define GL_SILENCE_DEPRECATION to silence these warnings) [-Wdeprecated-declarations]
 1202 |     glEnd();
      |     ^
/Library/Developer/CommandLineTools/SDKs/MacOSX.sdk/System/Library/Frameworks/OpenGL.framework/Headers/gl.h:2474:13: note: 'glEnd' has been explicitly marked deprecated here
 2474 | extern void glEnd (void) OPENGL_DEPRECATED(10.0, 10.14);
      |             ^
main.cpp:1204:5: warning: 'glDisable' is deprecated: first deprecated in macOS 10.14 - OpenGL API deprecated. (Define GL_SILENCE_DEPRECATION to silence these warnings) [-Wdeprecated-declarations]
 1204 |     glDisable(GL_TEXTURE_2D);
      |     ^
/Library/Developer/CommandLineTools/SDKs/MacOSX.sdk/System/Library/Frameworks/OpenGL.framework/Headers/gl.h:2462:13: note: 'glDisable' has been explicitly marked deprecated here
 2462 | extern void glDisable (GLenum cap) OPENGL_DEPRECATED(10.0, 10.14);
      |             ^
main.cpp:1209:5: warning: 'glEnable' is deprecated: first deprecated in macOS 10.14 - OpenGL API deprecated. (Define GL_SILENCE_DEPRECATION to silence these warnings) [-Wdeprecated-declarations]
 1209 |     glEnable(GL_TEXTURE_2D);
      |     ^
/Library/Developer/CommandLineTools/SDKs/MacOSX.sdk/System/Library/Frameworks/OpenGL.framework/Headers/gl.h:2472:13: note: 'glEnable' has been explicitly marked deprecated here
 2472 | extern void glEnable (GLenum cap) OPENGL_DEPRECATED(10.0, 10.14);
      |             ^
main.cpp:1210:5: warning: 'glBindTexture' is deprecated: first deprecated in macOS 10.14 - OpenGL API deprecated. (Define GL_SILENCE_DEPRECATION to silence these warnings) [-Wdeprecated-declarations]
 1210 |     glBindTexture(GL_TEXTURE_2D, grassTexture);
      |     ^
/Library/Developer/CommandLineTools/SDKs/MacOSX.sdk/System/Library/Frameworks/OpenGL.framework/Headers/gl.h:2386:13: note: 'glBindTexture' has been explicitly marked deprecated here
 2386 | extern void glBindTexture (GLenum target, GLuint texture) OPENGL_DEPRECATED(10.0, 10.14);
      |             ^
main.cpp:1217:5: warning: 'glMaterialfv' is deprecated: first deprecated in macOS 10.14 - OpenGL API deprecated. (Define GL_SILENCE_DEPRECATION to silence these warnings) [-Wdeprecated-declarations]
 1217 |     glMaterialfv(GL_FRONT_AND_BACK, GL_AMBIENT, mat_ambient);
      |     ^
/Library/Developer/CommandLineTools/SDKs/MacOSX.sdk/System/Library/Frameworks/OpenGL.framework/Headers/gl.h:2585:13: note: 'glMaterialfv' has been explicitly marked deprecated here
 2585 | extern void glMaterialfv (GLenum face, GLenum pname, const GLfloat *params) OPENGL_DEPRECATED(10.0, 10.14);
      |             ^
main.cpp:1218:5: warning: 'glMaterialfv' is deprecated: first deprecated in macOS 10.14 - OpenGL API deprecated. (Define GL_SILENCE_DEPRECATION to silence these warnings) [-Wdeprecated-declarations]
 1218 |     glMaterialfv(GL_FRONT_AND_BACK, GL_DIFFUSE, mat_diffuse);
      |     ^
/Library/Developer/CommandLineTools/SDKs/MacOSX.sdk/System/Library/Frameworks/OpenGL.framework/Headers/gl.h:2585:13: note: 'glMaterialfv' has been explicitly marked deprecated here
 2585 | extern void glMaterialfv (GLenum face, GLenum pname, const GLfloat *params) OPENGL_DEPRECATED(10.0, 10.14);
      |             ^
main.cpp:1219:5: warning: 'glMaterialfv' is deprecated: first deprecated in macOS 10.14 - OpenGL API deprecated. (Define GL_SILENCE_DEPRECATION to silence these warnings) [-Wdeprecated-declarations]
 1219 |     glMaterialfv(GL_FRONT_AND_BACK, GL_SPECULAR, mat_specular);
      |     ^
/Library/Developer/CommandLineTools/SDKs/MacOSX.sdk/System/Library/Frameworks/OpenGL.framework/Headers/gl.h:2585:13: note: 'glMaterialfv' has been explicitly marked deprecated here
 2585 | extern void glMaterialfv (GLenum face, GLenum pname, const GLfloat *params) OPENGL_DEPRECATED(10.0, 10.14);
      |             ^
main.cpp:1220:5: warning: 'glMaterialfv' is deprecated: first deprecated in macOS 10.14 - OpenGL API deprecated. (Define GL_SILENCE_DEPRECATION to silence these warnings) [-Wdeprecated-declarations]
 1220 |     glMaterialfv(GL_FRONT_AND_BACK, GL_SHININESS, mat_shininess);
      |     ^
/Library/Developer/CommandLineTools/SDKs/MacOSX.sdk/System/Library/Frameworks/OpenGL.framework/Headers/gl.h:2585:13: note: 'glMaterialfv' has been explicitly marked deprecated here
 2585 | extern void glMaterialfv (GLenum face, GLenum pname, const GLfloat *params) OPENGL_DEPRECATED(10.0, 10.14);
      |             ^
main.cpp:1221:5: warning: 'glColor3f' is deprecated: first deprecated in macOS 10.14 - OpenGL API deprecated. (Define GL_SILENCE_DEPRECATION to silence these warnings) [-Wdeprecated-declarations]
 1221 |     glColor3f(0.25f, 0.7f, 0.25f);  // Brighter green
      |     ^
/Library/Developer/CommandLineTools/SDKs/MacOSX.sdk/System/Library/Frameworks/OpenGL.framework/Headers/gl.h:2405:13: note: 'glColor3f' has been explicitly marked deprecated here
 2405 | extern void glColor3f (GLfloat red, GLfloat green, GLfloat blue) OPENGL_DEPRECATED(10.0, 10.14);
      |             ^
main.cpp:1226:5: warning: 'glBegin' is deprecated: first deprecated in macOS 10.14 - OpenGL API deprecated. (Define GL_SILENCE_DEPRECATION to silence these warnings) [-Wdeprecated-declarations]
 1226 |     glBegin(GL_QUADS);
      |     ^
/Library/Developer/CommandLineTools/SDKs/MacOSX.sdk/System/Library/Frameworks/OpenGL.framework/Headers/gl.h:2385:13: note: 'glBegin' has been explicitly marked deprecated here
 2385 | extern void glBegin (GLenum mode) OPENGL_DEPRECATED(10.0, 10.14);
      |             ^
main.cpp:1227:5: warning: 'glNormal3f' is deprecated: first deprecated in macOS 10.14 - OpenGL API deprecated. (Define GL_SILENCE_DEPRECATION to silence these warnings) [-Wdeprecated-declarations]
 1227 |     glNormal3f(0, 1, 0);
      |     ^
/Library/Developer/CommandLineTools/SDKs/MacOSX.sdk/System/Library/Frameworks/OpenGL.framework/Headers/gl.h:2597:13: note: 'glNormal3f' has been explicitly marked deprecated here
 2597 | extern void glNormal3f (GLfloat nx, GLfloat ny, GLfloat nz) OPENGL_DEPRECATED(10.0, 10.14);
      |             ^
main.cpp:1228:5: warning: 'glTexCoord2f' is deprecated: first deprecated in macOS 10.14 - OpenGL API deprecated. (Define GL_SILENCE_DEPRECATION to silence these warnings) [-Wdeprecated-declarations]
 1228 |     glTexCoord2f(0, 0); glVertex3f(-500, 0, -500);
      |     ^
/Library/Developer/CommandLineTools/SDKs/MacOSX.sdk/System/Library/Frameworks/OpenGL.framework/Headers/gl.h:2685:13: note: 'glTexCoord2f' has been explicitly marked deprecated here
 2685 | extern void glTexCoord2f (GLfloat s, GLfloat t) OPENGL_DEPRECATED(10.0, 10.14);
      |             ^
main.cpp:1228:25: warning: 'glVertex3f' is deprecated: first deprecated in macOS 10.14 - OpenGL API deprecated. (Define GL_SILENCE_DEPRECATION to silence these warnings) [-Wdeprecated-declarations]
 1228 |     glTexCoord2f(0, 0); glVertex3f(-500, 0, -500);
      |                         ^
/Library/Developer/CommandLineTools/SDKs/MacOSX.sdk/System/Library/Frameworks/OpenGL.framework/Headers/gl.h:2740:13: note: 'glVertex3f' has been explicitly marked deprecated here
 2740 | extern void glVertex3f (GLfloat x, GLfloat y, GLfloat z) OPENGL_DEPRECATED(10.0, 10.14);
      |             ^
main.cpp:1229:5: warning: 'glTexCoord2f' is deprecated: first deprecated in macOS 10.14 - OpenGL API deprecated. (Define GL_SILENCE_DEPRECATION to silence these warnings) [-Wdeprecated-declarations]
 1229 |     glTexCoord2f(texRep, 0); glVertex3f(-20, 0, -500);
      |     ^
/Library/Developer/CommandLineTools/SDKs/MacOSX.sdk/System/Library/Frameworks/OpenGL.framework/Headers/gl.h:2685:13: note: 'glTexCoord2f' has been explicitly marked deprecated here
 2685 | extern void glTexCoord2f (GLfloat s, GLfloat t) OPENGL_DEPRECATED(10.0, 10.14);
      |             ^
main.cpp:1229:30: warning: 'glVertex3f' is deprecated: first deprecated in macOS 10.14 - OpenGL API deprecated. (Define GL_SILENCE_DEPRECATION to silence these warnings) [-Wdeprecated-declarations]
 1229 |     glTexCoord2f(texRep, 0); glVertex3f(-20, 0, -500);
      |                              ^
/Library/Developer/CommandLineTools/SDKs/MacOSX.sdk/System/Library/Frameworks/OpenGL.framework/Headers/gl.h:2740:13: note: 'glVertex3f' has been explicitly marked deprecated here
 2740 | extern void glVertex3f (GLfloat x, GLfloat y, GLfloat z) OPENGL_DEPRECATED(10.0, 10.14);
      |             ^
main.cpp:1230:5: warning: 'glTexCoord2f' is deprecated: first deprecated in macOS 10.14 - OpenGL API deprecated. (Define GL_SILENCE_DEPRECATION to silence these warnings) [-Wdeprecated-declarations]
 1230 |     glTexCoord2f(texRep, texRep); glVertex3f(-20, 0, 500);
      |     ^
/Library/Developer/CommandLineTools/SDKs/MacOSX.sdk/System/Library/Frameworks/OpenGL.framework/Headers/gl.h:2685:13: note: 'glTexCoord2f' has been explicitly marked deprecated here
 2685 | extern void glTexCoord2f (GLfloat s, GLfloat t) OPENGL_DEPRECATED(10.0, 10.14);
      |             ^
main.cpp:1230:35: warning: 'glVertex3f' is deprecated: first deprecated in macOS 10.14 - OpenGL API deprecated. (Define GL_SILENCE_DEPRECATION to silence these warnings) [-Wdeprecated-declarations]
 1230 |     glTexCoord2f(texRep, texRep); glVertex3f(-20, 0, 500);
      |                                   ^
/Library/Developer/CommandLineTools/SDKs/MacOSX.sdk/System/Library/Frameworks/OpenGL.framework/Headers/gl.h:2740:13: note: 'glVertex3f' has been explicitly marked deprecated here
 2740 | extern void glVertex3f (GLfloat x, GLfloat y, GLfloat z) OPENGL_DEPRECATED(10.0, 10.14);
      |             ^
main.cpp:1231:5: warning: 'glTexCoord2f' is deprecated: first deprecated in macOS 10.14 - OpenGL API deprecated. (Define GL_SILENCE_DEPRECATION to silence these warnings) [-Wdeprecated-declarations]
 1231 |     glTexCoord2f(0, texRep); glVertex3f(-500, 0, 500);
      |     ^
/Library/Developer/CommandLineTools/SDKs/MacOSX.sdk/System/Library/Frameworks/OpenGL.framework/Headers/gl.h:2685:13: note: 'glTexCoord2f' has been explicitly marked deprecated here
 2685 | extern void glTexCoord2f (GLfloat s, GLfloat t) OPENGL_DEPRECATED(10.0, 10.14);
      |             ^
main.cpp:1231:30: warning: 'glVertex3f' is deprecated: first deprecated in macOS 10.14 - OpenGL API deprecated. (Define GL_SILENCE_DEPRECATION to silence these warnings) [-Wdeprecated-declarations]
 1231 |     glTexCoord2f(0, texRep); glVertex3f(-500, 0, 500);
      |                              ^
/Library/Developer/CommandLineTools/SDKs/MacOSX.sdk/System/Library/Frameworks/OpenGL.framework/Headers/gl.h:2740:13: note: 'glVertex3f' has been explicitly marked deprecated here
 2740 | extern void glVertex3f (GLfloat x, GLfloat y, GLfloat z) OPENGL_DEPRECATED(10.0, 10.14);
      |             ^
main.cpp:1232:5: warning: 'glEnd' is deprecated: first deprecated in macOS 10.14 - OpenGL API deprecated. (Define GL_SILENCE_DEPRECATION to silence these warnings) [-Wdeprecated-declarations]
 1232 |     glEnd();
      |     ^
/Library/Developer/CommandLineTools/SDKs/MacOSX.sdk/System/Library/Frameworks/OpenGL.framework/Headers/gl.h:2474:13: note: 'glEnd' has been explicitly marked deprecated here
 2474 | extern void glEnd (void) OPENGL_DEPRECATED(10.0, 10.14);
      |             ^
main.cpp:1235:5: warning: 'glBegin' is deprecated: first deprecated in macOS 10.14 - OpenGL API deprecated. (Define GL_SILENCE_DEPRECATION to silence these warnings) [-Wdeprecated-declarations]
 1235 |     glBegin(GL_QUADS);
      |     ^
/Library/Developer/CommandLineTools/SDKs/MacOSX.sdk/System/Library/Frameworks/OpenGL.framework/Headers/gl.h:2385:13: note: 'glBegin' has been explicitly marked deprecated here
 2385 | extern void glBegin (GLenum mode) OPENGL_DEPRECATED(10.0, 10.14);
      |             ^
main.cpp:1236:5: warning: 'glNormal3f' is deprecated: first deprecated in macOS 10.14 - OpenGL API deprecated. (Define GL_SILENCE_DEPRECATION to silence these warnings) [-Wdeprecated-declarations]
 1236 |     glNormal3f(0, 1, 0);
      |     ^
/Library/Developer/CommandLineTools/SDKs/MacOSX.sdk/System/Library/Frameworks/OpenGL.framework/Headers/gl.h:2597:13: note: 'glNormal3f' has been explicitly marked deprecated here
 2597 | extern void glNormal3f (GLfloat nx, GLfloat ny, GLfloat nz) OPENGL_DEPRECATED(10.0, 10.14);
      |             ^
main.cpp:1237:5: warning: 'glTexCoord2f' is deprecated: first deprecated in macOS 10.14 - OpenGL API deprecated. (Define GL_SILENCE_DEPRECATION to silence these warnings) [-Wdeprecated-declarations]
 1237 |     glTexCoord2f(0, 0); glVertex3f(20, 0, -500);
      |     ^
/Library/Developer/CommandLineTools/SDKs/MacOSX.sdk/System/Library/Frameworks/OpenGL.framework/Headers/gl.h:2685:13: note: 'glTexCoord2f' has been explicitly marked deprecated here
 2685 | extern void glTexCoord2f (GLfloat s, GLfloat t) OPENGL_DEPRECATED(10.0, 10.14);
      |             ^
main.cpp:1237:25: warning: 'glVertex3f' is deprecated: first deprecated in macOS 10.14 - OpenGL API deprecated. (Define GL_SILENCE_DEPRECATION to silence these warnings) [-Wdeprecated-declarations]
 1237 |     glTexCoord2f(0, 0); glVertex3f(20, 0, -500);
      |                         ^
/Library/Developer/CommandLineTools/SDKs/MacOSX.sdk/System/Library/Frameworks/OpenGL.framework/Headers/gl.h:2740:13: note: 'glVertex3f' has been explicitly marked deprecated here
 2740 | extern void glVertex3f (GLfloat x, GLfloat y, GLfloat z) OPENGL_DEPRECATED(10.0, 10.14);
      |             ^
main.cpp:1238:5: warning: 'glTexCoord2f' is deprecated: first deprecated in macOS 10.14 - OpenGL API deprecated. (Define GL_SILENCE_DEPRECATION to silence these warnings) [-Wdeprecated-declarations]
 1238 |     glTexCoord2f(texRep, 0); glVertex3f(500, 0, -500);
      |     ^
/Library/Developer/CommandLineTools/SDKs/MacOSX.sdk/System/Library/Frameworks/OpenGL.framework/Headers/gl.h:2685:13: note: 'glTexCoord2f' has been explicitly marked deprecated here
 2685 | extern void glTexCoord2f (GLfloat s, GLfloat t) OPENGL_DEPRECATED(10.0, 10.14);
      |             ^
main.cpp:1238:30: warning: 'glVertex3f' is deprecated: first deprecated in macOS 10.14 - OpenGL API deprecated. (Define GL_SILENCE_DEPRECATION to silence these warnings) [-Wdeprecated-declarations]
 1238 |     glTexCoord2f(texRep, 0); glVertex3f(500, 0, -500);
      |                              ^
/Library/Developer/CommandLineTools/SDKs/MacOSX.sdk/System/Library/Frameworks/OpenGL.framework/Headers/gl.h:2740:13: note: 'glVertex3f' has been explicitly marked deprecated here
 2740 | extern void glVertex3f (GLfloat x, GLfloat y, GLfloat z) OPENGL_DEPRECATED(10.0, 10.14);
      |             ^
main.cpp:1239:5: warning: 'glTexCoord2f' is deprecated: first deprecated in macOS 10.14 - OpenGL API deprecated. (Define GL_SILENCE_DEPRECATION to silence these warnings) [-Wdeprecated-declarations]
 1239 |     glTexCoord2f(texRep, texRep); glVertex3f(500, 0, 500);
      |     ^
/Library/Developer/CommandLineTools/SDKs/MacOSX.sdk/System/Library/Frameworks/OpenGL.framework/Headers/gl.h:2685:13: note: 'glTexCoord2f' has been explicitly marked deprecated here
 2685 | extern void glTexCoord2f (GLfloat s, GLfloat t) OPENGL_DEPRECATED(10.0, 10.14);
      |             ^
main.cpp:1239:35: warning: 'glVertex3f' is deprecated: first deprecated in macOS 10.14 - OpenGL API deprecated. (Define GL_SILENCE_DEPRECATION to silence these warnings) [-Wdeprecated-declarations]
 1239 |     glTexCoord2f(texRep, texRep); glVertex3f(500, 0, 500);
      |                                   ^
/Library/Developer/CommandLineTools/SDKs/MacOSX.sdk/System/Library/Frameworks/OpenGL.framework/Headers/gl.h:2740:13: note: 'glVertex3f' has been explicitly marked deprecated here
 2740 | extern void glVertex3f (GLfloat x, GLfloat y, GLfloat z) OPENGL_DEPRECATED(10.0, 10.14);
      |             ^
main.cpp:1240:5: warning: 'glTexCoord2f' is deprecated: first deprecated in macOS 10.14 - OpenGL API deprecated. (Define GL_SILENCE_DEPRECATION to silence these warnings) [-Wdeprecated-declarations]
 1240 |     glTexCoord2f(0, texRep); glVertex3f(20, 0, 500);
      |     ^
/Library/Developer/CommandLineTools/SDKs/MacOSX.sdk/System/Library/Frameworks/OpenGL.framework/Headers/gl.h:2685:13: note: 'glTexCoord2f' has been explicitly marked deprecated here
 2685 | extern void glTexCoord2f (GLfloat s, GLfloat t) OPENGL_DEPRECATED(10.0, 10.14);
      |             ^
main.cpp:1240:30: warning: 'glVertex3f' is deprecated: first deprecated in macOS 10.14 - OpenGL API deprecated. (Define GL_SILENCE_DEPRECATION to silence these warnings) [-Wdeprecated-declarations]
 1240 |     glTexCoord2f(0, texRep); glVertex3f(20, 0, 500);
      |                              ^
/Library/Developer/CommandLineTools/SDKs/MacOSX.sdk/System/Library/Frameworks/OpenGL.framework/Headers/gl.h:2740:13: note: 'glVertex3f' has been explicitly marked deprecated here
 2740 | extern void glVertex3f (GLfloat x, GLfloat y, GLfloat z) OPENGL_DEPRECATED(10.0, 10.14);
      |             ^
main.cpp:1241:5: warning: 'glEnd' is deprecated: first deprecated in macOS 10.14 - OpenGL API deprecated. (Define GL_SILENCE_DEPRECATION to silence these warnings) [-Wdeprecated-declarations]
 1241 |     glEnd();
      |     ^
/Library/Developer/CommandLineTools/SDKs/MacOSX.sdk/System/Library/Frameworks/OpenGL.framework/Headers/gl.h:2474:13: note: 'glEnd' has been explicitly marked deprecated here
 2474 | extern void glEnd (void) OPENGL_DEPRECATED(10.0, 10.14);
      |             ^
main.cpp:1244:5: warning: 'glBegin' is deprecated: first deprecated in macOS 10.14 - OpenGL API deprecated. (Define GL_SILENCE_DEPRECATION to silence these warnings) [-Wdeprecated-declarations]
 1244 |     glBegin(GL_QUADS);
      |     ^
/Library/Developer/CommandLineTools/SDKs/MacOSX.sdk/System/Library/Frameworks/OpenGL.framework/Headers/gl.h:2385:13: note: 'glBegin' has been explicitly marked deprecated here
 2385 | extern void glBegin (GLenum mode) OPENGL_DEPRECATED(10.0, 10.14);
      |             ^
main.cpp:1245:5: warning: 'glNormal3f' is deprecated: first deprecated in macOS 10.14 - OpenGL API deprecated. (Define GL_SILENCE_DEPRECATION to silence these warnings) [-Wdeprecated-declarations]
 1245 |     glNormal3f(0, 1, 0);
      |     ^
/Library/Developer/CommandLineTools/SDKs/MacOSX.sdk/System/Library/Frameworks/OpenGL.framework/Headers/gl.h:2597:13: note: 'glNormal3f' has been explicitly marked deprecated here
 2597 | extern void glNormal3f (GLfloat nx, GLfloat ny, GLfloat nz) OPENGL_DEPRECATED(10.0, 10.14);
      |             ^
main.cpp:1246:5: warning: 'glVertex3f' is deprecated: first deprecated in macOS 10.14 - OpenGL API deprecated. (Define GL_SILENCE_DEPRECATION to silence these warnings) [-Wdeprecated-declarations]
 1246 |     glVertex3f(-500, 0, -500);
      |     ^
/Library/Developer/CommandLineTools/SDKs/MacOSX.sdk/System/Library/Frameworks/OpenGL.framework/Headers/gl.h:2740:13: note: 'glVertex3f' has been explicitly marked deprecated here
 2740 | extern void glVertex3f (GLfloat x, GLfloat y, GLfloat z) OPENGL_DEPRECATED(10.0, 10.14);
      |             ^
main.cpp:1247:5: warning: 'glVertex3f' is deprecated: first deprecated in macOS 10.14 - OpenGL API deprecated. (Define GL_SILENCE_DEPRECATION to silence these warnings) [-Wdeprecated-declarations]
 1247 |     glVertex3f(500, 0, -500);
      |     ^
/Library/Developer/CommandLineTools/SDKs/MacOSX.sdk/System/Library/Frameworks/OpenGL.framework/Headers/gl.h:2740:13: note: 'glVertex3f' has been explicitly marked deprecated here
 2740 | extern void glVertex3f (GLfloat x, GLfloat y, GLfloat z) OPENGL_DEPRECATED(10.0, 10.14);
      |             ^
main.cpp:1248:5: warning: 'glVertex3f' is deprecated: first deprecated in macOS 10.14 - OpenGL API deprecated. (Define GL_SILENCE_DEPRECATION to silence these warnings) [-Wdeprecated-declarations]
 1248 |     glVertex3f(500, 0, -20);
      |     ^
/Library/Developer/CommandLineTools/SDKs/MacOSX.sdk/System/Library/Frameworks/OpenGL.framework/Headers/gl.h:2740:13: note: 'glVertex3f' has been explicitly marked deprecated here
 2740 | extern void glVertex3f (GLfloat x, GLfloat y, GLfloat z) OPENGL_DEPRECATED(10.0, 10.14);
      |             ^
main.cpp:1249:5: warning: 'glVertex3f' is deprecated: first deprecated in macOS 10.14 - OpenGL API deprecated. (Define GL_SILENCE_DEPRECATION to silence these warnings) [-Wdeprecated-declarations]
 1249 |     glVertex3f(-500, 0, -20);
      |     ^
/Library/Developer/CommandLineTools/SDKs/MacOSX.sdk/System/Library/Frameworks/OpenGL.framework/Headers/gl.h:2740:13: note: 'glVertex3f' has been explicitly marked deprecated here
 2740 | extern void glVertex3f (GLfloat x, GLfloat y, GLfloat z) OPENGL_DEPRECATED(10.0, 10.14);
      |             ^
main.cpp:1250:5: warning: 'glEnd' is deprecated: first deprecated in macOS 10.14 - OpenGL API deprecated. (Define GL_SILENCE_DEPRECATION to silence these warnings) [-Wdeprecated-declarations]
 1250 |     glEnd();
      |     ^
/Library/Developer/CommandLineTools/SDKs/MacOSX.sdk/System/Library/Frameworks/OpenGL.framework/Headers/gl.h:2474:13: note: 'glEnd' has been explicitly marked deprecated here
 2474 | extern void glEnd (void) OPENGL_DEPRECATED(10.0, 10.14);
      |             ^
main.cpp:1253:5: warning: 'glBegin' is deprecated: first deprecated in macOS 10.14 - OpenGL API deprecated. (Define GL_SILENCE_DEPRECATION to silence these warnings) [-Wdeprecated-declarations]
 1253 |     glBegin(GL_QUADS);
      |     ^
/Library/Developer/CommandLineTools/SDKs/MacOSX.sdk/System/Library/Frameworks/OpenGL.framework/Headers/gl.h:2385:13: note: 'glBegin' has been explicitly marked deprecated here
 2385 | extern void glBegin (GLenum mode) OPENGL_DEPRECATED(10.0, 10.14);
      |             ^
main.cpp:1254:5: warning: 'glNormal3f' is deprecated: first deprecated in macOS 10.14 - OpenGL API deprecated. (Define GL_SILENCE_DEPRECATION to silence these warnings) [-Wdeprecated-declarations]
 1254 |     glNormal3f(0, 1, 0);
      |     ^
/Library/Developer/CommandLineTools/SDKs/MacOSX.sdk/System/Library/Frameworks/OpenGL.framework/Headers/gl.h:2597:13: note: 'glNormal3f' has been explicitly marked deprecated here
 2597 | extern void glNormal3f (GLfloat nx, GLfloat ny, GLfloat nz) OPENGL_DEPRECATED(10.0, 10.14);
      |             ^
main.cpp:1255:5: warning: 'glVertex3f' is deprecated: first deprecated in macOS 10.14 - OpenGL API deprecated. (Define GL_SILENCE_DEPRECATION to silence these warnings) [-Wdeprecated-declarations]
 1255 |     glVertex3f(-500, 0, 20);
      |     ^
/Library/Developer/CommandLineTools/SDKs/MacOSX.sdk/System/Library/Frameworks/OpenGL.framework/Headers/gl.h:2740:13: note: 'glVertex3f' has been explicitly marked deprecated here
 2740 | extern void glVertex3f (GLfloat x, GLfloat y, GLfloat z) OPENGL_DEPRECATED(10.0, 10.14);
      |             ^
main.cpp:1256:5: warning: 'glVertex3f' is deprecated: first deprecated in macOS 10.14 - OpenGL API deprecated. (Define GL_SILENCE_DEPRECATION to silence these warnings) [-Wdeprecated-declarations]
 1256 |     glVertex3f(500, 0, 20);
      |     ^
/Library/Developer/CommandLineTools/SDKs/MacOSX.sdk/System/Library/Frameworks/OpenGL.framework/Headers/gl.h:2740:13: note: 'glVertex3f' has been explicitly marked deprecated here
 2740 | extern void glVertex3f (GLfloat x, GLfloat y, GLfloat z) OPENGL_DEPRECATED(10.0, 10.14);
      |             ^
main.cpp:1257:5: warning: 'glVertex3f' is deprecated: first deprecated in macOS 10.14 - OpenGL API deprecated. (Define GL_SILENCE_DEPRECATION to silence these warnings) [-Wdeprecated-declarations]
 1257 |     glVertex3f(500, 0, 500);
      |     ^
/Library/Developer/CommandLineTools/SDKs/MacOSX.sdk/System/Library/Frameworks/OpenGL.framework/Headers/gl.h:2740:13: note: 'glVertex3f' has been explicitly marked deprecated here
 2740 | extern void glVertex3f (GLfloat x, GLfloat y, GLfloat z) OPENGL_DEPRECATED(10.0, 10.14);
      |             ^
main.cpp:1258:5: warning: 'glVertex3f' is deprecated: first deprecated in macOS 10.14 - OpenGL API deprecated. (Define GL_SILENCE_DEPRECATION to silence these warnings) [-Wdeprecated-declarations]
 1258 |     glVertex3f(-500, 0, 500);
      |     ^
/Library/Developer/CommandLineTools/SDKs/MacOSX.sdk/System/Library/Frameworks/OpenGL.framework/Headers/gl.h:2740:13: note: 'glVertex3f' has been explicitly marked deprecated here
 2740 | extern void glVertex3f (GLfloat x, GLfloat y, GLfloat z) OPENGL_DEPRECATED(10.0, 10.14);
      |             ^
main.cpp:1259:5: warning: 'glEnd' is deprecated: first deprecated in macOS 10.14 - OpenGL API deprecated. (Define GL_SILENCE_DEPRECATION to silence these warnings) [-Wdeprecated-declarations]
 1259 |     glEnd();
      |     ^
/Library/Developer/CommandLineTools/SDKs/MacOSX.sdk/System/Library/Frameworks/OpenGL.framework/Headers/gl.h:2474:13: note: 'glEnd' has been explicitly marked deprecated here
 2474 | extern void glEnd (void) OPENGL_DEPRECATED(10.0, 10.14);
      |             ^
main.cpp:1262:5: warning: 'glPushAttrib' is deprecated: first deprecated in macOS 10.14 - OpenGL API deprecated. (Define GL_SILENCE_DEPRECATION to silence these warnings) [-Wdeprecated-declarations]
 1262 |     glPushAttrib(GL_ENABLE_BIT);
      |     ^
/Library/Developer/CommandLineTools/SDKs/MacOSX.sdk/System/Library/Frameworks/OpenGL.framework/Headers/gl.h:2623:13: note: 'glPushAttrib' has been explicitly marked deprecated here
 2623 | extern void glPushAttrib (GLbitfield mask) OPENGL_DEPRECATED(10.0, 10.14);
      |             ^
main.cpp:1263:5: warning: 'glDisable' is deprecated: first deprecated in macOS 10.14 - OpenGL API deprecated. (Define GL_SILENCE_DEPRECATION to silence these warnings) [-Wdeprecated-declarations]
 1263 |     glDisable(GL_LIGHTING);
      |     ^
/Library/Developer/CommandLineTools/SDKs/MacOSX.sdk/System/Library/Frameworks/OpenGL.framework/Headers/gl.h:2462:13: note: 'glDisable' has been explicitly marked deprecated here
 2462 | extern void glDisable (GLenum cap) OPENGL_DEPRECATED(10.0, 10.14);
      |             ^
main.cpp:1264:5: warning: 'glEnable' is deprecated: first deprecated in macOS 10.14 - OpenGL API deprecated. (Define GL_SILENCE_DEPRECATION to silence these warnings) [-Wdeprecated-declarations]
 1264 |     glEnable(GL_POLYGON_OFFSET_FILL);
      |     ^
/Library/Developer/CommandLineTools/SDKs/MacOSX.sdk/System/Library/Frameworks/OpenGL.framework/Headers/gl.h:2472:13: note: 'glEnable' has been explicitly marked deprecated here
 2472 | extern void glEnable (GLenum cap) OPENGL_DEPRECATED(10.0, 10.14);
      |             ^
main.cpp:1265:5: warning: 'glPolygonOffset' is deprecated: first deprecated in macOS 10.14 - OpenGL API deprecated. (Define GL_SILENCE_DEPRECATION to silence these warnings) [-Wdeprecated-declarations]
 1265 |     glPolygonOffset(1.0f, 1.0f);
      |     ^
/Library/Developer/CommandLineTools/SDKs/MacOSX.sdk/System/Library/Frameworks/OpenGL.framework/Headers/gl.h:2616:13: note: 'glPolygonOffset' has been explicitly marked deprecated here
 2616 | extern void glPolygonOffset (GLfloat factor, GLfloat units) OPENGL_DEPRECATED(10.0, 10.14);
      |             ^
main.cpp:1269:47: warning: 'glColor3f' is deprecated: first deprecated in macOS 10.14 - OpenGL API deprecated. (Define GL_SILENCE_DEPRECATION to silence these warnings) [-Wdeprecated-declarations]
 1269 |             if (((gx/20) + (gz/20)) % 2 == 0) glColor3f(0.22f, 0.62f, 0.22f);
      |                                               ^
/Library/Developer/CommandLineTools/SDKs/MacOSX.sdk/System/Library/Frameworks/OpenGL.framework/Headers/gl.h:2405:13: note: 'glColor3f' has been explicitly marked deprecated here
 2405 | extern void glColor3f (GLfloat red, GLfloat green, GLfloat blue) OPENGL_DEPRECATED(10.0, 10.14);
      |             ^
main.cpp:1270:18: warning: 'glColor3f' is deprecated: first deprecated in macOS 10.14 - OpenGL API deprecated. (Define GL_SILENCE_DEPRECATION to silence these warnings) [-Wdeprecated-declarations]
 1270 |             else glColor3f(0.18f, 0.55f, 0.18f);
      |                  ^
/Library/Developer/CommandLineTools/SDKs/MacOSX.sdk/System/Library/Frameworks/OpenGL.framework/Headers/gl.h:2405:13: note: 'glColor3f' has been explicitly marked deprecated here
 2405 | extern void glColor3f (GLfloat red, GLfloat green, GLfloat blue) OPENGL_DEPRECATED(10.0, 10.14);
      |             ^
main.cpp:1271:13: warning: 'glBegin' is deprecated: first deprecated in macOS 10.14 - OpenGL API deprecated. (Define GL_SILENCE_DEPRECATION to silence these warnings) [-Wdeprecated-declarations]
 1271 |             glBegin(GL_QUADS);
      |             ^
/Library/Developer/CommandLineTools/SDKs/MacOSX.sdk/System/Library/Frameworks/OpenGL.framework/Headers/gl.h:2385:13: note: 'glBegin' has been explicitly marked deprecated here
 2385 | extern void glBegin (GLenum mode) OPENGL_DEPRECATED(10.0, 10.14);
      |             ^
main.cpp:1272:13: warning: 'glVertex3f' is deprecated: first deprecated in macOS 10.14 - OpenGL API deprecated. (Define GL_SILENCE_DEPRECATION to silence these warnings) [-Wdeprecated-declarations]
 1272 |             glVertex3f(gx, -0.02f, gz);
      |             ^
/Library/Developer/CommandLineTools/SDKs/MacOSX.sdk/System/Library/Frameworks/OpenGL.framework/Headers/gl.h:2740:13: note: 'glVertex3f' has been explicitly marked deprecated here
 2740 | extern void glVertex3f (GLfloat x, GLfloat y, GLfloat z) OPENGL_DEPRECATED(10.0, 10.14);
      |             ^
main.cpp:1273:13: warning: 'glVertex3f' is deprecated: first deprecated in macOS 10.14 - OpenGL API deprecated. (Define GL_SILENCE_DEPRECATION to silence these warnings) [-Wdeprecated-declarations]
 1273 |             glVertex3f(gx+20, -0.02f, gz);
      |             ^
/Library/Developer/CommandLineTools/SDKs/MacOSX.sdk/System/Library/Frameworks/OpenGL.framework/Headers/gl.h:2740:13: note: 'glVertex3f' has been explicitly marked deprecated here
 2740 | extern void glVertex3f (GLfloat x, GLfloat y, GLfloat z) OPENGL_DEPRECATED(10.0, 10.14);
      |             ^
main.cpp:1274:13: warning: 'glVertex3f' is deprecated: first deprecated in macOS 10.14 - OpenGL API deprecated. (Define GL_SILENCE_DEPRECATION to silence these warnings) [-Wdeprecated-declarations]
 1274 |             glVertex3f(gx+20, -0.02f, gz+20);
      |             ^
/Library/Developer/CommandLineTools/SDKs/MacOSX.sdk/System/Library/Frameworks/OpenGL.framework/Headers/gl.h:2740:13: note: 'glVertex3f' has been explicitly marked deprecated here
 2740 | extern void glVertex3f (GLfloat x, GLfloat y, GLfloat z) OPENGL_DEPRECATED(10.0, 10.14);
      |             ^
main.cpp:1275:13: warning: 'glVertex3f' is deprecated: first deprecated in macOS 10.14 - OpenGL API deprecated. (Define GL_SILENCE_DEPRECATION to silence these warnings) [-Wdeprecated-declarations]
 1275 |             glVertex3f(gx, -0.02f, gz+20);
      |             ^
/Library/Developer/CommandLineTools/SDKs/MacOSX.sdk/System/Library/Frameworks/OpenGL.framework/Headers/gl.h:2740:13: note: 'glVertex3f' has been explicitly marked deprecated here
 2740 | extern void glVertex3f (GLfloat x, GLfloat y, GLfloat z) OPENGL_DEPRECATED(10.0, 10.14);
      |             ^
main.cpp:1276:13: warning: 'glEnd' is deprecated: first deprecated in macOS 10.14 - OpenGL API deprecated. (Define GL_SILENCE_DEPRECATION to silence these warnings) [-Wdeprecated-declarations]
 1276 |             glEnd();
      |             ^
/Library/Developer/CommandLineTools/SDKs/MacOSX.sdk/System/Library/Frameworks/OpenGL.framework/Headers/gl.h:2474:13: note: 'glEnd' has been explicitly marked deprecated here
 2474 | extern void glEnd (void) OPENGL_DEPRECATED(10.0, 10.14);
      |             ^
main.cpp:1290:9: warning: 'glColor3f' is deprecated: first deprecated in macOS 10.14 - OpenGL API deprecated. (Define GL_SILENCE_DEPRECATION to silence these warnings) [-Wdeprecated-declarations]
 1290 |         glColor3f(0.13f, 0.7f, 0.18f);
      |         ^
/Library/Developer/CommandLineTools/SDKs/MacOSX.sdk/System/Library/Frameworks/OpenGL.framework/Headers/gl.h:2405:13: note: 'glColor3f' has been explicitly marked deprecated here
 2405 | extern void glColor3f (GLfloat red, GLfloat green, GLfloat blue) OPENGL_DEPRECATED(10.0, 10.14);
      |             ^
main.cpp:1291:9: warning: 'glBegin' is deprecated: first deprecated in macOS 10.14 - OpenGL API deprecated. (Define GL_SILENCE_DEPRECATION to silence these warnings) [-Wdeprecated-declarations]
 1291 |         glBegin(GL_QUADS);
      |         ^
/Library/Developer/CommandLineTools/SDKs/MacOSX.sdk/System/Library/Frameworks/OpenGL.framework/Headers/gl.h:2385:13: note: 'glBegin' has been explicitly marked deprecated here
 2385 | extern void glBegin (GLenum mode) OPENGL_DEPRECATED(10.0, 10.14);
      |             ^
main.cpp:1292:9: warning: 'glVertex3f' is deprecated: first deprecated in macOS 10.14 - OpenGL API deprecated. (Define GL_SILENCE_DEPRECATION to silence these warnings) [-Wdeprecated-declarations]
 1292 |         glVertex3f(park[0], 0.01f, park[1]);
      |         ^
/Library/Developer/CommandLineTools/SDKs/MacOSX.sdk/System/Library/Frameworks/OpenGL.framework/Headers/gl.h:2740:13: note: 'glVertex3f' has been explicitly marked deprecated here
 2740 | extern void glVertex3f (GLfloat x, GLfloat y, GLfloat z) OPENGL_DEPRECATED(10.0, 10.14);
      |             ^
main.cpp:1293:9: warning: 'glVertex3f' is deprecated: first deprecated in macOS 10.14 - OpenGL API deprecated. (Define GL_SILENCE_DEPRECATION to silence these warnings) [-Wdeprecated-declarations]
 1293 |         glVertex3f(park[0]+park[2], 0.01f, park[1]);
      |         ^
/Library/Developer/CommandLineTools/SDKs/MacOSX.sdk/System/Library/Frameworks/OpenGL.framework/Headers/gl.h:2740:13: note: 'glVertex3f' has been explicitly marked deprecated here
 2740 | extern void glVertex3f (GLfloat x, GLfloat y, GLfloat z) OPENGL_DEPRECATED(10.0, 10.14);
      |             ^
main.cpp:1294:9: warning: 'glVertex3f' is deprecated: first deprecated in macOS 10.14 - OpenGL API deprecated. (Define GL_SILENCE_DEPRECATION to silence these warnings) [-Wdeprecated-declarations]
 1294 |         glVertex3f(park[0]+park[2], 0.01f, park[1]+park[3]);
      |         ^
/Library/Developer/CommandLineTools/SDKs/MacOSX.sdk/System/Library/Frameworks/OpenGL.framework/Headers/gl.h:2740:13: note: 'glVertex3f' has been explicitly marked deprecated here
 2740 | extern void glVertex3f (GLfloat x, GLfloat y, GLfloat z) OPENGL_DEPRECATED(10.0, 10.14);
      |             ^
main.cpp:1295:9: warning: 'glVertex3f' is deprecated: first deprecated in macOS 10.14 - OpenGL API deprecated. (Define GL_SILENCE_DEPRECATION to silence these warnings) [-Wdeprecated-declarations]
 1295 |         glVertex3f(park[0], 0.01f, park[1]+park[3]);
      |         ^
/Library/Developer/CommandLineTools/SDKs/MacOSX.sdk/System/Library/Frameworks/OpenGL.framework/Headers/gl.h:2740:13: note: 'glVertex3f' has been explicitly marked deprecated here
 2740 | extern void glVertex3f (GLfloat x, GLfloat y, GLfloat z) OPENGL_DEPRECATED(10.0, 10.14);
      |             ^
main.cpp:1296:9: warning: 'glEnd' is deprecated: first deprecated in macOS 10.14 - OpenGL API deprecated. (Define GL_SILENCE_DEPRECATION to silence these warnings) [-Wdeprecated-declarations]
 1296 |         glEnd();
      |         ^
/Library/Developer/CommandLineTools/SDKs/MacOSX.sdk/System/Library/Frameworks/OpenGL.framework/Headers/gl.h:2474:13: note: 'glEnd' has been explicitly marked deprecated here
 2474 | extern void glEnd (void) OPENGL_DEPRECATED(10.0, 10.14);
      |             ^
main.cpp:1307:9: warning: 'glColor3f' is deprecated: first deprecated in macOS 10.14 - OpenGL API deprecated. (Define GL_SILENCE_DEPRECATION to silence these warnings) [-Wdeprecated-declarations]
 1307 |         glColor3f(0.2f, 0.5f, 0.95f);
      |         ^
/Library/Developer/CommandLineTools/SDKs/MacOSX.sdk/System/Library/Frameworks/OpenGL.framework/Headers/gl.h:2405:13: note: 'glColor3f' has been explicitly marked deprecated here
 2405 | extern void glColor3f (GLfloat red, GLfloat green, GLfloat blue) OPENGL_DEPRECATED(10.0, 10.14);
      |             ^
main.cpp:1308:9: warning: 'glBegin' is deprecated: first deprecated in macOS 10.14 - OpenGL API deprecated. (Define GL_SILENCE_DEPRECATION to silence these warnings) [-Wdeprecated-declarations]
 1308 |         glBegin(GL_TRIANGLE_FAN);
      |         ^
/Library/Developer/CommandLineTools/SDKs/MacOSX.sdk/System/Library/Frameworks/OpenGL.framework/Headers/gl.h:2385:13: note: 'glBegin' has been explicitly marked deprecated here
 2385 | extern void glBegin (GLenum mode) OPENGL_DEPRECATED(10.0, 10.14);
      |             ^
main.cpp:1309:9: warning: 'glVertex3f' is deprecated: first deprecated in macOS 10.14 - OpenGL API deprecated. (Define GL_SILENCE_DEPRECATION to silence these warnings) [-Wdeprecated-declarations]
 1309 |         glVertex3f(w.cx, 0.015f, w.cz);
      |         ^
/Library/Developer/CommandLineTools/SDKs/MacOSX.sdk/System/Library/Frameworks/OpenGL.framework/Headers/gl.h:2740:13: note: 'glVertex3f' has been explicitly marked deprecated here
 2740 | extern void glVertex3f (GLfloat x, GLfloat y, GLfloat z) OPENGL_DEPRECATED(10.0, 10.14);
      |             ^
main.cpp:1314:13: warning: 'glVertex3f' is deprecated: first deprecated in macOS 10.14 - OpenGL API deprecated. (Define GL_SILENCE_DEPRECATION to silence these warnings) [-Wdeprecated-declarations]
 1314 |             glVertex3f(x, 0.015f, z);
      |             ^
/Library/Developer/CommandLineTools/SDKs/MacOSX.sdk/System/Library/Frameworks/OpenGL.framework/Headers/gl.h:2740:13: note: 'glVertex3f' has been explicitly marked deprecated here
 2740 | extern void glVertex3f (GLfloat x, GLfloat y, GLfloat z) OPENGL_DEPRECATED(10.0, 10.14);
      |             ^
main.cpp:1316:9: warning: 'glEnd' is deprecated: first deprecated in macOS 10.14 - OpenGL API deprecated. (Define GL_SILENCE_DEPRECATION to silence these warnings) [-Wdeprecated-declarations]
 1316 |         glEnd();
      |         ^
/Library/Developer/CommandLineTools/SDKs/MacOSX.sdk/System/Library/Frameworks/OpenGL.framework/Headers/gl.h:2474:13: note: 'glEnd' has been explicitly marked deprecated here
 2474 | extern void glEnd (void) OPENGL_DEPRECATED(10.0, 10.14);
      |             ^
main.cpp:1319:5: warning: 'glDisable' is deprecated: first deprecated in macOS 10.14 - OpenGL API deprecated. (Define GL_SILENCE_DEPRECATION to silence these warnings) [-Wdeprecated-declarations]
 1319 |     glDisable(GL_POLYGON_OFFSET_FILL);
      |     ^
/Library/Developer/CommandLineTools/SDKs/MacOSX.sdk/System/Library/Frameworks/OpenGL.framework/Headers/gl.h:2462:13: note: 'glDisable' has been explicitly marked deprecated here
 2462 | extern void glDisable (GLenum cap) OPENGL_DEPRECATED(10.0, 10.14);
      |             ^
main.cpp:1320:5: warning: 'glPopAttrib' is deprecated: first deprecated in macOS 10.14 - OpenGL API deprecated. (Define GL_SILENCE_DEPRECATION to silence these warnings) [-Wdeprecated-declarations]
 1320 |     glPopAttrib();
      |     ^
/Library/Developer/CommandLineTools/SDKs/MacOSX.sdk/System/Library/Frameworks/OpenGL.framework/Headers/gl.h:2618:13: note: 'glPopAttrib' has been explicitly marked deprecated here
 2618 | extern void glPopAttrib (void) OPENGL_DEPRECATED(10.0, 10.14);
      |             ^
main.cpp:1323:5: warning: 'glEnable' is deprecated: first deprecated in macOS 10.14 - OpenGL API deprecated. (Define GL_SILENCE_DEPRECATION to silence these warnings) [-Wdeprecated-declarations]
 1323 |     glEnable(GL_LIGHTING);
      |     ^
/Library/Developer/CommandLineTools/SDKs/MacOSX.sdk/System/Library/Frameworks/OpenGL.framework/Headers/gl.h:2472:13: note: 'glEnable' has been explicitly marked deprecated here
 2472 | extern void glEnable (GLenum cap) OPENGL_DEPRECATED(10.0, 10.14);
      |             ^
main.cpp:1354:13: warning: 'glPushMatrix' is deprecated: first deprecated in macOS 10.14 - OpenGL API deprecated. (Define GL_SILENCE_DEPRECATION to silence these warnings) [-Wdeprecated-declarations]
 1354 |             glPushMatrix();
      |             ^
/Library/Developer/CommandLineTools/SDKs/MacOSX.sdk/System/Library/Frameworks/OpenGL.framework/Headers/gl.h:2625:13: note: 'glPushMatrix' has been explicitly marked deprecated here
 2625 | extern void glPushMatrix (void) OPENGL_DEPRECATED(10.0, 10.14);
      |             ^
main.cpp:1355:13: warning: 'glTranslatef' is deprecated: first deprecated in macOS 10.14 - OpenGL API deprecated. (Define GL_SILENCE_DEPRECATION to silence these warnings) [-Wdeprecated-declarations]
 1355 |             glTranslatef(hx, hh/2 + 0.02f, hz);
      |             ^
/Library/Developer/CommandLineTools/SDKs/MacOSX.sdk/System/Library/Frameworks/OpenGL.framework/Headers/gl.h:2729:13: note: 'glTranslatef' has been explicitly marked deprecated here
 2729 | extern void glTranslatef (GLfloat x, GLfloat y, GLfloat z) OPENGL_DEPRECATED(10.0, 10.14);
      |             ^
main.cpp:1356:13: warning: 'glColor3f' is deprecated: first deprecated in macOS 10.14 - OpenGL API deprecated. (Define GL_SILENCE_DEPRECATION to silence these warnings) [-Wdeprecated-declarations]
 1356 |             glColor3f(r, g, b);
      |             ^
/Library/Developer/CommandLineTools/SDKs/MacOSX.sdk/System/Library/Frameworks/OpenGL.framework/Headers/gl.h:2405:13: note: 'glColor3f' has been explicitly marked deprecated here
 2405 | extern void glColor3f (GLfloat red, GLfloat green, GLfloat blue) OPENGL_DEPRECATED(10.0, 10.14);
      |             ^
main.cpp:1360:9: warning: 'glColor3f' is deprecated: first deprecated in macOS 10.14 - OpenGL API deprecated. (Define GL_SILENCE_DEPRECATION to silence these warnings) [-Wdeprecated-declarations]
 1360 |         glColor3f(r*0.8f, g*0.8f, b*0.8f);
      |         ^
/Library/Developer/CommandLineTools/SDKs/MacOSX.sdk/System/Library/Frameworks/OpenGL.framework/Headers/gl.h:2405:13: note: 'glColor3f' has been explicitly marked deprecated here
 2405 | extern void glColor3f (GLfloat red, GLfloat green, GLfloat blue) OPENGL_DEPRECATED(10.0, 10.14);
      |             ^
main.cpp:1361:9: warning: 'glPushMatrix' is deprecated: first deprecated in macOS 10.14 - OpenGL API deprecated. (Define GL_SILENCE_DEPRECATION to silence these warnings) [-Wdeprecated-declarations]
 1361 |         glPushMatrix();
      |         ^
/Library/Developer/CommandLineTools/SDKs/MacOSX.sdk/System/Library/Frameworks/OpenGL.framework/Headers/gl.h:2625:13: note: 'glPushMatrix' has been explicitly marked deprecated here
 2625 | extern void glPushMatrix (void) OPENGL_DEPRECATED(10.0, 10.14);
      |             ^
main.cpp:1362:9: warning: 'glTranslatef' is deprecated: first deprecated in macOS 10.14 - OpenGL API deprecated. (Define GL_SILENCE_DEPRECATION to silence these warnings) [-Wdeprecated-declarations]
 1362 |         glTranslatef(0, hh/2 + 0.5f, 0);
      |         ^
/Library/Developer/CommandLineTools/SDKs/MacOSX.sdk/System/Library/Frameworks/OpenGL.framework/Headers/gl.h:2729:13: note: 'glTranslatef' has been explicitly marked deprecated here
 2729 | extern void glTranslatef (GLfloat x, GLfloat y, GLfloat z) OPENGL_DEPRECATED(10.0, 10.14);
      |             ^
main.cpp:1364:9: warning: 'glPopMatrix' is deprecated: first deprecated in macOS 10.14 - OpenGL API deprecated. (Define GL_SILENCE_DEPRECATION to silence these warnings) [-Wdeprecated-declarations]
 1364 |         glPopMatrix();
      |         ^
/Library/Developer/CommandLineTools/SDKs/MacOSX.sdk/System/Library/Frameworks/OpenGL.framework/Headers/gl.h:2620:13: note: 'glPopMatrix' has been explicitly marked deprecated here
 2620 | extern void glPopMatrix (void) OPENGL_DEPRECATED(10.0, 10.14);
      |             ^
main.cpp:1367:9: warning: 'glColor3f' is deprecated: first deprecated in macOS 10.14 - OpenGL API deprecated. (Define GL_SILENCE_DEPRECATION to silence these warnings) [-Wdeprecated-declarations]
 1367 |         glColor3f(0.9f, 0.95f, 0.8f);
      |         ^
/Library/Developer/CommandLineTools/SDKs/MacOSX.sdk/System/Library/Frameworks/OpenGL.framework/Headers/gl.h:2405:13: note: 'glColor3f' has been explicitly marked deprecated here
 2405 | extern void glColor3f (GLfloat red, GLfloat green, GLfloat blue) OPENGL_DEPRECATED(10.0, 10.14);
      |             ^
main.cpp:1368:9: warning: 'glPushMatrix' is deprecated: first deprecated in macOS 10.14 - OpenGL API deprecated. (Define GL_SILENCE_DEPRECATION to silence these warnings) [-Wdeprecated-declarations]
 1368 |         glPushMatrix();
      |         ^
/Library/Developer/CommandLineTools/SDKs/MacOSX.sdk/System/Library/Frameworks/OpenGL.framework/Headers/gl.h:2625:13: note: 'glPushMatrix' has been explicitly marked deprecated here
 2625 | extern void glPushMatrix (void) OPENGL_DEPRECATED(10.0, 10.14);
      |             ^
main.cpp:1369:9: warning: 'glTranslatef' is deprecated: first deprecated in macOS 10.14 - OpenGL API deprecated. (Define GL_SILENCE_DEPRECATION to silence these warnings) [-Wdeprecated-declarations]
 1369 |         glTranslatef(0, 0.3f, hd/2 + 0.05f);
      |         ^
/Library/Developer/CommandLineTools/SDKs/MacOSX.sdk/System/Library/Frameworks/OpenGL.framework/Headers/gl.h:2729:13: note: 'glTranslatef' has been explicitly marked deprecated here
 2729 | extern void glTranslatef (GLfloat x, GLfloat y, GLfloat z) OPENGL_DEPRECATED(10.0, 10.14);
      |             ^
main.cpp:1371:9: warning: 'glPopMatrix' is deprecated: first deprecated in macOS 10.14 - OpenGL API deprecated. (Define GL_SILENCE_DEPRECATION to silence these warnings) [-Wdeprecated-declarations]
 1371 |         glPopMatrix();
      |         ^
/Library/Developer/CommandLineTools/SDKs/MacOSX.sdk/System/Library/Frameworks/OpenGL.framework/Headers/gl.h:2620:13: note: 'glPopMatrix' has been explicitly marked deprecated here
 2620 | extern void glPopMatrix (void) OPENGL_DEPRECATED(10.0, 10.14);
      |             ^
main.cpp:1373:9: warning: 'glPopMatrix' is deprecated: first deprecated in macOS 10.14 - OpenGL API deprecated. (Define GL_SILENCE_DEPRECATION to silence these warnings) [-Wdeprecated-declarations]
 1373 |         glPopMatrix();
      |         ^
/Library/Developer/CommandLineTools/SDKs/MacOSX.sdk/System/Library/Frameworks/OpenGL.framework/Headers/gl.h:2620:13: note: 'glPopMatrix' has been explicitly marked deprecated here
 2620 | extern void glPopMatrix (void) OPENGL_DEPRECATED(10.0, 10.14);
      |             ^
main.cpp:1415:9: warning: 'glPushMatrix' is deprecated: first deprecated in macOS 10.14 - OpenGL API deprecated. (Define GL_SILENCE_DEPRECATION to silence these warnings) [-Wdeprecated-declarations]
 1415 |         glPushMatrix();
      |         ^
/Library/Developer/CommandLineTools/SDKs/MacOSX.sdk/System/Library/Frameworks/OpenGL.framework/Headers/gl.h:2625:13: note: 'glPushMatrix' has been explicitly marked deprecated here
 2625 | extern void glPushMatrix (void) OPENGL_DEPRECATED(10.0, 10.14);
      |             ^
main.cpp:1416:9: warning: 'glTranslatef' is deprecated: first deprecated in macOS 10.14 - OpenGL API deprecated. (Define GL_SILENCE_DEPRECATION to silence these warnings) [-Wdeprecated-declarations]
 1416 |         glTranslatef(bld.x, bld.height/2, bld.z);
      |         ^
/Library/Developer/CommandLineTools/SDKs/MacOSX.sdk/System/Library/Frameworks/OpenGL.framework/Headers/gl.h:2729:13: note: 'glTranslatef' has been explicitly marked deprecated here
 2729 | extern void glTranslatef (GLfloat x, GLfloat y, GLfloat z) OPENGL_DEPRECATED(10.0, 10.14);
      |             ^
main.cpp:1419:9: warning: 'glColor3f' is deprecated: first deprecated in macOS 10.14 - OpenGL API deprecated. (Define GL_SILENCE_DEPRECATION to silence these warnings) [-Wdeprecated-declarations]
 1419 |         glColor3f(bld.r, bld.g, bld.b);
      |         ^
/Library/Developer/CommandLineTools/SDKs/MacOSX.sdk/System/Library/Frameworks/OpenGL.framework/Headers/gl.h:2405:13: note: 'glColor3f' has been explicitly marked deprecated here
 2405 | extern void glColor3f (GLfloat red, GLfloat green, GLfloat blue) OPENGL_DEPRECATED(10.0, 10.14);
      |             ^
main.cpp:1423:9: warning: 'glColor3f' is deprecated: first deprecated in macOS 10.14 - OpenGL API deprecated. (Define GL_SILENCE_DEPRECATION to silence these warnings) [-Wdeprecated-declarations]
 1423 |         glColor3f(bld.r - 0.1f, bld.g - 0.1f, bld.b - 0.1f);
      |         ^
/Library/Developer/CommandLineTools/SDKs/MacOSX.sdk/System/Library/Frameworks/OpenGL.framework/Headers/gl.h:2405:13: note: 'glColor3f' has been explicitly marked deprecated here
 2405 | extern void glColor3f (GLfloat red, GLfloat green, GLfloat blue) OPENGL_DEPRECATED(10.0, 10.14);
      |             ^
main.cpp:1424:9: warning: 'glPushMatrix' is deprecated: first deprecated in macOS 10.14 - OpenGL API deprecated. (Define GL_SILENCE_DEPRECATION to silence these warnings) [-Wdeprecated-declarations]
 1424 |         glPushMatrix();
      |         ^
/Library/Developer/CommandLineTools/SDKs/MacOSX.sdk/System/Library/Frameworks/OpenGL.framework/Headers/gl.h:2625:13: note: 'glPushMatrix' has been explicitly marked deprecated here
 2625 | extern void glPushMatrix (void) OPENGL_DEPRECATED(10.0, 10.14);
      |             ^
main.cpp:1425:9: warning: 'glTranslatef' is deprecated: first deprecated in macOS 10.14 - OpenGL API deprecated. (Define GL_SILENCE_DEPRECATION to silence these warnings) [-Wdeprecated-declarations]
 1425 |         glTranslatef(0, bld.height/2 + 0.5f, 0);
      |         ^
/Library/Developer/CommandLineTools/SDKs/MacOSX.sdk/System/Library/Frameworks/OpenGL.framework/Headers/gl.h:2729:13: note: 'glTranslatef' has been explicitly marked deprecated here
 2729 | extern void glTranslatef (GLfloat x, GLfloat y, GLfloat z) OPENGL_DEPRECATED(10.0, 10.14);
      |             ^
main.cpp:1427:9: warning: 'glPopMatrix' is deprecated: first deprecated in macOS 10.14 - OpenGL API deprecated. (Define GL_SILENCE_DEPRECATION to silence these warnings) [-Wdeprecated-declarations]
 1427 |         glPopMatrix();
      |         ^
/Library/Developer/CommandLineTools/SDKs/MacOSX.sdk/System/Library/Frameworks/OpenGL.framework/Headers/gl.h:2620:13: note: 'glPopMatrix' has been explicitly marked deprecated here
 2620 | extern void glPopMatrix (void) OPENGL_DEPRECATED(10.0, 10.14);
      |             ^
main.cpp:1429:9: warning: 'glPopMatrix' is deprecated: first deprecated in macOS 10.14 - OpenGL API deprecated. (Define GL_SILENCE_DEPRECATION to silence these warnings) [-Wdeprecated-declarations]
 1429 |         glPopMatrix();
      |         ^
/Library/Developer/CommandLineTools/SDKs/MacOSX.sdk/System/Library/Frameworks/OpenGL.framework/Headers/gl.h:2620:13: note: 'glPopMatrix' has been explicitly marked deprecated here
 2620 | extern void glPopMatrix (void) OPENGL_DEPRECATED(10.0, 10.14);
      |             ^
main.cpp:1451:9: warning: 'glPushMatrix' is deprecated: first deprecated in macOS 10.14 - OpenGL API deprecated. (Define GL_SILENCE_DEPRECATION to silence these warnings) [-Wdeprecated-declarations]
 1451 |         glPushMatrix();
      |         ^
/Library/Developer/CommandLineTools/SDKs/MacOSX.sdk/System/Library/Frameworks/OpenGL.framework/Headers/gl.h:2625:13: note: 'glPushMatrix' has been explicitly marked deprecated here
 2625 | extern void glPushMatrix (void) OPENGL_DEPRECATED(10.0, 10.14);
      |             ^
main.cpp:1452:9: warning: 'glTranslatef' is deprecated: first deprecated in macOS 10.14 - OpenGL API deprecated. (Define GL_SILENCE_DEPRECATION to silence these warnings) [-Wdeprecated-declarations]
 1452 |         glTranslatef(cafe.x, cafe.height/2, cafe.z);
      |         ^
/Library/Developer/CommandLineTools/SDKs/MacOSX.sdk/System/Library/Frameworks/OpenGL.framework/Headers/gl.h:2729:13: note: 'glTranslatef' has been explicitly marked deprecated here
 2729 | extern void glTranslatef (GLfloat x, GLfloat y, GLfloat z) OPENGL_DEPRECATED(10.0, 10.14);
      |             ^
main.cpp:1455:9: warning: 'glColor3f' is deprecated: first deprecated in macOS 10.14 - OpenGL API deprecated. (Define GL_SILENCE_DEPRECATION to silence these warnings) [-Wdeprecated-declarations]
 1455 |         glColor3f(cafe.r, cafe.g, cafe.b);
      |         ^
/Library/Developer/CommandLineTools/SDKs/MacOSX.sdk/System/Library/Frameworks/OpenGL.framework/Headers/gl.h:2405:13: note: 'glColor3f' has been explicitly marked deprecated here
 2405 | extern void glColor3f (GLfloat red, GLfloat green, GLfloat blue) OPENGL_DEPRECATED(10.0, 10.14);
      |             ^
main.cpp:1459:9: warning: 'glColor3f' is deprecated: first deprecated in macOS 10.14 - OpenGL API deprecated. (Define GL_SILENCE_DEPRECATION to silence these warnings) [-Wdeprecated-declarations]
 1459 |         glColor3f(cafe.r * 0.85f, cafe.g * 0.85f, cafe.b * 0.85f);
      |         ^
/Library/Developer/CommandLineTools/SDKs/MacOSX.sdk/System/Library/Frameworks/OpenGL.framework/Headers/gl.h:2405:13: note: 'glColor3f' has been explicitly marked deprecated here
 2405 | extern void glColor3f (GLfloat red, GLfloat green, GLfloat blue) OPENGL_DEPRECATED(10.0, 10.14);
      |             ^
main.cpp:1461:13: warning: 'glPushMatrix' is deprecated: first deprecated in macOS 10.14 - OpenGL API deprecated. (Define GL_SILENCE_DEPRECATION to silence these warnings) [-Wdeprecated-declarations]
 1461 |             glPushMatrix();
      |             ^
/Library/Developer/CommandLineTools/SDKs/MacOSX.sdk/System/Library/Frameworks/OpenGL.framework/Headers/gl.h:2625:13: note: 'glPushMatrix' has been explicitly marked deprecated here
 2625 | extern void glPushMatrix (void) OPENGL_DEPRECATED(10.0, 10.14);
      |             ^
main.cpp:1462:13: warning: 'glTranslatef' is deprecated: first deprecated in macOS 10.14 - OpenGL API deprecated. (Define GL_SILENCE_DEPRECATION to silence these warnings) [-Wdeprecated-declarations]
 1462 |             glTranslatef(0, -cafe.height/2 + i * 3, cafe.depth/2 + 0.05f);
      |             ^
/Library/Developer/CommandLineTools/SDKs/MacOSX.sdk/System/Library/Frameworks/OpenGL.framework/Headers/gl.h:2729:13: note: 'glTranslatef' has been explicitly marked deprecated here
 2729 | extern void glTranslatef (GLfloat x, GLfloat y, GLfloat z) OPENGL_DEPRECATED(10.0, 10.14);
      |             ^
main.cpp:1464:13: warning: 'glPopMatrix' is deprecated: first deprecated in macOS 10.14 - OpenGL API deprecated. (Define GL_SILENCE_DEPRECATION to silence these warnings) [-Wdeprecated-declarations]
 1464 |             glPopMatrix();
      |             ^
/Library/Developer/CommandLineTools/SDKs/MacOSX.sdk/System/Library/Frameworks/OpenGL.framework/Headers/gl.h:2620:13: note: 'glPopMatrix' has been explicitly marked deprecated here
 2620 | extern void glPopMatrix (void) OPENGL_DEPRECATED(10.0, 10.14);
      |             ^
main.cpp:1468:9: warning: 'glColor3f' is deprecated: first deprecated in macOS 10.14 - OpenGL API deprecated. (Define GL_SILENCE_DEPRECATION to silence these warnings) [-Wdeprecated-declarations]
 1468 |         glColor3f(0.9f, 0.1f, 0.1f);  // Red stripe
      |         ^
/Library/Developer/CommandLineTools/SDKs/MacOSX.sdk/System/Library/Frameworks/OpenGL.framework/Headers/gl.h:2405:13: note: 'glColor3f' has been explicitly marked deprecated here
 2405 | extern void glColor3f (GLfloat red, GLfloat green, GLfloat blue) OPENGL_DEPRECATED(10.0, 10.14);
      |             ^
main.cpp:1469:9: warning: 'glPushMatrix' is deprecated: first deprecated in macOS 10.14 - OpenGL API deprecated. (Define GL_SILENCE_DEPRECATION to silence these warnings) [-Wdeprecated-declarations]
 1469 |         glPushMatrix();
      |         ^
/Library/Developer/CommandLineTools/SDKs/MacOSX.sdk/System/Library/Frameworks/OpenGL.framework/Headers/gl.h:2625:13: note: 'glPushMatrix' has been explicitly marked deprecated here
 2625 | extern void glPushMatrix (void) OPENGL_DEPRECATED(10.0, 10.14);
      |             ^
main.cpp:1470:9: warning: 'glTranslatef' is deprecated: first deprecated in macOS 10.14 - OpenGL API deprecated. (Define GL_SILENCE_DEPRECATION to silence these warnings) [-Wdeprecated-declarations]
 1470 |         glTranslatef(0, cafe.height/2 + 0.8f, cafe.depth/2 + 2.0f);
      |         ^
/Library/Developer/CommandLineTools/SDKs/MacOSX.sdk/System/Library/Frameworks/OpenGL.framework/Headers/gl.h:2729:13: note: 'glTranslatef' has been explicitly marked deprecated here
 2729 | extern void glTranslatef (GLfloat x, GLfloat y, GLfloat z) OPENGL_DEPRECATED(10.0, 10.14);
      |             ^
main.cpp:1472:9: warning: 'glPopMatrix' is deprecated: first deprecated in macOS 10.14 - OpenGL API deprecated. (Define GL_SILENCE_DEPRECATION to silence these warnings) [-Wdeprecated-declarations]
 1472 |         glPopMatrix();
      |         ^
/Library/Developer/CommandLineTools/SDKs/MacOSX.sdk/System/Library/Frameworks/OpenGL.framework/Headers/gl.h:2620:13: note: 'glPopMatrix' has been explicitly marked deprecated here
 2620 | extern void glPopMatrix (void) OPENGL_DEPRECATED(10.0, 10.14);
      |             ^
main.cpp:1474:9: warning: 'glColor3f' is deprecated: first deprecated in macOS 10.14 - OpenGL API deprecated. (Define GL_SILENCE_DEPRECATION to silence these warnings) [-Wdeprecated-declarations]
 1474 |         glColor3f(0.95f, 0.95f, 0.95f);  // White stripe
      |         ^
/Library/Developer/CommandLineTools/SDKs/MacOSX.sdk/System/Library/Frameworks/OpenGL.framework/Headers/gl.h:2405:13: note: 'glColor3f' has been explicitly marked deprecated here
 2405 | extern void glColor3f (GLfloat red, GLfloat green, GLfloat blue) OPENGL_DEPRECATED(10.0, 10.14);
      |             ^
main.cpp:1475:9: warning: 'glPushMatrix' is deprecated: first deprecated in macOS 10.14 - OpenGL API deprecated. (Define GL_SILENCE_DEPRECATION to silence these warnings) [-Wdeprecated-declarations]
 1475 |         glPushMatrix();
      |         ^
/Library/Developer/CommandLineTools/SDKs/MacOSX.sdk/System/Library/Frameworks/OpenGL.framework/Headers/gl.h:2625:13: note: 'glPushMatrix' has been explicitly marked deprecated here
 2625 | extern void glPushMatrix (void) OPENGL_DEPRECATED(10.0, 10.14);
      |             ^
main.cpp:1476:9: warning: 'glTranslatef' is deprecated: first deprecated in macOS 10.14 - OpenGL API deprecated. (Define GL_SILENCE_DEPRECATION to silence these warnings) [-Wdeprecated-declarations]
 1476 |         glTranslatef(0, cafe.height/2 + 0.4f, cafe.depth/2 + 2.0f);
      |         ^
/Library/Developer/CommandLineTools/SDKs/MacOSX.sdk/System/Library/Frameworks/OpenGL.framework/Headers/gl.h:2729:13: note: 'glTranslatef' has been explicitly marked deprecated here
 2729 | extern void glTranslatef (GLfloat x, GLfloat y, GLfloat z) OPENGL_DEPRECATED(10.0, 10.14);
      |             ^
main.cpp:1478:9: warning: 'glPopMatrix' is deprecated: first deprecated in macOS 10.14 - OpenGL API deprecated. (Define GL_SILENCE_DEPRECATION to silence these warnings) [-Wdeprecated-declarations]
 1478 |         glPopMatrix();
      |         ^
/Library/Developer/CommandLineTools/SDKs/MacOSX.sdk/System/Library/Frameworks/OpenGL.framework/Headers/gl.h:2620:13: note: 'glPopMatrix' has been explicitly marked deprecated here
 2620 | extern void glPopMatrix (void) OPENGL_DEPRECATED(10.0, 10.14);
      |             ^
main.cpp:1481:9: warning: 'glColor3f' is deprecated: first deprecated in macOS 10.14 - OpenGL API deprecated. (Define GL_SILENCE_DEPRECATION to silence these warnings) [-Wdeprecated-declarations]
 1481 |         glColor3f(0.3f, 0.3f, 0.3f);
      |         ^
/Library/Developer/CommandLineTools/SDKs/MacOSX.sdk/System/Library/Frameworks/OpenGL.framework/Headers/gl.h:2405:13: note: 'glColor3f' has been explicitly marked deprecated here
 2405 | extern void glColor3f (GLfloat red, GLfloat green, GLfloat blue) OPENGL_DEPRECATED(10.0, 10.14);
      |             ^
main.cpp:1482:9: warning: 'glPushMatrix' is deprecated: first deprecated in macOS 10.14 - OpenGL API deprecated. (Define GL_SILENCE_DEPRECATION to silence these warnings) [-Wdeprecated-declarations]
 1482 |         glPushMatrix();
      |         ^
/Library/Developer/CommandLineTools/SDKs/MacOSX.sdk/System/Library/Frameworks/OpenGL.framework/Headers/gl.h:2625:13: note: 'glPushMatrix' has been explicitly marked deprecated here
 2625 | extern void glPushMatrix (void) OPENGL_DEPRECATED(10.0, 10.14);
      |             ^
main.cpp:1483:9: warning: 'glTranslatef' is deprecated: first deprecated in macOS 10.14 - OpenGL API deprecated. (Define GL_SILENCE_DEPRECATION to silence these warnings) [-Wdeprecated-declarations]
 1483 |         glTranslatef(-cafe.width/2 - 1, 0, cafe.depth/2 + 3.5f);
      |         ^
/Library/Developer/CommandLineTools/SDKs/MacOSX.sdk/System/Library/Frameworks/OpenGL.framework/Headers/gl.h:2729:13: note: 'glTranslatef' has been explicitly marked deprecated here
 2729 | extern void glTranslatef (GLfloat x, GLfloat y, GLfloat z) OPENGL_DEPRECATED(10.0, 10.14);
      |             ^
main.cpp:1485:9: warning: 'glPopMatrix' is deprecated: first deprecated in macOS 10.14 - OpenGL API deprecated. (Define GL_SILENCE_DEPRECATION to silence these warnings) [-Wdeprecated-declarations]
 1485 |         glPopMatrix();
      |         ^
/Library/Developer/CommandLineTools/SDKs/MacOSX.sdk/System/Library/Frameworks/OpenGL.framework/Headers/gl.h:2620:13: note: 'glPopMatrix' has been explicitly marked deprecated here
 2620 | extern void glPopMatrix (void) OPENGL_DEPRECATED(10.0, 10.14);
      |             ^
main.cpp:1487:9: warning: 'glPushMatrix' is deprecated: first deprecated in macOS 10.14 - OpenGL API deprecated. (Define GL_SILENCE_DEPRECATION to silence these warnings) [-Wdeprecated-declarations]
 1487 |         glPushMatrix();
      |         ^
/Library/Developer/CommandLineTools/SDKs/MacOSX.sdk/System/Library/Frameworks/OpenGL.framework/Headers/gl.h:2625:13: note: 'glPushMatrix' has been explicitly marked deprecated here
 2625 | extern void glPushMatrix (void) OPENGL_DEPRECATED(10.0, 10.14);
      |             ^
main.cpp:1488:9: warning: 'glTranslatef' is deprecated: first deprecated in macOS 10.14 - OpenGL API deprecated. (Define GL_SILENCE_DEPRECATION to silence these warnings) [-Wdeprecated-declarations]
 1488 |         glTranslatef(cafe.width/2 + 1, 0, cafe.depth/2 + 3.5f);
      |         ^
/Library/Developer/CommandLineTools/SDKs/MacOSX.sdk/System/Library/Frameworks/OpenGL.framework/Headers/gl.h:2729:13: note: 'glTranslatef' has been explicitly marked deprecated here
 2729 | extern void glTranslatef (GLfloat x, GLfloat y, GLfloat z) OPENGL_DEPRECATED(10.0, 10.14);
      |             ^
main.cpp:1490:9: warning: 'glPopMatrix' is deprecated: first deprecated in macOS 10.14 - OpenGL API deprecated. (Define GL_SILENCE_DEPRECATION to silence these warnings) [-Wdeprecated-declarations]
 1490 |         glPopMatrix();
      |         ^
/Library/Developer/CommandLineTools/SDKs/MacOSX.sdk/System/Library/Frameworks/OpenGL.framework/Headers/gl.h:2620:13: note: 'glPopMatrix' has been explicitly marked deprecated here
 2620 | extern void glPopMatrix (void) OPENGL_DEPRECATED(10.0, 10.14);
      |             ^
main.cpp:1493:9: warning: 'glColor3f' is deprecated: first deprecated in macOS 10.14 - OpenGL API deprecated. (Define GL_SILENCE_DEPRECATION to silence these warnings) [-Wdeprecated-declarations]
 1493 |         glColor3f(0.7f, 0.85f, 0.95f);  // Light blue glass
      |         ^
/Library/Developer/CommandLineTools/SDKs/MacOSX.sdk/System/Library/Frameworks/OpenGL.framework/Headers/gl.h:2405:13: note: 'glColor3f' has been explicitly marked deprecated here
 2405 | extern void glColor3f (GLfloat red, GLfloat green, GLfloat blue) OPENGL_DEPRECATED(10.0, 10.14);
      |             ^
main.cpp:1495:13: warning: 'glPushMatrix' is deprecated: first deprecated in macOS 10.14 - OpenGL API deprecated. (Define GL_SILENCE_DEPRECATION to silence these warnings) [-Wdeprecated-declarations]
 1495 |             glPushMatrix();
      |             ^
/Library/Developer/CommandLineTools/SDKs/MacOSX.sdk/System/Library/Frameworks/OpenGL.framework/Headers/gl.h:2625:13: note: 'glPushMatrix' has been explicitly marked deprecated here
 2625 | extern void glPushMatrix (void) OPENGL_DEPRECATED(10.0, 10.14);
      |             ^
main.cpp:1496:13: warning: 'glTranslatef' is deprecated: first deprecated in macOS 10.14 - OpenGL API deprecated. (Define GL_SILENCE_DEPRECATION to silence these warnings) [-Wdeprecated-declarations]
 1496 |             glTranslatef(i * (cafe.width/3.5f), -1.0f, cafe.depth/2 + 0.12f);
      |             ^
/Library/Developer/CommandLineTools/SDKs/MacOSX.sdk/System/Library/Frameworks/OpenGL.framework/Headers/gl.h:2729:13: note: 'glTranslatef' has been explicitly marked deprecated here
 2729 | extern void glTranslatef (GLfloat x, GLfloat y, GLfloat z) OPENGL_DEPRECATED(10.0, 10.14);
      |             ^
main.cpp:1498:13: warning: 'glPopMatrix' is deprecated: first deprecated in macOS 10.14 - OpenGL API deprecated. (Define GL_SILENCE_DEPRECATION to silence these warnings) [-Wdeprecated-declarations]
 1498 |             glPopMatrix();
      |             ^
/Library/Developer/CommandLineTools/SDKs/MacOSX.sdk/System/Library/Frameworks/OpenGL.framework/Headers/gl.h:2620:13: note: 'glPopMatrix' has been explicitly marked deprecated here
 2620 | extern void glPopMatrix (void) OPENGL_DEPRECATED(10.0, 10.14);
      |             ^
main.cpp:1501:13: warning: 'glColor3f' is deprecated: first deprecated in macOS 10.14 - OpenGL API deprecated. (Define GL_SILENCE_DEPRECATION to silence these warnings) [-Wdeprecated-declarations]
 1501 |             glColor3f(0.2f, 0.2f, 0.2f);
      |             ^
/Library/Developer/CommandLineTools/SDKs/MacOSX.sdk/System/Library/Frameworks/OpenGL.framework/Headers/gl.h:2405:13: note: 'glColor3f' has been explicitly marked deprecated here
 2405 | extern void glColor3f (GLfloat red, GLfloat green, GLfloat blue) OPENGL_DEPRECATED(10.0, 10.14);
      |             ^
main.cpp:1502:13: warning: 'glPushMatrix' is deprecated: first deprecated in macOS 10.14 - OpenGL API deprecated. (Define GL_SILENCE_DEPRECATION to silence these warnings) [-Wdeprecated-declarations]
 1502 |             glPushMatrix();
      |             ^
/Library/Developer/CommandLineTools/SDKs/MacOSX.sdk/System/Library/Frameworks/OpenGL.framework/Headers/gl.h:2625:13: note: 'glPushMatrix' has been explicitly marked deprecated here
 2625 | extern void glPushMatrix (void) OPENGL_DEPRECATED(10.0, 10.14);
      |             ^
main.cpp:1503:13: warning: 'glTranslatef' is deprecated: first deprecated in macOS 10.14 - OpenGL API deprecated. (Define GL_SILENCE_DEPRECATION to silence these warnings) [-Wdeprecated-declarations]
 1503 |             glTranslatef(i * (cafe.width/3.5f), -1.0f, cafe.depth/2 + 0.15f);
      |             ^
/Library/Developer/CommandLineTools/SDKs/MacOSX.sdk/System/Library/Frameworks/OpenGL.framework/Headers/gl.h:2729:13: note: 'glTranslatef' has been explicitly marked deprecated here
 2729 | extern void glTranslatef (GLfloat x, GLfloat y, GLfloat z) OPENGL_DEPRECATED(10.0, 10.14);
      |             ^
main.cpp:1505:13: warning: 'glPopMatrix' is deprecated: first deprecated in macOS 10.14 - OpenGL API deprecated. (Define GL_SILENCE_DEPRECATION to silence these warnings) [-Wdeprecated-declarations]
 1505 |             glPopMatrix();
      |             ^
/Library/Developer/CommandLineTools/SDKs/MacOSX.sdk/System/Library/Frameworks/OpenGL.framework/Headers/gl.h:2620:13: note: 'glPopMatrix' has been explicitly marked deprecated here
 2620 | extern void glPopMatrix (void) OPENGL_DEPRECATED(10.0, 10.14);
      |             ^
main.cpp:1507:13: warning: 'glPushMatrix' is deprecated: first deprecated in macOS 10.14 - OpenGL API deprecated. (Define GL_SILENCE_DEPRECATION to silence these warnings) [-Wdeprecated-declarations]
 1507 |             glPushMatrix();
      |             ^
/Library/Developer/CommandLineTools/SDKs/MacOSX.sdk/System/Library/Frameworks/OpenGL.framework/Headers/gl.h:2625:13: note: 'glPushMatrix' has been explicitly marked deprecated here
 2625 | extern void glPushMatrix (void) OPENGL_DEPRECATED(10.0, 10.14);
      |             ^
main.cpp:1508:13: warning: 'glTranslatef' is deprecated: first deprecated in macOS 10.14 - OpenGL API deprecated. (Define GL_SILENCE_DEPRECATION to silence these warnings) [-Wdeprecated-declarations]
 1508 |             glTranslatef(i * (cafe.width/3.5f), -1.0f, cafe.depth/2 + 0.15f);
      |             ^
/Library/Developer/CommandLineTools/SDKs/MacOSX.sdk/System/Library/Frameworks/OpenGL.framework/Headers/gl.h:2729:13: note: 'glTranslatef' has been explicitly marked deprecated here
 2729 | extern void glTranslatef (GLfloat x, GLfloat y, GLfloat z) OPENGL_DEPRECATED(10.0, 10.14);
      |             ^
main.cpp:1510:13: warning: 'glPopMatrix' is deprecated: first deprecated in macOS 10.14 - OpenGL API deprecated. (Define GL_SILENCE_DEPRECATION to silence these warnings) [-Wdeprecated-declarations]
 1510 |             glPopMatrix();
      |             ^
/Library/Developer/CommandLineTools/SDKs/MacOSX.sdk/System/Library/Frameworks/OpenGL.framework/Headers/gl.h:2620:13: note: 'glPopMatrix' has been explicitly marked deprecated here
 2620 | extern void glPopMatrix (void) OPENGL_DEPRECATED(10.0, 10.14);
      |             ^
main.cpp:1514:9: warning: 'glColor3f' is deprecated: first deprecated in macOS 10.14 - OpenGL API deprecated. (Define GL_SILENCE_DEPRECATION to silence these warnings) [-Wdeprecated-declarations]
 1514 |         glColor3f(0.2f, 0.15f, 0.1f);  // Dark brown door
      |         ^
/Library/Developer/CommandLineTools/SDKs/MacOSX.sdk/System/Library/Frameworks/OpenGL.framework/Headers/gl.h:2405:13: note: 'glColor3f' has been explicitly marked deprecated here
 2405 | extern void glColor3f (GLfloat red, GLfloat green, GLfloat blue) OPENGL_DEPRECATED(10.0, 10.14);
      |             ^
main.cpp:1515:9: warning: 'glPushMatrix' is deprecated: first deprecated in macOS 10.14 - OpenGL API deprecated. (Define GL_SILENCE_DEPRECATION to silence these warnings) [-Wdeprecated-declarations]
 1515 |         glPushMatrix();
      |         ^
/Library/Developer/CommandLineTools/SDKs/MacOSX.sdk/System/Library/Frameworks/OpenGL.framework/Headers/gl.h:2625:13: note: 'glPushMatrix' has been explicitly marked deprecated here
 2625 | extern void glPushMatrix (void) OPENGL_DEPRECATED(10.0, 10.14);
      |             ^
main.cpp:1516:9: warning: 'glTranslatef' is deprecated: first deprecated in macOS 10.14 - OpenGL API deprecated. (Define GL_SILENCE_DEPRECATION to silence these warnings) [-Wdeprecated-declarations]
 1516 |         glTranslatef(cafe.width * 0.35f, -cafe.height/2 + 3.5f, cafe.depth/2 + 0.15f);
      |         ^
/Library/Developer/CommandLineTools/SDKs/MacOSX.sdk/System/Library/Frameworks/OpenGL.framework/Headers/gl.h:2729:13: note: 'glTranslatef' has been explicitly marked deprecated here
 2729 | extern void glTranslatef (GLfloat x, GLfloat y, GLfloat z) OPENGL_DEPRECATED(10.0, 10.14);
      |             ^
main.cpp:1518:9: warning: 'glPopMatrix' is deprecated: first deprecated in macOS 10.14 - OpenGL API deprecated. (Define GL_SILENCE_DEPRECATION to silence these warnings) [-Wdeprecated-declarations]
 1518 |         glPopMatrix();
      |         ^
/Library/Developer/CommandLineTools/SDKs/MacOSX.sdk/System/Library/Frameworks/OpenGL.framework/Headers/gl.h:2620:13: note: 'glPopMatrix' has been explicitly marked deprecated here
 2620 | extern void glPopMatrix (void) OPENGL_DEPRECATED(10.0, 10.14);
      |             ^
main.cpp:1521:9: warning: 'glColor3f' is deprecated: first deprecated in macOS 10.14 - OpenGL API deprecated. (Define GL_SILENCE_DEPRECATION to silence these warnings) [-Wdeprecated-declarations]
 1521 |         glColor3f(0.6f, 0.75f, 0.85f);
      |         ^
/Library/Developer/CommandLineTools/SDKs/MacOSX.sdk/System/Library/Frameworks/OpenGL.framework/Headers/gl.h:2405:13: note: 'glColor3f' has been explicitly marked deprecated here
 2405 | extern void glColor3f (GLfloat red, GLfloat green, GLfloat blue) OPENGL_DEPRECATED(10.0, 10.14);
      |             ^
main.cpp:1522:9: warning: 'glPushMatrix' is deprecated: first deprecated in macOS 10.14 - OpenGL API deprecated. (Define GL_SILENCE_DEPRECATION to silence these warnings) [-Wdeprecated-declarations]
 1522 |         glPushMatrix();
      |         ^
/Library/Developer/CommandLineTools/SDKs/MacOSX.sdk/System/Library/Frameworks/OpenGL.framework/Headers/gl.h:2625:13: note: 'glPushMatrix' has been explicitly marked deprecated here
 2625 | extern void glPushMatrix (void) OPENGL_DEPRECATED(10.0, 10.14);
      |             ^
main.cpp:1523:9: warning: 'glTranslatef' is deprecated: first deprecated in macOS 10.14 - OpenGL API deprecated. (Define GL_SILENCE_DEPRECATION to silence these warnings) [-Wdeprecated-declarations]
 1523 |         glTranslatef(cafe.width * 0.35f, -cafe.height/2 + 4.5f, cafe.depth/2 + 0.18f);
      |         ^
/Library/Developer/CommandLineTools/SDKs/MacOSX.sdk/System/Library/Frameworks/OpenGL.framework/Headers/gl.h:2729:13: note: 'glTranslatef' has been explicitly marked deprecated here
 2729 | extern void glTranslatef (GLfloat x, GLfloat y, GLfloat z) OPENGL_DEPRECATED(10.0, 10.14);
      |             ^
main.cpp:1525:9: warning: 'glPopMatrix' is deprecated: first deprecated in macOS 10.14 - OpenGL API deprecated. (Define GL_SILENCE_DEPRECATION to silence these warnings) [-Wdeprecated-declarations]
 1525 |         glPopMatrix();
      |         ^
/Library/Developer/CommandLineTools/SDKs/MacOSX.sdk/System/Library/Frameworks/OpenGL.framework/Headers/gl.h:2620:13: note: 'glPopMatrix' has been explicitly marked deprecated here
 2620 | extern void glPopMatrix (void) OPENGL_DEPRECATED(10.0, 10.14);
      |             ^
main.cpp:1528:9: warning: 'glColor3f' is deprecated: first deprecated in macOS 10.14 - OpenGL API deprecated. (Define GL_SILENCE_DEPRECATION to silence these warnings) [-Wdeprecated-declarations]
 1528 |         glColor3f(0.8f, 0.7f, 0.2f);  // Gold handle
      |         ^
/Library/Developer/CommandLineTools/SDKs/MacOSX.sdk/System/Library/Frameworks/OpenGL.framework/Headers/gl.h:2405:13: note: 'glColor3f' has been explicitly marked deprecated here
 2405 | extern void glColor3f (GLfloat red, GLfloat green, GLfloat blue) OPENGL_DEPRECATED(10.0, 10.14);
      |             ^
main.cpp:1529:9: warning: 'glPushMatrix' is deprecated: first deprecated in macOS 10.14 - OpenGL API deprecated. (Define GL_SILENCE_DEPRECATION to silence these warnings) [-Wdeprecated-declarations]
 1529 |         glPushMatrix();
      |         ^
/Library/Developer/CommandLineTools/SDKs/MacOSX.sdk/System/Library/Frameworks/OpenGL.framework/Headers/gl.h:2625:13: note: 'glPushMatrix' has been explicitly marked deprecated here
 2625 | extern void glPushMatrix (void) OPENGL_DEPRECATED(10.0, 10.14);
      |             ^
main.cpp:1530:9: warning: 'glTranslatef' is deprecated: first deprecated in macOS 10.14 - OpenGL API deprecated. (Define GL_SILENCE_DEPRECATION to silence these warnings) [-Wdeprecated-declarations]
 1530 |         glTranslatef(cafe.width * 0.35f + 1.0f, -cafe.height/2 + 3.5f, cafe.depth/2 + 0.25f);
      |         ^
/Library/Developer/CommandLineTools/SDKs/MacOSX.sdk/System/Library/Frameworks/OpenGL.framework/Headers/gl.h:2729:13: note: 'glTranslatef' has been explicitly marked deprecated here
 2729 | extern void glTranslatef (GLfloat x, GLfloat y, GLfloat z) OPENGL_DEPRECATED(10.0, 10.14);
      |             ^
main.cpp:1531:9: warning: 'glutSolidSphere' is deprecated: first deprecated in macOS 10.9 - OpenGL API deprecated. (Define GL_SILENCE_DEPRECATION to silence these warnings) [-Wdeprecated-declarations]
 1531 |         glutSolidSphere(0.3, 10, 10);
      |         ^
/Library/Developer/CommandLineTools/SDKs/MacOSX.sdk/System/Library/Frameworks/GLUT.framework/Headers/glut.h:571:22: note: 'glutSolidSphere' has been explicitly marked deprecated here
  571 | extern void APIENTRY glutSolidSphere(GLdouble radius, GLint slices, GLint stacks) OPENGL_DEPRECATED(10_0, 10_9);
      |                      ^
main.cpp:1532:9: warning: 'glPopMatrix' is deprecated: first deprecated in macOS 10.14 - OpenGL API deprecated. (Define GL_SILENCE_DEPRECATION to silence these warnings) [-Wdeprecated-declarations]
 1532 |         glPopMatrix();
      |         ^
/Library/Developer/CommandLineTools/SDKs/MacOSX.sdk/System/Library/Frameworks/OpenGL.framework/Headers/gl.h:2620:13: note: 'glPopMatrix' has been explicitly marked deprecated here
 2620 | extern void glPopMatrix (void) OPENGL_DEPRECATED(10.0, 10.14);
      |             ^
main.cpp:1535:9: warning: 'glColor3f' is deprecated: first deprecated in macOS 10.14 - OpenGL API deprecated. (Define GL_SILENCE_DEPRECATION to silence these warnings) [-Wdeprecated-declarations]
 1535 |         glColor3f(1.0f, 1.0f, 1.0f);
      |         ^
/Library/Developer/CommandLineTools/SDKs/MacOSX.sdk/System/Library/Frameworks/OpenGL.framework/Headers/gl.h:2405:13: note: 'glColor3f' has been explicitly marked deprecated here
 2405 | extern void glColor3f (GLfloat red, GLfloat green, GLfloat blue) OPENGL_DEPRECATED(10.0, 10.14);
      |             ^
main.cpp:1536:9: warning: 'glPushMatrix' is deprecated: first deprecated in macOS 10.14 - OpenGL API deprecated. (Define GL_SILENCE_DEPRECATION to silence these warnings) [-Wdeprecated-declarations]
 1536 |         glPushMatrix();
      |         ^
/Library/Developer/CommandLineTools/SDKs/MacOSX.sdk/System/Library/Frameworks/OpenGL.framework/Headers/gl.h:2625:13: note: 'glPushMatrix' has been explicitly marked deprecated here
 2625 | extern void glPushMatrix (void) OPENGL_DEPRECATED(10.0, 10.14);
      |             ^
main.cpp:1537:9: warning: 'glTranslatef' is deprecated: first deprecated in macOS 10.14 - OpenGL API deprecated. (Define GL_SILENCE_DEPRECATION to silence these warnings) [-Wdeprecated-declarations]
 1537 |         glTranslatef(0, cafe.height/2 - 1.5f, cafe.depth/2 + 0.2f);
      |         ^
/Library/Developer/CommandLineTools/SDKs/MacOSX.sdk/System/Library/Frameworks/OpenGL.framework/Headers/gl.h:2729:13: note: 'glTranslatef' has been explicitly marked deprecated here
 2729 | extern void glTranslatef (GLfloat x, GLfloat y, GLfloat z) OPENGL_DEPRECATED(10.0, 10.14);
      |             ^
main.cpp:1539:9: warning: 'glPopMatrix' is deprecated: first deprecated in macOS 10.14 - OpenGL API deprecated. (Define GL_SILENCE_DEPRECATION to silence these warnings) [-Wdeprecated-declarations]
 1539 |         glPopMatrix();
      |         ^
/Library/Developer/CommandLineTools/SDKs/MacOSX.sdk/System/Library/Frameworks/OpenGL.framework/Headers/gl.h:2620:13: note: 'glPopMatrix' has been explicitly marked deprecated here
 2620 | extern void glPopMatrix (void) OPENGL_DEPRECATED(10.0, 10.14);
      |             ^
main.cpp:1543:13: warning: 'glColor3f' is deprecated: first deprecated in macOS 10.14 - OpenGL API deprecated. (Define GL_SILENCE_DEPRECATION to silence these warnings) [-Wdeprecated-declarations]
 1543 |             glColor3f(0.1f, 0.1f, 0.1f);
      |             ^
/Library/Developer/CommandLineTools/SDKs/MacOSX.sdk/System/Library/Frameworks/OpenGL.framework/Headers/gl.h:2405:13: note: 'glColor3f' has been explicitly marked deprecated here
 2405 | extern void glColor3f (GLfloat red, GLfloat green, GLfloat blue) OPENGL_DEPRECATED(10.0, 10.14);
      |             ^
main.cpp:1545:17: warning: 'glPushMatrix' is deprecated: first deprecated in macOS 10.14 - OpenGL API deprecated. (Define GL_SILENCE_DEPRECATION to silence these warnings) [-Wdeprecated-declarations]
 1545 |                 glPushMatrix();
      |                 ^
/Library/Developer/CommandLineTools/SDKs/MacOSX.sdk/System/Library/Frameworks/OpenGL.framework/Headers/gl.h:2625:13: note: 'glPushMatrix' has been explicitly marked deprecated here
 2625 | extern void glPushMatrix (void) OPENGL_DEPRECATED(10.0, 10.14);
      |             ^
main.cpp:1546:17: warning: 'glTranslatef' is deprecated: first deprecated in macOS 10.14 - OpenGL API deprecated. (Define GL_SILENCE_DEPRECATION to silence these warnings) [-Wdeprecated-declarations]
 1546 |                 glTranslatef(i * 1.8f, cafe.height/2 - 1.5f, cafe.depth/2 + 0.25f);
      |                 ^
/Library/Developer/CommandLineTools/SDKs/MacOSX.sdk/System/Library/Frameworks/OpenGL.framework/Headers/gl.h:2729:13: note: 'glTranslatef' has been explicitly marked deprecated here
 2729 | extern void glTranslatef (GLfloat x, GLfloat y, GLfloat z) OPENGL_DEPRECATED(10.0, 10.14);
      |             ^
main.cpp:1548:17: warning: 'glPopMatrix' is deprecated: first deprecated in macOS 10.14 - OpenGL API deprecated. (Define GL_SILENCE_DEPRECATION to silence these warnings) [-Wdeprecated-declarations]
 1548 |                 glPopMatrix();
      |                 ^
/Library/Developer/CommandLineTools/SDKs/MacOSX.sdk/System/Library/Frameworks/OpenGL.framework/Headers/gl.h:2620:13: note: 'glPopMatrix' has been explicitly marked deprecated here
 2620 | extern void glPopMatrix (void) OPENGL_DEPRECATED(10.0, 10.14);
      |             ^
main.cpp:1553:9: warning: 'glColor3f' is deprecated: first deprecated in macOS 10.14 - OpenGL API deprecated. (Define GL_SILENCE_DEPRECATION to silence these warnings) [-Wdeprecated-declarations]
 1553 |         glColor3f(0.3f, 0.3f, 0.3f);
      |         ^
/Library/Developer/CommandLineTools/SDKs/MacOSX.sdk/System/Library/Frameworks/OpenGL.framework/Headers/gl.h:2405:13: note: 'glColor3f' has been explicitly marked deprecated here
 2405 | extern void glColor3f (GLfloat red, GLfloat green, GLfloat blue) OPENGL_DEPRECATED(10.0, 10.14);
      |             ^
main.cpp:1556:13: warning: 'glPushMatrix' is deprecated: first deprecated in macOS 10.14 - OpenGL API deprecated. (Define GL_SILENCE_DEPRECATION to silence these warnings) [-Wdeprecated-declarations]
 1556 |             glPushMatrix();
      |             ^
/Library/Developer/CommandLineTools/SDKs/MacOSX.sdk/System/Library/Frameworks/OpenGL.framework/Headers/gl.h:2625:13: note: 'glPushMatrix' has been explicitly marked deprecated here
 2625 | extern void glPushMatrix (void) OPENGL_DEPRECATED(10.0, 10.14);
      |             ^
main.cpp:1557:13: warning: 'glTranslatef' is deprecated: first deprecated in macOS 10.14 - OpenGL API deprecated. (Define GL_SILENCE_DEPRECATION to silence these warnings) [-Wdeprecated-declarations]
 1557 |             glTranslatef(-cafe.width/2 - 5 + i * 8, -cafe.height/2 + 1.5f, cafe.depth/2 + 6);
      |             ^
/Library/Developer/CommandLineTools/SDKs/MacOSX.sdk/System/Library/Frameworks/OpenGL.framework/Headers/gl.h:2729:13: note: 'glTranslatef' has been explicitly marked deprecated here
 2729 | extern void glTranslatef (GLfloat x, GLfloat y, GLfloat z) OPENGL_DEPRECATED(10.0, 10.14);
      |             ^
main.cpp:1559:13: warning: 'glPopMatrix' is deprecated: first deprecated in macOS 10.14 - OpenGL API deprecated. (Define GL_SILENCE_DEPRECATION to silence these warnings) [-Wdeprecated-declarations]
 1559 |             glPopMatrix();
      |             ^
/Library/Developer/CommandLineTools/SDKs/MacOSX.sdk/System/Library/Frameworks/OpenGL.framework/Headers/gl.h:2620:13: note: 'glPopMatrix' has been explicitly marked deprecated here
 2620 | extern void glPopMatrix (void) OPENGL_DEPRECATED(10.0, 10.14);
      |             ^
main.cpp:1561:13: warning: 'glPushMatrix' is deprecated: first deprecated in macOS 10.14 - OpenGL API deprecated. (Define GL_SILENCE_DEPRECATION to silence these warnings) [-Wdeprecated-declarations]
 1561 |             glPushMatrix();
      |             ^
/Library/Developer/CommandLineTools/SDKs/MacOSX.sdk/System/Library/Frameworks/OpenGL.framework/Headers/gl.h:2625:13: note: 'glPushMatrix' has been explicitly marked deprecated here
 2625 | extern void glPushMatrix (void) OPENGL_DEPRECATED(10.0, 10.14);
      |             ^
main.cpp:1562:13: warning: 'glTranslatef' is deprecated: first deprecated in macOS 10.14 - OpenGL API deprecated. (Define GL_SILENCE_DEPRECATION to silence these warnings) [-Wdeprecated-declarations]
 1562 |             glTranslatef(-cafe.width/2 - 5 + i * 8, -cafe.height/2 + 0.7f, cafe.depth/2 + 6);
      |             ^
/Library/Developer/CommandLineTools/SDKs/MacOSX.sdk/System/Library/Frameworks/OpenGL.framework/Headers/gl.h:2729:13: note: 'glTranslatef' has been explicitly marked deprecated here
 2729 | extern void glTranslatef (GLfloat x, GLfloat y, GLfloat z) OPENGL_DEPRECATED(10.0, 10.14);
      |             ^
main.cpp:1564:13: warning: 'glPopMatrix' is deprecated: first deprecated in macOS 10.14 - OpenGL API deprecated. (Define GL_SILENCE_DEPRECATION to silence these warnings) [-Wdeprecated-declarations]
 1564 |             glPopMatrix();
      |             ^
/Library/Developer/CommandLineTools/SDKs/MacOSX.sdk/System/Library/Frameworks/OpenGL.framework/Headers/gl.h:2620:13: note: 'glPopMatrix' has been explicitly marked deprecated here
 2620 | extern void glPopMatrix (void) OPENGL_DEPRECATED(10.0, 10.14);
      |             ^
main.cpp:1568:17: warning: 'glColor3f' is deprecated: first deprecated in macOS 10.14 - OpenGL API deprecated. (Define GL_SILENCE_DEPRECATION to silence these warnings) [-Wdeprecated-declarations]
 1568 |                 glColor3f(0.7f, 0.2f, 0.2f);  // Red chairs
      |                 ^
/Library/Developer/CommandLineTools/SDKs/MacOSX.sdk/System/Library/Frameworks/OpenGL.framework/Headers/gl.h:2405:13: note: 'glColor3f' has been explicitly marked deprecated here
 2405 | extern void glColor3f (GLfloat red, GLfloat green, GLfloat blue) OPENGL_DEPRECATED(10.0, 10.14);
      |             ^
main.cpp:1569:17: warning: 'glPushMatrix' is deprecated: first deprecated in macOS 10.14 - OpenGL API deprecated. (Define GL_SILENCE_DEPRECATION to silence these warnings) [-Wdeprecated-declarations]
 1569 |                 glPushMatrix();
      |                 ^
/Library/Developer/CommandLineTools/SDKs/MacOSX.sdk/System/Library/Frameworks/OpenGL.framework/Headers/gl.h:2625:13: note: 'glPushMatrix' has been explicitly marked deprecated here
 2625 | extern void glPushMatrix (void) OPENGL_DEPRECATED(10.0, 10.14);
      |             ^
main.cpp:1570:17: warning: 'glTranslatef' is deprecated: first deprecated in macOS 10.14 - OpenGL API deprecated. (Define GL_SILENCE_DEPRECATION to silence these warnings) [-Wdeprecated-declarations]
 1570 |                 glTranslatef(-cafe.width/2 - 5 + i * 8 + (j * 4 - 2), -cafe.height/2 + 0.8f, cafe.depth/2 + 6 + 2.5f);
      |                 ^
/Library/Developer/CommandLineTools/SDKs/MacOSX.sdk/System/Library/Frameworks/OpenGL.framework/Headers/gl.h:2729:13: note: 'glTranslatef' has been explicitly marked deprecated here
 2729 | extern void glTranslatef (GLfloat x, GLfloat y, GLfloat z) OPENGL_DEPRECATED(10.0, 10.14);
      |             ^
main.cpp:1572:17: warning: 'glPopMatrix' is deprecated: first deprecated in macOS 10.14 - OpenGL API deprecated. (Define GL_SILENCE_DEPRECATION to silence these warnings) [-Wdeprecated-declarations]
 1572 |                 glPopMatrix();
      |                 ^
/Library/Developer/CommandLineTools/SDKs/MacOSX.sdk/System/Library/Frameworks/OpenGL.framework/Headers/gl.h:2620:13: note: 'glPopMatrix' has been explicitly marked deprecated here
 2620 | extern void glPopMatrix (void) OPENGL_DEPRECATED(10.0, 10.14);
      |             ^
main.cpp:1574:17: warning: 'glPushMatrix' is deprecated: first deprecated in macOS 10.14 - OpenGL API deprecated. (Define GL_SILENCE_DEPRECATION to silence these warnings) [-Wdeprecated-declarations]
 1574 |                 glPushMatrix();
      |                 ^
/Library/Developer/CommandLineTools/SDKs/MacOSX.sdk/System/Library/Frameworks/OpenGL.framework/Headers/gl.h:2625:13: note: 'glPushMatrix' has been explicitly marked deprecated here
 2625 | extern void glPushMatrix (void) OPENGL_DEPRECATED(10.0, 10.14);
      |             ^
main.cpp:1575:17: warning: 'glTranslatef' is deprecated: first deprecated in macOS 10.14 - OpenGL API deprecated. (Define GL_SILENCE_DEPRECATION to silence these warnings) [-Wdeprecated-declarations]
 1575 |                 glTranslatef(-cafe.width/2 - 5 + i * 8 + (j * 4 - 2), -cafe.height/2 + 1.8f, cafe.depth/2 + 6 + 3.0f);
      |                 ^
/Library/Developer/CommandLineTools/SDKs/MacOSX.sdk/System/Library/Frameworks/OpenGL.framework/Headers/gl.h:2729:13: note: 'glTranslatef' has been explicitly marked deprecated here
 2729 | extern void glTranslatef (GLfloat x, GLfloat y, GLfloat z) OPENGL_DEPRECATED(10.0, 10.14);
      |             ^
main.cpp:1577:17: warning: 'glPopMatrix' is deprecated: first deprecated in macOS 10.14 - OpenGL API deprecated. (Define GL_SILENCE_DEPRECATION to silence these warnings) [-Wdeprecated-declarations]
 1577 |                 glPopMatrix();
      |                 ^
/Library/Developer/CommandLineTools/SDKs/MacOSX.sdk/System/Library/Frameworks/OpenGL.framework/Headers/gl.h:2620:13: note: 'glPopMatrix' has been explicitly marked deprecated here
 2620 | extern void glPopMatrix (void) OPENGL_DEPRECATED(10.0, 10.14);
      |             ^
main.cpp:1581:9: warning: 'glPopMatrix' is deprecated: first deprecated in macOS 10.14 - OpenGL API deprecated. (Define GL_SILENCE_DEPRECATION to silence these warnings) [-Wdeprecated-declarations]
 1581 |         glPopMatrix();
      |         ^
/Library/Developer/CommandLineTools/SDKs/MacOSX.sdk/System/Library/Frameworks/OpenGL.framework/Headers/gl.h:2620:13: note: 'glPopMatrix' has been explicitly marked deprecated here
 2620 | extern void glPopMatrix (void) OPENGL_DEPRECATED(10.0, 10.14);
      |             ^
main.cpp:1622:9: warning: 'glPushMatrix' is deprecated: first deprecated in macOS 10.14 - OpenGL API deprecated. (Define GL_SILENCE_DEPRECATION to silence these warnings) [-Wdeprecated-declarations]
 1622 |         glPushMatrix();
      |         ^
/Library/Developer/CommandLineTools/SDKs/MacOSX.sdk/System/Library/Frameworks/OpenGL.framework/Headers/gl.h:2625:13: note: 'glPushMatrix' has been explicitly marked deprecated here
 2625 | extern void glPushMatrix (void) OPENGL_DEPRECATED(10.0, 10.14);
      |             ^
main.cpp:1623:9: warning: 'glTranslatef' is deprecated: first deprecated in macOS 10.14 - OpenGL API deprecated. (Define GL_SILENCE_DEPRECATION to silence these warnings) [-Wdeprecated-declarations]
 1623 |         glTranslatef(pos[0], 0, pos[1]);
      |         ^
/Library/Developer/CommandLineTools/SDKs/MacOSX.sdk/System/Library/Frameworks/OpenGL.framework/Headers/gl.h:2729:13: note: 'glTranslatef' has been explicitly marked deprecated here
 2729 | extern void glTranslatef (GLfloat x, GLfloat y, GLfloat z) OPENGL_DEPRECATED(10.0, 10.14);
      |             ^
main.cpp:1626:9: warning: 'glColor3f' is deprecated: first deprecated in macOS 10.14 - OpenGL API deprecated. (Define GL_SILENCE_DEPRECATION to silence these warnings) [-Wdeprecated-declarations]
 1626 |         glColor3f(0.4f, 0.25f, 0.1f);
      |         ^
/Library/Developer/CommandLineTools/SDKs/MacOSX.sdk/System/Library/Frameworks/OpenGL.framework/Headers/gl.h:2405:13: note: 'glColor3f' has been explicitly marked deprecated here
 2405 | extern void glColor3f (GLfloat red, GLfloat green, GLfloat blue) OPENGL_DEPRECATED(10.0, 10.14);
      |             ^
main.cpp:1627:9: warning: 'glPushMatrix' is deprecated: first deprecated in macOS 10.14 - OpenGL API deprecated. (Define GL_SILENCE_DEPRECATION to silence these warnings) [-Wdeprecated-declarations]
 1627 |         glPushMatrix();
      |         ^
/Library/Developer/CommandLineTools/SDKs/MacOSX.sdk/System/Library/Frameworks/OpenGL.framework/Headers/gl.h:2625:13: note: 'glPushMatrix' has been explicitly marked deprecated here
 2625 | extern void glPushMatrix (void) OPENGL_DEPRECATED(10.0, 10.14);
      |             ^
main.cpp:1628:9: warning: 'glTranslatef' is deprecated: first deprecated in macOS 10.14 - OpenGL API deprecated. (Define GL_SILENCE_DEPRECATION to silence these warnings) [-Wdeprecated-declarations]
 1628 |         glTranslatef(0, 3, 0);
      |         ^
/Library/Developer/CommandLineTools/SDKs/MacOSX.sdk/System/Library/Frameworks/OpenGL.framework/Headers/gl.h:2729:13: note: 'glTranslatef' has been explicitly marked deprecated here
 2729 | extern void glTranslatef (GLfloat x, GLfloat y, GLfloat z) OPENGL_DEPRECATED(10.0, 10.14);
      |             ^
main.cpp:1629:9: warning: 'glRotatef' is deprecated: first deprecated in macOS 10.14 - OpenGL API deprecated. (Define GL_SILENCE_DEPRECATION to silence these warnings) [-Wdeprecated-declarations]
 1629 |         glRotatef(-90, 1, 0, 0); // Rotate to make it vertical
      |         ^
/Library/Developer/CommandLineTools/SDKs/MacOSX.sdk/System/Library/Frameworks/OpenGL.framework/Headers/gl.h:2665:13: note: 'glRotatef' has been explicitly marked deprecated here
 2665 | extern void glRotatef (GLfloat angle, GLfloat x, GLfloat y, GLfloat z) OPENGL_DEPRECATED(10.0, 10.14);
      |             ^
main.cpp:1630:29: warning: 'gluNewQuadric' is deprecated: first deprecated in macOS 10.9 - OpenGL API deprecated. (Define GL_SILENCE_DEPRECATION to silence these warnings) [-Wdeprecated-declarations]
 1630 |         GLUquadric* trunk = gluNewQuadric();
      |                             ^
/Library/Developer/CommandLineTools/SDKs/MacOSX.sdk/System/Library/Frameworks/OpenGL.framework/Headers/glu.h:267:20: note: 'gluNewQuadric' has been explicitly marked deprecated here
  267 | extern GLUquadric* gluNewQuadric (void) OPENGL_DEPRECATED(10.0, 10.9);
      |                    ^
main.cpp:1631:9: warning: 'gluCylinder' is deprecated: first deprecated in macOS 10.9 - OpenGL API deprecated. (Define GL_SILENCE_DEPRECATION to silence these warnings) [-Wdeprecated-declarations]
 1631 |         gluCylinder(trunk, 0.8, 0.6, 6.0, 12, 1);
      |         ^
/Library/Developer/CommandLineTools/SDKs/MacOSX.sdk/System/Library/Frameworks/OpenGL.framework/Headers/glu.h:251:13: note: 'gluCylinder' has been explicitly marked deprecated here
  251 | extern void gluCylinder (GLUquadric* quad, GLdouble base, GLdouble top, GLdouble height, GLint slices, GLint stacks) OPENGL_DEPRECATED(10.0, 10.9);
      |             ^
main.cpp:1632:9: warning: 'gluDeleteQuadric' is deprecated: first deprecated in macOS 10.9 - OpenGL API deprecated. (Define GL_SILENCE_DEPRECATION to silence these warnings) [-Wdeprecated-declarations]
 1632 |         gluDeleteQuadric(trunk);
      |         ^
/Library/Developer/CommandLineTools/SDKs/MacOSX.sdk/System/Library/Frameworks/OpenGL.framework/Headers/glu.h:253:13: note: 'gluDeleteQuadric' has been explicitly marked deprecated here
  253 | extern void gluDeleteQuadric (GLUquadric* quad) OPENGL_DEPRECATED(10.0, 10.9);
      |             ^
main.cpp:1633:9: warning: 'glPopMatrix' is deprecated: first deprecated in macOS 10.14 - OpenGL API deprecated. (Define GL_SILENCE_DEPRECATION to silence these warnings) [-Wdeprecated-declarations]
 1633 |         glPopMatrix();
      |         ^
/Library/Developer/CommandLineTools/SDKs/MacOSX.sdk/System/Library/Frameworks/OpenGL.framework/Headers/gl.h:2620:13: note: 'glPopMatrix' has been explicitly marked deprecated here
 2620 | extern void glPopMatrix (void) OPENGL_DEPRECATED(10.0, 10.14);
      |             ^
main.cpp:1636:9: warning: 'glColor3f' is deprecated: first deprecated in macOS 10.14 - OpenGL API deprecated. (Define GL_SILENCE_DEPRECATION to silence these warnings) [-Wdeprecated-declarations]
 1636 |         glColor3f(0.1f, 0.5f, 0.1f);
      |         ^
/Library/Developer/CommandLineTools/SDKs/MacOSX.sdk/System/Library/Frameworks/OpenGL.framework/Headers/gl.h:2405:13: note: 'glColor3f' has been explicitly marked deprecated here
 2405 | extern void glColor3f (GLfloat red, GLfloat green, GLfloat blue) OPENGL_DEPRECATED(10.0, 10.14);
      |             ^
main.cpp:1637:9: warning: 'glPushMatrix' is deprecated: first deprecated in macOS 10.14 - OpenGL API deprecated. (Define GL_SILENCE_DEPRECATION to silence these warnings) [-Wdeprecated-declarations]
 1637 |         glPushMatrix();
      |         ^
/Library/Developer/CommandLineTools/SDKs/MacOSX.sdk/System/Library/Frameworks/OpenGL.framework/Headers/gl.h:2625:13: note: 'glPushMatrix' has been explicitly marked deprecated here
 2625 | extern void glPushMatrix (void) OPENGL_DEPRECATED(10.0, 10.14);
      |             ^
main.cpp:1638:9: warning: 'glTranslatef' is deprecated: first deprecated in macOS 10.14 - OpenGL API deprecated. (Define GL_SILENCE_DEPRECATION to silence these warnings) [-Wdeprecated-declarations]
 1638 |         glTranslatef(0, 7, 0);
      |         ^
/Library/Developer/CommandLineTools/SDKs/MacOSX.sdk/System/Library/Frameworks/OpenGL.framework/Headers/gl.h:2729:13: note: 'glTranslatef' has been explicitly marked deprecated here
 2729 | extern void glTranslatef (GLfloat x, GLfloat y, GLfloat z) OPENGL_DEPRECATED(10.0, 10.14);
      |             ^
main.cpp:1639:9: warning: 'glutSolidSphere' is deprecated: first deprecated in macOS 10.9 - OpenGL API deprecated. (Define GL_SILENCE_DEPRECATION to silence these warnings) [-Wdeprecated-declarations]
 1639 |         glutSolidSphere(3.5, 12, 12);
      |         ^
/Library/Developer/CommandLineTools/SDKs/MacOSX.sdk/System/Library/Frameworks/GLUT.framework/Headers/glut.h:571:22: note: 'glutSolidSphere' has been explicitly marked deprecated here
  571 | extern void APIENTRY glutSolidSphere(GLdouble radius, GLint slices, GLint stacks) OPENGL_DEPRECATED(10_0, 10_9);
      |                      ^
main.cpp:1640:9: warning: 'glPopMatrix' is deprecated: first deprecated in macOS 10.14 - OpenGL API deprecated. (Define GL_SILENCE_DEPRECATION to silence these warnings) [-Wdeprecated-declarations]
 1640 |         glPopMatrix();
      |         ^
/Library/Developer/CommandLineTools/SDKs/MacOSX.sdk/System/Library/Frameworks/OpenGL.framework/Headers/gl.h:2620:13: note: 'glPopMatrix' has been explicitly marked deprecated here
 2620 | extern void glPopMatrix (void) OPENGL_DEPRECATED(10.0, 10.14);
      |             ^
main.cpp:1642:9: warning: 'glColor3f' is deprecated: first deprecated in macOS 10.14 - OpenGL API deprecated. (Define GL_SILENCE_DEPRECATION to silence these warnings) [-Wdeprecated-declarations]
 1642 |         glColor3f(0.15f, 0.55f, 0.15f);
      |         ^
/Library/Developer/CommandLineTools/SDKs/MacOSX.sdk/System/Library/Frameworks/OpenGL.framework/Headers/gl.h:2405:13: note: 'glColor3f' has been explicitly marked deprecated here
 2405 | extern void glColor3f (GLfloat red, GLfloat green, GLfloat blue) OPENGL_DEPRECATED(10.0, 10.14);
      |             ^
main.cpp:1643:9: warning: 'glPushMatrix' is deprecated: first deprecated in macOS 10.14 - OpenGL API deprecated. (Define GL_SILENCE_DEPRECATION to silence these warnings) [-Wdeprecated-declarations]
 1643 |         glPushMatrix();
      |         ^
/Library/Developer/CommandLineTools/SDKs/MacOSX.sdk/System/Library/Frameworks/OpenGL.framework/Headers/gl.h:2625:13: note: 'glPushMatrix' has been explicitly marked deprecated here
 2625 | extern void glPushMatrix (void) OPENGL_DEPRECATED(10.0, 10.14);
      |             ^
main.cpp:1644:9: warning: 'glTranslatef' is deprecated: first deprecated in macOS 10.14 - OpenGL API deprecated. (Define GL_SILENCE_DEPRECATION to silence these warnings) [-Wdeprecated-declarations]
 1644 |         glTranslatef(-1.5, 6.5, 0);
      |         ^
/Library/Developer/CommandLineTools/SDKs/MacOSX.sdk/System/Library/Frameworks/OpenGL.framework/Headers/gl.h:2729:13: note: 'glTranslatef' has been explicitly marked deprecated here
 2729 | extern void glTranslatef (GLfloat x, GLfloat y, GLfloat z) OPENGL_DEPRECATED(10.0, 10.14);
      |             ^
main.cpp:1645:9: warning: 'glutSolidSphere' is deprecated: first deprecated in macOS 10.9 - OpenGL API deprecated. (Define GL_SILENCE_DEPRECATION to silence these warnings) [-Wdeprecated-declarations]
 1645 |         glutSolidSphere(2.5, 10, 10);
      |         ^
/Library/Developer/CommandLineTools/SDKs/MacOSX.sdk/System/Library/Frameworks/GLUT.framework/Headers/glut.h:571:22: note: 'glutSolidSphere' has been explicitly marked deprecated here
  571 | extern void APIENTRY glutSolidSphere(GLdouble radius, GLint slices, GLint stacks) OPENGL_DEPRECATED(10_0, 10_9);
      |                      ^
main.cpp:1646:9: warning: 'glPopMatrix' is deprecated: first deprecated in macOS 10.14 - OpenGL API deprecated. (Define GL_SILENCE_DEPRECATION to silence these warnings) [-Wdeprecated-declarations]
 1646 |         glPopMatrix();
      |         ^
/Library/Developer/CommandLineTools/SDKs/MacOSX.sdk/System/Library/Frameworks/OpenGL.framework/Headers/gl.h:2620:13: note: 'glPopMatrix' has been explicitly marked deprecated here
 2620 | extern void glPopMatrix (void) OPENGL_DEPRECATED(10.0, 10.14);
      |             ^
main.cpp:1648:9: warning: 'glPushMatrix' is deprecated: first deprecated in macOS 10.14 - OpenGL API deprecated. (Define GL_SILENCE_DEPRECATION to silence these warnings) [-Wdeprecated-declarations]
 1648 |         glPushMatrix();
      |         ^
/Library/Developer/CommandLineTools/SDKs/MacOSX.sdk/System/Library/Frameworks/OpenGL.framework/Headers/gl.h:2625:13: note: 'glPushMatrix' has been explicitly marked deprecated here
 2625 | extern void glPushMatrix (void) OPENGL_DEPRECATED(10.0, 10.14);
      |             ^
main.cpp:1649:9: warning: 'glTranslatef' is deprecated: first deprecated in macOS 10.14 - OpenGL API deprecated. (Define GL_SILENCE_DEPRECATION to silence these warnings) [-Wdeprecated-declarations]
 1649 |         glTranslatef(1.5, 6.5, 0);
      |         ^
/Library/Developer/CommandLineTools/SDKs/MacOSX.sdk/System/Library/Frameworks/OpenGL.framework/Headers/gl.h:2729:13: note: 'glTranslatef' has been explicitly marked deprecated here
 2729 | extern void glTranslatef (GLfloat x, GLfloat y, GLfloat z) OPENGL_DEPRECATED(10.0, 10.14);
      |             ^
main.cpp:1650:9: warning: 'glutSolidSphere' is deprecated: first deprecated in macOS 10.9 - OpenGL API deprecated. (Define GL_SILENCE_DEPRECATION to silence these warnings) [-Wdeprecated-declarations]
 1650 |         glutSolidSphere(2.5, 10, 10);
      |         ^
/Library/Developer/CommandLineTools/SDKs/MacOSX.sdk/System/Library/Frameworks/GLUT.framework/Headers/glut.h:571:22: note: 'glutSolidSphere' has been explicitly marked deprecated here
  571 | extern void APIENTRY glutSolidSphere(GLdouble radius, GLint slices, GLint stacks) OPENGL_DEPRECATED(10_0, 10_9);
      |                      ^
main.cpp:1651:9: warning: 'glPopMatrix' is deprecated: first deprecated in macOS 10.14 - OpenGL API deprecated. (Define GL_SILENCE_DEPRECATION to silence these warnings) [-Wdeprecated-declarations]
 1651 |         glPopMatrix();
      |         ^
/Library/Developer/CommandLineTools/SDKs/MacOSX.sdk/System/Library/Frameworks/OpenGL.framework/Headers/gl.h:2620:13: note: 'glPopMatrix' has been explicitly marked deprecated here
 2620 | extern void glPopMatrix (void) OPENGL_DEPRECATED(10.0, 10.14);
      |             ^
main.cpp:1653:9: warning: 'glPushMatrix' is deprecated: first deprecated in macOS 10.14 - OpenGL API deprecated. (Define GL_SILENCE_DEPRECATION to silence these warnings) [-Wdeprecated-declarations]
 1653 |         glPushMatrix();
      |         ^
/Library/Developer/CommandLineTools/SDKs/MacOSX.sdk/System/Library/Frameworks/OpenGL.framework/Headers/gl.h:2625:13: note: 'glPushMatrix' has been explicitly marked deprecated here
 2625 | extern void glPushMatrix (void) OPENGL_DEPRECATED(10.0, 10.14);
      |             ^
main.cpp:1654:9: warning: 'glTranslatef' is deprecated: first deprecated in macOS 10.14 - OpenGL API deprecated. (Define GL_SILENCE_DEPRECATION to silence these warnings) [-Wdeprecated-declarations]
 1654 |         glTranslatef(0, 8.5, 1.2);
      |         ^
/Library/Developer/CommandLineTools/SDKs/MacOSX.sdk/System/Library/Frameworks/OpenGL.framework/Headers/gl.h:2729:13: note: 'glTranslatef' has been explicitly marked deprecated here
 2729 | extern void glTranslatef (GLfloat x, GLfloat y, GLfloat z) OPENGL_DEPRECATED(10.0, 10.14);
      |             ^
main.cpp:1655:9: warning: 'glutSolidSphere' is deprecated: first deprecated in macOS 10.9 - OpenGL API deprecated. (Define GL_SILENCE_DEPRECATION to silence these warnings) [-Wdeprecated-declarations]
 1655 |         glutSolidSphere(2.8, 10, 10);
      |         ^
/Library/Developer/CommandLineTools/SDKs/MacOSX.sdk/System/Library/Frameworks/GLUT.framework/Headers/glut.h:571:22: note: 'glutSolidSphere' has been explicitly marked deprecated here
  571 | extern void APIENTRY glutSolidSphere(GLdouble radius, GLint slices, GLint stacks) OPENGL_DEPRECATED(10_0, 10_9);
      |                      ^
main.cpp:1656:9: warning: 'glPopMatrix' is deprecated: first deprecated in macOS 10.14 - OpenGL API deprecated. (Define GL_SILENCE_DEPRECATION to silence these warnings) [-Wdeprecated-declarations]
 1656 |         glPopMatrix();
      |         ^
/Library/Developer/CommandLineTools/SDKs/MacOSX.sdk/System/Library/Frameworks/OpenGL.framework/Headers/gl.h:2620:13: note: 'glPopMatrix' has been explicitly marked deprecated here
 2620 | extern void glPopMatrix (void) OPENGL_DEPRECATED(10.0, 10.14);
      |             ^
main.cpp:1658:9: warning: 'glPopMatrix' is deprecated: first deprecated in macOS 10.14 - OpenGL API deprecated. (Define GL_SILENCE_DEPRECATION to silence these warnings) [-Wdeprecated-declarations]
 1658 |         glPopMatrix();
      |         ^
/Library/Developer/CommandLineTools/SDKs/MacOSX.sdk/System/Library/Frameworks/OpenGL.framework/Headers/gl.h:2620:13: note: 'glPopMatrix' has been explicitly marked deprecated here
 2620 | extern void glPopMatrix (void) OPENGL_DEPRECATED(10.0, 10.14);
      |             ^
main.cpp:1669:9: warning: 'glPushMatrix' is deprecated: first deprecated in macOS 10.14 - OpenGL API deprecated. (Define GL_SILENCE_DEPRECATION to silence these warnings) [-Wdeprecated-declarations]
 1669 |         glPushMatrix();
      |         ^
/Library/Developer/CommandLineTools/SDKs/MacOSX.sdk/System/Library/Frameworks/OpenGL.framework/Headers/gl.h:2625:13: note: 'glPushMatrix' has been explicitly marked deprecated here
 2625 | extern void glPushMatrix (void) OPENGL_DEPRECATED(10.0, 10.14);
      |             ^
main.cpp:1670:9: warning: 'glTranslatef' is deprecated: first deprecated in macOS 10.14 - OpenGL API deprecated. (Define GL_SILENCE_DEPRECATION to silence these warnings) [-Wdeprecated-declarations]
 1670 |         glTranslatef(pos[0], 0, pos[1]);
      |         ^
/Library/Developer/CommandLineTools/SDKs/MacOSX.sdk/System/Library/Frameworks/OpenGL.framework/Headers/gl.h:2729:13: note: 'glTranslatef' has been explicitly marked deprecated here
 2729 | extern void glTranslatef (GLfloat x, GLfloat y, GLfloat z) OPENGL_DEPRECATED(10.0, 10.14);
      |             ^
main.cpp:1673:9: warning: 'glColor3f' is deprecated: first deprecated in macOS 10.14 - OpenGL API deprecated. (Define GL_SILENCE_DEPRECATION to silence these warnings) [-Wdeprecated-declarations]
 1673 |         glColor3f(0.2f, 0.2f, 0.2f);
      |         ^
/Library/Developer/CommandLineTools/SDKs/MacOSX.sdk/System/Library/Frameworks/OpenGL.framework/Headers/gl.h:2405:13: note: 'glColor3f' has been explicitly marked deprecated here
 2405 | extern void glColor3f (GLfloat red, GLfloat green, GLfloat blue) OPENGL_DEPRECATED(10.0, 10.14);
      |             ^
main.cpp:1674:9: warning: 'glPushMatrix' is deprecated: first deprecated in macOS 10.14 - OpenGL API deprecated. (Define GL_SILENCE_DEPRECATION to silence these warnings) [-Wdeprecated-declarations]
 1674 |         glPushMatrix();
      |         ^
/Library/Developer/CommandLineTools/SDKs/MacOSX.sdk/System/Library/Frameworks/OpenGL.framework/Headers/gl.h:2625:13: note: 'glPushMatrix' has been explicitly marked deprecated here
 2625 | extern void glPushMatrix (void) OPENGL_DEPRECATED(10.0, 10.14);
      |             ^
main.cpp:1675:9: warning: 'glTranslatef' is deprecated: first deprecated in macOS 10.14 - OpenGL API deprecated. (Define GL_SILENCE_DEPRECATION to silence these warnings) [-Wdeprecated-declarations]
 1675 |         glTranslatef(0, 6, 0);
      |         ^
/Library/Developer/CommandLineTools/SDKs/MacOSX.sdk/System/Library/Frameworks/OpenGL.framework/Headers/gl.h:2729:13: note: 'glTranslatef' has been explicitly marked deprecated here
 2729 | extern void glTranslatef (GLfloat x, GLfloat y, GLfloat z) OPENGL_DEPRECATED(10.0, 10.14);
      |             ^
main.cpp:1677:9: warning: 'glPopMatrix' is deprecated: first deprecated in macOS 10.14 - OpenGL API deprecated. (Define GL_SILENCE_DEPRECATION to silence these warnings) [-Wdeprecated-declarations]
 1677 |         glPopMatrix();
      |         ^
/Library/Developer/CommandLineTools/SDKs/MacOSX.sdk/System/Library/Frameworks/OpenGL.framework/Headers/gl.h:2620:13: note: 'glPopMatrix' has been explicitly marked deprecated here
 2620 | extern void glPopMatrix (void) OPENGL_DEPRECATED(10.0, 10.14);
      |             ^
main.cpp:1680:9: warning: 'glColor3f' is deprecated: first deprecated in macOS 10.14 - OpenGL API deprecated. (Define GL_SILENCE_DEPRECATION to silence these warnings) [-Wdeprecated-declarations]
 1680 |         glColor3f(0.3f, 0.3f, 0.3f);
      |         ^
/Library/Developer/CommandLineTools/SDKs/MacOSX.sdk/System/Library/Frameworks/OpenGL.framework/Headers/gl.h:2405:13: note: 'glColor3f' has been explicitly marked deprecated here
 2405 | extern void glColor3f (GLfloat red, GLfloat green, GLfloat blue) OPENGL_DEPRECATED(10.0, 10.14);
      |             ^
main.cpp:1681:9: warning: 'glPushMatrix' is deprecated: first deprecated in macOS 10.14 - OpenGL API deprecated. (Define GL_SILENCE_DEPRECATION to silence these warnings) [-Wdeprecated-declarations]
 1681 |         glPushMatrix();
      |         ^
/Library/Developer/CommandLineTools/SDKs/MacOSX.sdk/System/Library/Frameworks/OpenGL.framework/Headers/gl.h:2625:13: note: 'glPushMatrix' has been explicitly marked deprecated here
 2625 | extern void glPushMatrix (void) OPENGL_DEPRECATED(10.0, 10.14);
      |             ^
main.cpp:1682:9: warning: 'glTranslatef' is deprecated: first deprecated in macOS 10.14 - OpenGL API deprecated. (Define GL_SILENCE_DEPRECATION to silence these warnings) [-Wdeprecated-declarations]
 1682 |         glTranslatef(0, 12, 0);
      |         ^
/Library/Developer/CommandLineTools/SDKs/MacOSX.sdk/System/Library/Frameworks/OpenGL.framework/Headers/gl.h:2729:13: note: 'glTranslatef' has been explicitly marked deprecated here
 2729 | extern void glTranslatef (GLfloat x, GLfloat y, GLfloat z) OPENGL_DEPRECATED(10.0, 10.14);
      |             ^
main.cpp:1684:9: warning: 'glPopMatrix' is deprecated: first deprecated in macOS 10.14 - OpenGL API deprecated. (Define GL_SILENCE_DEPRECATION to silence these warnings) [-Wdeprecated-declarations]
 1684 |         glPopMatrix();
      |         ^
/Library/Developer/CommandLineTools/SDKs/MacOSX.sdk/System/Library/Frameworks/OpenGL.framework/Headers/gl.h:2620:13: note: 'glPopMatrix' has been explicitly marked deprecated here
 2620 | extern void glPopMatrix (void) OPENGL_DEPRECATED(10.0, 10.14);
      |             ^
main.cpp:1687:9: warning: 'glColor3f' is deprecated: first deprecated in macOS 10.14 - OpenGL API deprecated. (Define GL_SILENCE_DEPRECATION to silence these warnings) [-Wdeprecated-declarations]
 1687 |         glColor3f(1.0f, 0.95f, 0.7f);
      |         ^
/Library/Developer/CommandLineTools/SDKs/MacOSX.sdk/System/Library/Frameworks/OpenGL.framework/Headers/gl.h:2405:13: note: 'glColor3f' has been explicitly marked deprecated here
 2405 | extern void glColor3f (GLfloat red, GLfloat green, GLfloat blue) OPENGL_DEPRECATED(10.0, 10.14);
      |             ^
main.cpp:1688:9: warning: 'glPushMatrix' is deprecated: first deprecated in macOS 10.14 - OpenGL API deprecated. (Define GL_SILENCE_DEPRECATION to silence these warnings) [-Wdeprecated-declarations]
 1688 |         glPushMatrix();
      |         ^
/Library/Developer/CommandLineTools/SDKs/MacOSX.sdk/System/Library/Frameworks/OpenGL.framework/Headers/gl.h:2625:13: note: 'glPushMatrix' has been explicitly marked deprecated here
 2625 | extern void glPushMatrix (void) OPENGL_DEPRECATED(10.0, 10.14);
      |             ^
main.cpp:1689:9: warning: 'glTranslatef' is deprecated: first deprecated in macOS 10.14 - OpenGL API deprecated. (Define GL_SILENCE_DEPRECATION to silence these warnings) [-Wdeprecated-declarations]
 1689 |         glTranslatef(0, 11.5f, 0);
      |         ^
/Library/Developer/CommandLineTools/SDKs/MacOSX.sdk/System/Library/Frameworks/OpenGL.framework/Headers/gl.h:2729:13: note: 'glTranslatef' has been explicitly marked deprecated here
 2729 | extern void glTranslatef (GLfloat x, GLfloat y, GLfloat z) OPENGL_DEPRECATED(10.0, 10.14);
      |             ^
main.cpp:1690:9: warning: 'glutSolidSphere' is deprecated: first deprecated in macOS 10.9 - OpenGL API deprecated. (Define GL_SILENCE_DEPRECATION to silence these warnings) [-Wdeprecated-declarations]
 1690 |         glutSolidSphere(0.8, 10, 10);
      |         ^
/Library/Developer/CommandLineTools/SDKs/MacOSX.sdk/System/Library/Frameworks/GLUT.framework/Headers/glut.h:571:22: note: 'glutSolidSphere' has been explicitly marked deprecated here
  571 | extern void APIENTRY glutSolidSphere(GLdouble radius, GLint slices, GLint stacks) OPENGL_DEPRECATED(10_0, 10_9);
      |                      ^
main.cpp:1691:9: warning: 'glPopMatrix' is deprecated: first deprecated in macOS 10.14 - OpenGL API deprecated. (Define GL_SILENCE_DEPRECATION to silence these warnings) [-Wdeprecated-declarations]
 1691 |         glPopMatrix();
      |         ^
/Library/Developer/CommandLineTools/SDKs/MacOSX.sdk/System/Library/Frameworks/OpenGL.framework/Headers/gl.h:2620:13: note: 'glPopMatrix' has been explicitly marked deprecated here
 2620 | extern void glPopMatrix (void) OPENGL_DEPRECATED(10.0, 10.14);
      |             ^
main.cpp:1693:9: warning: 'glPopMatrix' is deprecated: first deprecated in macOS 10.14 - OpenGL API deprecated. (Define GL_SILENCE_DEPRECATION to silence these warnings) [-Wdeprecated-declarations]
 1693 |         glPopMatrix();
      |         ^
/Library/Developer/CommandLineTools/SDKs/MacOSX.sdk/System/Library/Frameworks/OpenGL.framework/Headers/gl.h:2620:13: note: 'glPopMatrix' has been explicitly marked deprecated here
 2620 | extern void glPopMatrix (void) OPENGL_DEPRECATED(10.0, 10.14);
      |             ^
main.cpp:1709:17: warning: 'glPushMatrix' is deprecated: first deprecated in macOS 10.14 - OpenGL API deprecated. (Define GL_SILENCE_DEPRECATION to silence these warnings) [-Wdeprecated-declarations]
 1709 |                 glPushMatrix();
      |                 ^
/Library/Developer/CommandLineTools/SDKs/MacOSX.sdk/System/Library/Frameworks/OpenGL.framework/Headers/gl.h:2625:13: note: 'glPushMatrix' has been explicitly marked deprecated here
 2625 | extern void glPushMatrix (void) OPENGL_DEPRECATED(10.0, 10.14);
      |             ^
main.cpp:1710:17: warning: 'glTranslatef' is deprecated: first deprecated in macOS 10.14 - OpenGL API deprecated. (Define GL_SILENCE_DEPRECATION to silence these warnings) [-Wdeprecated-declarations]
 1710 |                 glTranslatef(x, 0, z + 30);
      |                 ^
/Library/Developer/CommandLineTools/SDKs/MacOSX.sdk/System/Library/Frameworks/OpenGL.framework/Headers/gl.h:2729:13: note: 'glTranslatef' has been explicitly marked deprecated here
 2729 | extern void glTranslatef (GLfloat x, GLfloat y, GLfloat z) OPENGL_DEPRECATED(10.0, 10.14);
      |             ^
main.cpp:1711:17: warning: 'glColor3f' is deprecated: first deprecated in macOS 10.14 - OpenGL API deprecated. (Define GL_SILENCE_DEPRECATION to silence these warnings) [-Wdeprecated-declarations]
 1711 |                 glColor3f(0.2f, 0.2f, 0.2f);
      |                 ^
/Library/Developer/CommandLineTools/SDKs/MacOSX.sdk/System/Library/Frameworks/OpenGL.framework/Headers/gl.h:2405:13: note: 'glColor3f' has been explicitly marked deprecated here
 2405 | extern void glColor3f (GLfloat red, GLfloat green, GLfloat blue) OPENGL_DEPRECATED(10.0, 10.14);
      |             ^
main.cpp:1712:17: warning: 'glPushMatrix' is deprecated: first deprecated in macOS 10.14 - OpenGL API deprecated. (Define GL_SILENCE_DEPRECATION to silence these warnings) [-Wdeprecated-declarations]
 1712 |                 glPushMatrix();
      |                 ^
/Library/Developer/CommandLineTools/SDKs/MacOSX.sdk/System/Library/Frameworks/OpenGL.framework/Headers/gl.h:2625:13: note: 'glPushMatrix' has been explicitly marked deprecated here
 2625 | extern void glPushMatrix (void) OPENGL_DEPRECATED(10.0, 10.14);
      |             ^
main.cpp:1713:17: warning: 'glTranslatef' is deprecated: first deprecated in macOS 10.14 - OpenGL API deprecated. (Define GL_SILENCE_DEPRECATION to silence these warnings) [-Wdeprecated-declarations]
 1713 |                 glTranslatef(0, 4, 0);
      |                 ^
/Library/Developer/CommandLineTools/SDKs/MacOSX.sdk/System/Library/Frameworks/OpenGL.framework/Headers/gl.h:2729:13: note: 'glTranslatef' has been explicitly marked deprecated here
 2729 | extern void glTranslatef (GLfloat x, GLfloat y, GLfloat z) OPENGL_DEPRECATED(10.0, 10.14);
      |             ^
main.cpp:1715:17: warning: 'glPopMatrix' is deprecated: first deprecated in macOS 10.14 - OpenGL API deprecated. (Define GL_SILENCE_DEPRECATION to silence these warnings) [-Wdeprecated-declarations]
 1715 |                 glPopMatrix();
      |                 ^
/Library/Developer/CommandLineTools/SDKs/MacOSX.sdk/System/Library/Frameworks/OpenGL.framework/Headers/gl.h:2620:13: note: 'glPopMatrix' has been explicitly marked deprecated here
 2620 | extern void glPopMatrix (void) OPENGL_DEPRECATED(10.0, 10.14);
      |             ^
main.cpp:1716:17: warning: 'glColor3f' is deprecated: first deprecated in macOS 10.14 - OpenGL API deprecated. (Define GL_SILENCE_DEPRECATION to silence these warnings) [-Wdeprecated-declarations]
 1716 |                 glColor3f(1.0f, 0.95f, 0.7f);
      |                 ^
/Library/Developer/CommandLineTools/SDKs/MacOSX.sdk/System/Library/Frameworks/OpenGL.framework/Headers/gl.h:2405:13: note: 'glColor3f' has been explicitly marked deprecated here
 2405 | extern void glColor3f (GLfloat red, GLfloat green, GLfloat blue) OPENGL_DEPRECATED(10.0, 10.14);
      |             ^
main.cpp:1717:17: warning: 'glPushMatrix' is deprecated: first deprecated in macOS 10.14 - OpenGL API deprecated. (Define GL_SILENCE_DEPRECATION to silence these warnings) [-Wdeprecated-declarations]
 1717 |                 glPushMatrix();
      |                 ^
/Library/Developer/CommandLineTools/SDKs/MacOSX.sdk/System/Library/Frameworks/OpenGL.framework/Headers/gl.h:2625:13: note: 'glPushMatrix' has been explicitly marked deprecated here
 2625 | extern void glPushMatrix (void) OPENGL_DEPRECATED(10.0, 10.14);
      |             ^
main.cpp:1718:17: warning: 'glTranslatef' is deprecated: first deprecated in macOS 10.14 - OpenGL API deprecated. (Define GL_SILENCE_DEPRECATION to silence these warnings) [-Wdeprecated-declarations]
 1718 |                 glTranslatef(0, 8, 0);
      |                 ^
/Library/Developer/CommandLineTools/SDKs/MacOSX.sdk/System/Library/Frameworks/OpenGL.framework/Headers/gl.h:2729:13: note: 'glTranslatef' has been explicitly marked deprecated here
 2729 | extern void glTranslatef (GLfloat x, GLfloat y, GLfloat z) OPENGL_DEPRECATED(10.0, 10.14);
      |             ^
main.cpp:1719:17: warning: 'glutSolidSphere' is deprecated: first deprecated in macOS 10.9 - OpenGL API deprecated. (Define GL_SILENCE_DEPRECATION to silence these warnings) [-Wdeprecated-declarations]
 1719 |                 glutSolidSphere(0.6, 8, 8);
      |                 ^
/Library/Developer/CommandLineTools/SDKs/MacOSX.sdk/System/Library/Frameworks/GLUT.framework/Headers/glut.h:571:22: note: 'glutSolidSphere' has been explicitly marked deprecated here
  571 | extern void APIENTRY glutSolidSphere(GLdouble radius, GLint slices, GLint stacks) OPENGL_DEPRECATED(10_0, 10_9);
      |                      ^
main.cpp:1720:17: warning: 'glPopMatrix' is deprecated: first deprecated in macOS 10.14 - OpenGL API deprecated. (Define GL_SILENCE_DEPRECATION to silence these warnings) [-Wdeprecated-declarations]
 1720 |                 glPopMatrix();
      |                 ^
/Library/Developer/CommandLineTools/SDKs/MacOSX.sdk/System/Library/Frameworks/OpenGL.framework/Headers/gl.h:2620:13: note: 'glPopMatrix' has been explicitly marked deprecated here
 2620 | extern void glPopMatrix (void) OPENGL_DEPRECATED(10.0, 10.14);
      |             ^
main.cpp:1721:17: warning: 'glPopMatrix' is deprecated: first deprecated in macOS 10.14 - OpenGL API deprecated. (Define GL_SILENCE_DEPRECATION to silence these warnings) [-Wdeprecated-declarations]
 1721 |                 glPopMatrix();
      |                 ^
/Library/Developer/CommandLineTools/SDKs/MacOSX.sdk/System/Library/Frameworks/OpenGL.framework/Headers/gl.h:2620:13: note: 'glPopMatrix' has been explicitly marked deprecated here
 2620 | extern void glPopMatrix (void) OPENGL_DEPRECATED(10.0, 10.14);
      |             ^
main.cpp:1724:17: warning: 'glPushMatrix' is deprecated: first deprecated in macOS 10.14 - OpenGL API deprecated. (Define GL_SILENCE_DEPRECATION to silence these warnings) [-Wdeprecated-declarations]
 1724 |                 glPushMatrix();
      |                 ^
/Library/Developer/CommandLineTools/SDKs/MacOSX.sdk/System/Library/Frameworks/OpenGL.framework/Headers/gl.h:2625:13: note: 'glPushMatrix' has been explicitly marked deprecated here
 2625 | extern void glPushMatrix (void) OPENGL_DEPRECATED(10.0, 10.14);
      |             ^
main.cpp:1725:17: warning: 'glTranslatef' is deprecated: first deprecated in macOS 10.14 - OpenGL API deprecated. (Define GL_SILENCE_DEPRECATION to silence these warnings) [-Wdeprecated-declarations]
 1725 |                 glTranslatef(x, 0, z - 30);
      |                 ^
/Library/Developer/CommandLineTools/SDKs/MacOSX.sdk/System/Library/Frameworks/OpenGL.framework/Headers/gl.h:2729:13: note: 'glTranslatef' has been explicitly marked deprecated here
 2729 | extern void glTranslatef (GLfloat x, GLfloat y, GLfloat z) OPENGL_DEPRECATED(10.0, 10.14);
      |             ^
main.cpp:1726:17: warning: 'glColor3f' is deprecated: first deprecated in macOS 10.14 - OpenGL API deprecated. (Define GL_SILENCE_DEPRECATION to silence these warnings) [-Wdeprecated-declarations]
 1726 |                 glColor3f(0.2f, 0.2f, 0.2f);
      |                 ^
/Library/Developer/CommandLineTools/SDKs/MacOSX.sdk/System/Library/Frameworks/OpenGL.framework/Headers/gl.h:2405:13: note: 'glColor3f' has been explicitly marked deprecated here
 2405 | extern void glColor3f (GLfloat red, GLfloat green, GLfloat blue) OPENGL_DEPRECATED(10.0, 10.14);
      |             ^
main.cpp:1727:17: warning: 'glPushMatrix' is deprecated: first deprecated in macOS 10.14 - OpenGL API deprecated. (Define GL_SILENCE_DEPRECATION to silence these warnings) [-Wdeprecated-declarations]
 1727 |                 glPushMatrix();
      |                 ^
/Library/Developer/CommandLineTools/SDKs/MacOSX.sdk/System/Library/Frameworks/OpenGL.framework/Headers/gl.h:2625:13: note: 'glPushMatrix' has been explicitly marked deprecated here
 2625 | extern void glPushMatrix (void) OPENGL_DEPRECATED(10.0, 10.14);
      |             ^
main.cpp:1728:17: warning: 'glTranslatef' is deprecated: first deprecated in macOS 10.14 - OpenGL API deprecated. (Define GL_SILENCE_DEPRECATION to silence these warnings) [-Wdeprecated-declarations]
 1728 |                 glTranslatef(0, 4, 0);
      |                 ^
/Library/Developer/CommandLineTools/SDKs/MacOSX.sdk/System/Library/Frameworks/OpenGL.framework/Headers/gl.h:2729:13: note: 'glTranslatef' has been explicitly marked deprecated here
 2729 | extern void glTranslatef (GLfloat x, GLfloat y, GLfloat z) OPENGL_DEPRECATED(10.0, 10.14);
      |             ^
main.cpp:1730:17: warning: 'glPopMatrix' is deprecated: first deprecated in macOS 10.14 - OpenGL API deprecated. (Define GL_SILENCE_DEPRECATION to silence these warnings) [-Wdeprecated-declarations]
 1730 |                 glPopMatrix();
      |                 ^
/Library/Developer/CommandLineTools/SDKs/MacOSX.sdk/System/Library/Frameworks/OpenGL.framework/Headers/gl.h:2620:13: note: 'glPopMatrix' has been explicitly marked deprecated here
 2620 | extern void glPopMatrix (void) OPENGL_DEPRECATED(10.0, 10.14);
      |             ^
main.cpp:1731:17: warning: 'glColor3f' is deprecated: first deprecated in macOS 10.14 - OpenGL API deprecated. (Define GL_SILENCE_DEPRECATION to silence these warnings) [-Wdeprecated-declarations]
 1731 |                 glColor3f(1.0f, 0.95f, 0.7f);
      |                 ^
/Library/Developer/CommandLineTools/SDKs/MacOSX.sdk/System/Library/Frameworks/OpenGL.framework/Headers/gl.h:2405:13: note: 'glColor3f' has been explicitly marked deprecated here
 2405 | extern void glColor3f (GLfloat red, GLfloat green, GLfloat blue) OPENGL_DEPRECATED(10.0, 10.14);
      |             ^
main.cpp:1732:17: warning: 'glPushMatrix' is deprecated: first deprecated in macOS 10.14 - OpenGL API deprecated. (Define GL_SILENCE_DEPRECATION to silence these warnings) [-Wdeprecated-declarations]
 1732 |                 glPushMatrix();
      |                 ^
/Library/Developer/CommandLineTools/SDKs/MacOSX.sdk/System/Library/Frameworks/OpenGL.framework/Headers/gl.h:2625:13: note: 'glPushMatrix' has been explicitly marked deprecated here
 2625 | extern void glPushMatrix (void) OPENGL_DEPRECATED(10.0, 10.14);
      |             ^
main.cpp:1733:17: warning: 'glTranslatef' is deprecated: first deprecated in macOS 10.14 - OpenGL API deprecated. (Define GL_SILENCE_DEPRECATION to silence these warnings) [-Wdeprecated-declarations]
 1733 |                 glTranslatef(0, 8, 0);
      |                 ^
/Library/Developer/CommandLineTools/SDKs/MacOSX.sdk/System/Library/Frameworks/OpenGL.framework/Headers/gl.h:2729:13: note: 'glTranslatef' has been explicitly marked deprecated here
 2729 | extern void glTranslatef (GLfloat x, GLfloat y, GLfloat z) OPENGL_DEPRECATED(10.0, 10.14);
      |             ^
main.cpp:1734:17: warning: 'glutSolidSphere' is deprecated: first deprecated in macOS 10.9 - OpenGL API deprecated. (Define GL_SILENCE_DEPRECATION to silence these warnings) [-Wdeprecated-declarations]
 1734 |                 glutSolidSphere(0.6, 8, 8);
      |                 ^
/Library/Developer/CommandLineTools/SDKs/MacOSX.sdk/System/Library/Frameworks/GLUT.framework/Headers/glut.h:571:22: note: 'glutSolidSphere' has been explicitly marked deprecated here
  571 | extern void APIENTRY glutSolidSphere(GLdouble radius, GLint slices, GLint stacks) OPENGL_DEPRECATED(10_0, 10_9);
      |                      ^
main.cpp:1735:17: warning: 'glPopMatrix' is deprecated: first deprecated in macOS 10.14 - OpenGL API deprecated. (Define GL_SILENCE_DEPRECATION to silence these warnings) [-Wdeprecated-declarations]
 1735 |                 glPopMatrix();
      |                 ^
/Library/Developer/CommandLineTools/SDKs/MacOSX.sdk/System/Library/Frameworks/OpenGL.framework/Headers/gl.h:2620:13: note: 'glPopMatrix' has been explicitly marked deprecated here
 2620 | extern void glPopMatrix (void) OPENGL_DEPRECATED(10.0, 10.14);
      |             ^
main.cpp:1736:17: warning: 'glPopMatrix' is deprecated: first deprecated in macOS 10.14 - OpenGL API deprecated. (Define GL_SILENCE_DEPRECATION to silence these warnings) [-Wdeprecated-declarations]
 1736 |                 glPopMatrix();
      |                 ^
/Library/Developer/CommandLineTools/SDKs/MacOSX.sdk/System/Library/Frameworks/OpenGL.framework/Headers/gl.h:2620:13: note: 'glPopMatrix' has been explicitly marked deprecated here
 2620 | extern void glPopMatrix (void) OPENGL_DEPRECATED(10.0, 10.14);
      |             ^
main.cpp:1754:17: warning: 'glPushMatrix' is deprecated: first deprecated in macOS 10.14 - OpenGL API deprecated. (Define GL_SILENCE_DEPRECATION to silence these warnings) [-Wdeprecated-declarations]
 1754 |                 glPushMatrix();
      |                 ^
/Library/Developer/CommandLineTools/SDKs/MacOSX.sdk/System/Library/Frameworks/OpenGL.framework/Headers/gl.h:2625:13: note: 'glPushMatrix' has been explicitly marked deprecated here
 2625 | extern void glPushMatrix (void) OPENGL_DEPRECATED(10.0, 10.14);
      |             ^
main.cpp:1755:17: warning: 'glTranslatef' is deprecated: first deprecated in macOS 10.14 - OpenGL API deprecated. (Define GL_SILENCE_DEPRECATION to silence these warnings) [-Wdeprecated-declarations]
 1755 |                 glTranslatef(x + 30, 0, z);
      |                 ^
/Library/Developer/CommandLineTools/SDKs/MacOSX.sdk/System/Library/Frameworks/OpenGL.framework/Headers/gl.h:2729:13: note: 'glTranslatef' has been explicitly marked deprecated here
 2729 | extern void glTranslatef (GLfloat x, GLfloat y, GLfloat z) OPENGL_DEPRECATED(10.0, 10.14);
      |             ^
main.cpp:1756:17: warning: 'glColor3f' is deprecated: first deprecated in macOS 10.14 - OpenGL API deprecated. (Define GL_SILENCE_DEPRECATION to silence these warnings) [-Wdeprecated-declarations]
 1756 |                 glColor3f(0.2f, 0.2f, 0.2f);
      |                 ^
/Library/Developer/CommandLineTools/SDKs/MacOSX.sdk/System/Library/Frameworks/OpenGL.framework/Headers/gl.h:2405:13: note: 'glColor3f' has been explicitly marked deprecated here
 2405 | extern void glColor3f (GLfloat red, GLfloat green, GLfloat blue) OPENGL_DEPRECATED(10.0, 10.14);
      |             ^
main.cpp:1757:17: warning: 'glPushMatrix' is deprecated: first deprecated in macOS 10.14 - OpenGL API deprecated. (Define GL_SILENCE_DEPRECATION to silence these warnings) [-Wdeprecated-declarations]
 1757 |                 glPushMatrix();
      |                 ^
/Library/Developer/CommandLineTools/SDKs/MacOSX.sdk/System/Library/Frameworks/OpenGL.framework/Headers/gl.h:2625:13: note: 'glPushMatrix' has been explicitly marked deprecated here
 2625 | extern void glPushMatrix (void) OPENGL_DEPRECATED(10.0, 10.14);
      |             ^
main.cpp:1758:17: warning: 'glTranslatef' is deprecated: first deprecated in macOS 10.14 - OpenGL API deprecated. (Define GL_SILENCE_DEPRECATION to silence these warnings) [-Wdeprecated-declarations]
 1758 |                 glTranslatef(0, 4, 0);
      |                 ^
/Library/Developer/CommandLineTools/SDKs/MacOSX.sdk/System/Library/Frameworks/OpenGL.framework/Headers/gl.h:2729:13: note: 'glTranslatef' has been explicitly marked deprecated here
 2729 | extern void glTranslatef (GLfloat x, GLfloat y, GLfloat z) OPENGL_DEPRECATED(10.0, 10.14);
      |             ^
main.cpp:1760:17: warning: 'glPopMatrix' is deprecated: first deprecated in macOS 10.14 - OpenGL API deprecated. (Define GL_SILENCE_DEPRECATION to silence these warnings) [-Wdeprecated-declarations]
 1760 |                 glPopMatrix();
      |                 ^
/Library/Developer/CommandLineTools/SDKs/MacOSX.sdk/System/Library/Frameworks/OpenGL.framework/Headers/gl.h:2620:13: note: 'glPopMatrix' has been explicitly marked deprecated here
 2620 | extern void glPopMatrix (void) OPENGL_DEPRECATED(10.0, 10.14);
      |             ^
main.cpp:1761:17: warning: 'glColor3f' is deprecated: first deprecated in macOS 10.14 - OpenGL API deprecated. (Define GL_SILENCE_DEPRECATION to silence these warnings) [-Wdeprecated-declarations]
 1761 |                 glColor3f(1.0f, 0.95f, 0.7f);
      |                 ^
/Library/Developer/CommandLineTools/SDKs/MacOSX.sdk/System/Library/Frameworks/OpenGL.framework/Headers/gl.h:2405:13: note: 'glColor3f' has been explicitly marked deprecated here
 2405 | extern void glColor3f (GLfloat red, GLfloat green, GLfloat blue) OPENGL_DEPRECATED(10.0, 10.14);
      |             ^
main.cpp:1762:17: warning: 'glPushMatrix' is deprecated: first deprecated in macOS 10.14 - OpenGL API deprecated. (Define GL_SILENCE_DEPRECATION to silence these warnings) [-Wdeprecated-declarations]
 1762 |                 glPushMatrix();
      |                 ^
/Library/Developer/CommandLineTools/SDKs/MacOSX.sdk/System/Library/Frameworks/OpenGL.framework/Headers/gl.h:2625:13: note: 'glPushMatrix' has been explicitly marked deprecated here
 2625 | extern void glPushMatrix (void) OPENGL_DEPRECATED(10.0, 10.14);
      |             ^
main.cpp:1763:17: warning: 'glTranslatef' is deprecated: first deprecated in macOS 10.14 - OpenGL API deprecated. (Define GL_SILENCE_DEPRECATION to silence these warnings) [-Wdeprecated-declarations]
 1763 |                 glTranslatef(0, 8, 0);
      |                 ^
/Library/Developer/CommandLineTools/SDKs/MacOSX.sdk/System/Library/Frameworks/OpenGL.framework/Headers/gl.h:2729:13: note: 'glTranslatef' has been explicitly marked deprecated here
 2729 | extern void glTranslatef (GLfloat x, GLfloat y, GLfloat z) OPENGL_DEPRECATED(10.0, 10.14);
      |             ^
main.cpp:1764:17: warning: 'glutSolidSphere' is deprecated: first deprecated in macOS 10.9 - OpenGL API deprecated. (Define GL_SILENCE_DEPRECATION to silence these warnings) [-Wdeprecated-declarations]
 1764 |                 glutSolidSphere(0.6, 8, 8);
      |                 ^
/Library/Developer/CommandLineTools/SDKs/MacOSX.sdk/System/Library/Frameworks/GLUT.framework/Headers/glut.h:571:22: note: 'glutSolidSphere' has been explicitly marked deprecated here
  571 | extern void APIENTRY glutSolidSphere(GLdouble radius, GLint slices, GLint stacks) OPENGL_DEPRECATED(10_0, 10_9);
      |                      ^
main.cpp:1765:17: warning: 'glPopMatrix' is deprecated: first deprecated in macOS 10.14 - OpenGL API deprecated. (Define GL_SILENCE_DEPRECATION to silence these warnings) [-Wdeprecated-declarations]
 1765 |                 glPopMatrix();
      |                 ^
/Library/Developer/CommandLineTools/SDKs/MacOSX.sdk/System/Library/Frameworks/OpenGL.framework/Headers/gl.h:2620:13: note: 'glPopMatrix' has been explicitly marked deprecated here
 2620 | extern void glPopMatrix (void) OPENGL_DEPRECATED(10.0, 10.14);
      |             ^
main.cpp:1766:17: warning: 'glPopMatrix' is deprecated: first deprecated in macOS 10.14 - OpenGL API deprecated. (Define GL_SILENCE_DEPRECATION to silence these warnings) [-Wdeprecated-declarations]
 1766 |                 glPopMatrix();
      |                 ^
/Library/Developer/CommandLineTools/SDKs/MacOSX.sdk/System/Library/Frameworks/OpenGL.framework/Headers/gl.h:2620:13: note: 'glPopMatrix' has been explicitly marked deprecated here
 2620 | extern void glPopMatrix (void) OPENGL_DEPRECATED(10.0, 10.14);
      |             ^
main.cpp:1769:17: warning: 'glPushMatrix' is deprecated: first deprecated in macOS 10.14 - OpenGL API deprecated. (Define GL_SILENCE_DEPRECATION to silence these warnings) [-Wdeprecated-declarations]
 1769 |                 glPushMatrix();
      |                 ^
/Library/Developer/CommandLineTools/SDKs/MacOSX.sdk/System/Library/Frameworks/OpenGL.framework/Headers/gl.h:2625:13: note: 'glPushMatrix' has been explicitly marked deprecated here
 2625 | extern void glPushMatrix (void) OPENGL_DEPRECATED(10.0, 10.14);
      |             ^
main.cpp:1770:17: warning: 'glTranslatef' is deprecated: first deprecated in macOS 10.14 - OpenGL API deprecated. (Define GL_SILENCE_DEPRECATION to silence these warnings) [-Wdeprecated-declarations]
 1770 |                 glTranslatef(x - 30, 0, z);
      |                 ^
/Library/Developer/CommandLineTools/SDKs/MacOSX.sdk/System/Library/Frameworks/OpenGL.framework/Headers/gl.h:2729:13: note: 'glTranslatef' has been explicitly marked deprecated here
 2729 | extern void glTranslatef (GLfloat x, GLfloat y, GLfloat z) OPENGL_DEPRECATED(10.0, 10.14);
      |             ^
main.cpp:1771:17: warning: 'glColor3f' is deprecated: first deprecated in macOS 10.14 - OpenGL API deprecated. (Define GL_SILENCE_DEPRECATION to silence these warnings) [-Wdeprecated-declarations]
 1771 |                 glColor3f(0.2f, 0.2f, 0.2f);
      |                 ^
/Library/Developer/CommandLineTools/SDKs/MacOSX.sdk/System/Library/Frameworks/OpenGL.framework/Headers/gl.h:2405:13: note: 'glColor3f' has been explicitly marked deprecated here
 2405 | extern void glColor3f (GLfloat red, GLfloat green, GLfloat blue) OPENGL_DEPRECATED(10.0, 10.14);
      |             ^
main.cpp:1772:17: warning: 'glPushMatrix' is deprecated: first deprecated in macOS 10.14 - OpenGL API deprecated. (Define GL_SILENCE_DEPRECATION to silence these warnings) [-Wdeprecated-declarations]
 1772 |                 glPushMatrix();
      |                 ^
/Library/Developer/CommandLineTools/SDKs/MacOSX.sdk/System/Library/Frameworks/OpenGL.framework/Headers/gl.h:2625:13: note: 'glPushMatrix' has been explicitly marked deprecated here
 2625 | extern void glPushMatrix (void) OPENGL_DEPRECATED(10.0, 10.14);
      |             ^
main.cpp:1773:17: warning: 'glTranslatef' is deprecated: first deprecated in macOS 10.14 - OpenGL API deprecated. (Define GL_SILENCE_DEPRECATION to silence these warnings) [-Wdeprecated-declarations]
 1773 |                 glTranslatef(0, 4, 0);
      |                 ^
/Library/Developer/CommandLineTools/SDKs/MacOSX.sdk/System/Library/Frameworks/OpenGL.framework/Headers/gl.h:2729:13: note: 'glTranslatef' has been explicitly marked deprecated here
 2729 | extern void glTranslatef (GLfloat x, GLfloat y, GLfloat z) OPENGL_DEPRECATED(10.0, 10.14);
      |             ^
main.cpp:1775:17: warning: 'glPopMatrix' is deprecated: first deprecated in macOS 10.14 - OpenGL API deprecated. (Define GL_SILENCE_DEPRECATION to silence these warnings) [-Wdeprecated-declarations]
 1775 |                 glPopMatrix();
      |                 ^
/Library/Developer/CommandLineTools/SDKs/MacOSX.sdk/System/Library/Frameworks/OpenGL.framework/Headers/gl.h:2620:13: note: 'glPopMatrix' has been explicitly marked deprecated here
 2620 | extern void glPopMatrix (void) OPENGL_DEPRECATED(10.0, 10.14);
      |             ^
main.cpp:1776:17: warning: 'glColor3f' is deprecated: first deprecated in macOS 10.14 - OpenGL API deprecated. (Define GL_SILENCE_DEPRECATION to silence these warnings) [-Wdeprecated-declarations]
 1776 |                 glColor3f(1.0f, 0.95f, 0.7f);
      |                 ^
/Library/Developer/CommandLineTools/SDKs/MacOSX.sdk/System/Library/Frameworks/OpenGL.framework/Headers/gl.h:2405:13: note: 'glColor3f' has been explicitly marked deprecated here
 2405 | extern void glColor3f (GLfloat red, GLfloat green, GLfloat blue) OPENGL_DEPRECATED(10.0, 10.14);
      |             ^
main.cpp:1777:17: warning: 'glPushMatrix' is deprecated: first deprecated in macOS 10.14 - OpenGL API deprecated. (Define GL_SILENCE_DEPRECATION to silence these warnings) [-Wdeprecated-declarations]
 1777 |                 glPushMatrix();
      |                 ^
/Library/Developer/CommandLineTools/SDKs/MacOSX.sdk/System/Library/Frameworks/OpenGL.framework/Headers/gl.h:2625:13: note: 'glPushMatrix' has been explicitly marked deprecated here
 2625 | extern void glPushMatrix (void) OPENGL_DEPRECATED(10.0, 10.14);
      |             ^
main.cpp:1778:17: warning: 'glTranslatef' is deprecated: first deprecated in macOS 10.14 - OpenGL API deprecated. (Define GL_SILENCE_DEPRECATION to silence these warnings) [-Wdeprecated-declarations]
 1778 |                 glTranslatef(0, 8, 0);
      |                 ^
/Library/Developer/CommandLineTools/SDKs/MacOSX.sdk/System/Library/Frameworks/OpenGL.framework/Headers/gl.h:2729:13: note: 'glTranslatef' has been explicitly marked deprecated here
 2729 | extern void glTranslatef (GLfloat x, GLfloat y, GLfloat z) OPENGL_DEPRECATED(10.0, 10.14);
      |             ^
main.cpp:1779:17: warning: 'glutSolidSphere' is deprecated: first deprecated in macOS 10.9 - OpenGL API deprecated. (Define GL_SILENCE_DEPRECATION to silence these warnings) [-Wdeprecated-declarations]
 1779 |                 glutSolidSphere(0.6, 8, 8);
      |                 ^
/Library/Developer/CommandLineTools/SDKs/MacOSX.sdk/System/Library/Frameworks/GLUT.framework/Headers/glut.h:571:22: note: 'glutSolidSphere' has been explicitly marked deprecated here
  571 | extern void APIENTRY glutSolidSphere(GLdouble radius, GLint slices, GLint stacks) OPENGL_DEPRECATED(10_0, 10_9);
      |                      ^
main.cpp:1780:17: warning: 'glPopMatrix' is deprecated: first deprecated in macOS 10.14 - OpenGL API deprecated. (Define GL_SILENCE_DEPRECATION to silence these warnings) [-Wdeprecated-declarations]
 1780 |                 glPopMatrix();
      |                 ^
/Library/Developer/CommandLineTools/SDKs/MacOSX.sdk/System/Library/Frameworks/OpenGL.framework/Headers/gl.h:2620:13: note: 'glPopMatrix' has been explicitly marked deprecated here
 2620 | extern void glPopMatrix (void) OPENGL_DEPRECATED(10.0, 10.14);
      |             ^
main.cpp:1781:17: warning: 'glPopMatrix' is deprecated: first deprecated in macOS 10.14 - OpenGL API deprecated. (Define GL_SILENCE_DEPRECATION to silence these warnings) [-Wdeprecated-declarations]
 1781 |                 glPopMatrix();
      |                 ^
/Library/Developer/CommandLineTools/SDKs/MacOSX.sdk/System/Library/Frameworks/OpenGL.framework/Headers/gl.h:2620:13: note: 'glPopMatrix' has been explicitly marked deprecated here
 2620 | extern void glPopMatrix (void) OPENGL_DEPRECATED(10.0, 10.14);
      |             ^
main.cpp:1816:9: warning: 'glPushMatrix' is deprecated: first deprecated in macOS 10.14 - OpenGL API deprecated. (Define GL_SILENCE_DEPRECATION to silence these warnings) [-Wdeprecated-declarations]
 1816 |         glPushMatrix();
      |         ^
/Library/Developer/CommandLineTools/SDKs/MacOSX.sdk/System/Library/Frameworks/OpenGL.framework/Headers/gl.h:2625:13: note: 'glPushMatrix' has been explicitly marked deprecated here
 2625 | extern void glPushMatrix (void) OPENGL_DEPRECATED(10.0, 10.14);
      |             ^
main.cpp:1817:9: warning: 'glTranslatef' is deprecated: first deprecated in macOS 10.14 - OpenGL API deprecated. (Define GL_SILENCE_DEPRECATION to silence these warnings) [-Wdeprecated-declarations]
 1817 |         glTranslatef(car.x, 2.5f, car.z);  // Normal height
      |         ^
/Library/Developer/CommandLineTools/SDKs/MacOSX.sdk/System/Library/Frameworks/OpenGL.framework/Headers/gl.h:2729:13: note: 'glTranslatef' has been explicitly marked deprecated here
 2729 | extern void glTranslatef (GLfloat x, GLfloat y, GLfloat z) OPENGL_DEPRECATED(10.0, 10.14);
      |             ^
main.cpp:1818:9: warning: 'glRotatef' is deprecated: first deprecated in macOS 10.14 - OpenGL API deprecated. (Define GL_SILENCE_DEPRECATION to silence these warnings) [-Wdeprecated-declarations]
 1818 |         glRotatef(car.rotation, 0, 1, 0);
      |         ^
/Library/Developer/CommandLineTools/SDKs/MacOSX.sdk/System/Library/Frameworks/OpenGL.framework/Headers/gl.h:2665:13: note: 'glRotatef' has been explicitly marked deprecated here
 2665 | extern void glRotatef (GLfloat angle, GLfloat x, GLfloat y, GLfloat z) OPENGL_DEPRECATED(10.0, 10.14);
      |             ^
main.cpp:1821:9: warning: 'glColor3f' is deprecated: first deprecated in macOS 10.14 - OpenGL API deprecated. (Define GL_SILENCE_DEPRECATION to silence these warnings) [-Wdeprecated-declarations]
 1821 |         glColor3f(car.r, car.g, car.b);
      |         ^
/Library/Developer/CommandLineTools/SDKs/MacOSX.sdk/System/Library/Frameworks/OpenGL.framework/Headers/gl.h:2405:13: note: 'glColor3f' has been explicitly marked deprecated here
 2405 | extern void glColor3f (GLfloat red, GLfloat green, GLfloat blue) OPENGL_DEPRECATED(10.0, 10.14);
      |             ^
main.cpp:1825:9: warning: 'glPushMatrix' is deprecated: first deprecated in macOS 10.14 - OpenGL API deprecated. (Define GL_SILENCE_DEPRECATION to silence these warnings) [-Wdeprecated-declarations]
 1825 |         glPushMatrix();
      |         ^
/Library/Developer/CommandLineTools/SDKs/MacOSX.sdk/System/Library/Frameworks/OpenGL.framework/Headers/gl.h:2625:13: note: 'glPushMatrix' has been explicitly marked deprecated here
 2625 | extern void glPushMatrix (void) OPENGL_DEPRECATED(10.0, 10.14);
      |             ^
main.cpp:1826:9: warning: 'glTranslatef' is deprecated: first deprecated in macOS 10.14 - OpenGL API deprecated. (Define GL_SILENCE_DEPRECATION to silence these warnings) [-Wdeprecated-declarations]
 1826 |         glTranslatef(0, 2.0f, -0.5f);
      |         ^
/Library/Developer/CommandLineTools/SDKs/MacOSX.sdk/System/Library/Frameworks/OpenGL.framework/Headers/gl.h:2729:13: note: 'glTranslatef' has been explicitly marked deprecated here
 2729 | extern void glTranslatef (GLfloat x, GLfloat y, GLfloat z) OPENGL_DEPRECATED(10.0, 10.14);
      |             ^
main.cpp:1827:9: warning: 'glColor3f' is deprecated: first deprecated in macOS 10.14 - OpenGL API deprecated. (Define GL_SILENCE_DEPRECATION to silence these warnings) [-Wdeprecated-declarations]
 1827 |         glColor3f(car.r * 0.8f, car.g * 0.8f, car.b * 0.8f);
      |         ^
/Library/Developer/CommandLineTools/SDKs/MacOSX.sdk/System/Library/Frameworks/OpenGL.framework/Headers/gl.h:2405:13: note: 'glColor3f' has been explicitly marked deprecated here
 2405 | extern void glColor3f (GLfloat red, GLfloat green, GLfloat blue) OPENGL_DEPRECATED(10.0, 10.14);
      |             ^
main.cpp:1829:9: warning: 'glPopMatrix' is deprecated: first deprecated in macOS 10.14 - OpenGL API deprecated. (Define GL_SILENCE_DEPRECATION to silence these warnings) [-Wdeprecated-declarations]
 1829 |         glPopMatrix();
      |         ^
/Library/Developer/CommandLineTools/SDKs/MacOSX.sdk/System/Library/Frameworks/OpenGL.framework/Headers/gl.h:2620:13: note: 'glPopMatrix' has been explicitly marked deprecated here
 2620 | extern void glPopMatrix (void) OPENGL_DEPRECATED(10.0, 10.14);
      |             ^
main.cpp:1832:9: warning: 'glColor3f' is deprecated: first deprecated in macOS 10.14 - OpenGL API deprecated. (Define GL_SILENCE_DEPRECATION to silence these warnings) [-Wdeprecated-declarations]
 1832 |         glColor3f(0.2f, 0.25f, 0.3f);
      |         ^
/Library/Developer/CommandLineTools/SDKs/MacOSX.sdk/System/Library/Frameworks/OpenGL.framework/Headers/gl.h:2405:13: note: 'glColor3f' has been explicitly marked deprecated here
 2405 | extern void glColor3f (GLfloat red, GLfloat green, GLfloat blue) OPENGL_DEPRECATED(10.0, 10.14);
      |             ^
main.cpp:1833:9: warning: 'glPushMatrix' is deprecated: first deprecated in macOS 10.14 - OpenGL API deprecated. (Define GL_SILENCE_DEPRECATION to silence these warnings) [-Wdeprecated-declarations]
 1833 |         glPushMatrix();
      |         ^
/Library/Developer/CommandLineTools/SDKs/MacOSX.sdk/System/Library/Frameworks/OpenGL.framework/Headers/gl.h:2625:13: note: 'glPushMatrix' has been explicitly marked deprecated here
 2625 | extern void glPushMatrix (void) OPENGL_DEPRECATED(10.0, 10.14);
      |             ^
main.cpp:1834:9: warning: 'glTranslatef' is deprecated: first deprecated in macOS 10.14 - OpenGL API deprecated. (Define GL_SILENCE_DEPRECATION to silence these warnings) [-Wdeprecated-declarations]
 1834 |         glTranslatef(0, 2.2f, 1.0f);
      |         ^
/Library/Developer/CommandLineTools/SDKs/MacOSX.sdk/System/Library/Frameworks/OpenGL.framework/Headers/gl.h:2729:13: note: 'glTranslatef' has been explicitly marked deprecated here
 2729 | extern void glTranslatef (GLfloat x, GLfloat y, GLfloat z) OPENGL_DEPRECATED(10.0, 10.14);
      |             ^
main.cpp:1836:9: warning: 'glPopMatrix' is deprecated: first deprecated in macOS 10.14 - OpenGL API deprecated. (Define GL_SILENCE_DEPRECATION to silence these warnings) [-Wdeprecated-declarations]
 1836 |         glPopMatrix();
      |         ^
/Library/Developer/CommandLineTools/SDKs/MacOSX.sdk/System/Library/Frameworks/OpenGL.framework/Headers/gl.h:2620:13: note: 'glPopMatrix' has been explicitly marked deprecated here
 2620 | extern void glPopMatrix (void) OPENGL_DEPRECATED(10.0, 10.14);
      |             ^
main.cpp:1838:9: warning: 'glPopMatrix' is deprecated: first deprecated in macOS 10.14 - OpenGL API deprecated. (Define GL_SILENCE_DEPRECATION to silence these warnings) [-Wdeprecated-declarations]
 1838 |         glPopMatrix();
      |         ^
/Library/Developer/CommandLineTools/SDKs/MacOSX.sdk/System/Library/Frameworks/OpenGL.framework/Headers/gl.h:2620:13: note: 'glPopMatrix' has been explicitly marked deprecated here
 2620 | extern void glPopMatrix (void) OPENGL_DEPRECATED(10.0, 10.14);
      |             ^
main.cpp:1850:9: warning: 'glPushMatrix' is deprecated: first deprecated in macOS 10.14 - OpenGL API deprecated. (Define GL_SILENCE_DEPRECATION to silence these warnings) [-Wdeprecated-declarations]
 1850 |         glPushMatrix();
      |         ^
/Library/Developer/CommandLineTools/SDKs/MacOSX.sdk/System/Library/Frameworks/OpenGL.framework/Headers/gl.h:2625:13: note: 'glPushMatrix' has been explicitly marked deprecated here
 2625 | extern void glPushMatrix (void) OPENGL_DEPRECATED(10.0, 10.14);
      |             ^
main.cpp:1851:9: warning: 'glTranslatef' is deprecated: first deprecated in macOS 10.14 - OpenGL API deprecated. (Define GL_SILENCE_DEPRECATION to silence these warnings) [-Wdeprecated-declarations]
 1851 |         glTranslatef(pos[0], pos[1], pos[2]);
      |         ^
/Library/Developer/CommandLineTools/SDKs/MacOSX.sdk/System/Library/Frameworks/OpenGL.framework/Headers/gl.h:2729:13: note: 'glTranslatef' has been explicitly marked deprecated here
 2729 | extern void glTranslatef (GLfloat x, GLfloat y, GLfloat z) OPENGL_DEPRECATED(10.0, 10.14);
      |             ^
main.cpp:1852:9: warning: 'glColor3f' is deprecated: first deprecated in macOS 10.14 - OpenGL API deprecated. (Define GL_SILENCE_DEPRECATION to silence these warnings) [-Wdeprecated-declarations]
 1852 |         glColor3f(0.3f, 0.3f, 0.3f);
      |         ^
/Library/Developer/CommandLineTools/SDKs/MacOSX.sdk/System/Library/Frameworks/OpenGL.framework/Headers/gl.h:2405:13: note: 'glColor3f' has been explicitly marked deprecated here
 2405 | extern void glColor3f (GLfloat red, GLfloat green, GLfloat blue) OPENGL_DEPRECATED(10.0, 10.14);
      |             ^
main.cpp:1854:9: warning: 'glColor3f' is deprecated: first deprecated in macOS 10.14 - OpenGL API deprecated. (Define GL_SILENCE_DEPRECATION to silence these warnings) [-Wdeprecated-declarations]
 1854 |         glColor3f(0.2f, 0.2f, 0.2f);
      |         ^
/Library/Developer/CommandLineTools/SDKs/MacOSX.sdk/System/Library/Frameworks/OpenGL.framework/Headers/gl.h:2405:13: note: 'glColor3f' has been explicitly marked deprecated here
 2405 | extern void glColor3f (GLfloat red, GLfloat green, GLfloat blue) OPENGL_DEPRECATED(10.0, 10.14);
      |             ^
main.cpp:1855:9: warning: 'glPushMatrix' is deprecated: first deprecated in macOS 10.14 - OpenGL API deprecated. (Define GL_SILENCE_DEPRECATION to silence these warnings) [-Wdeprecated-declarations]
 1855 |         glPushMatrix();
      |         ^
/Library/Developer/CommandLineTools/SDKs/MacOSX.sdk/System/Library/Frameworks/OpenGL.framework/Headers/gl.h:2625:13: note: 'glPushMatrix' has been explicitly marked deprecated here
 2625 | extern void glPushMatrix (void) OPENGL_DEPRECATED(10.0, 10.14);
      |             ^
main.cpp:1856:9: warning: 'glTranslatef' is deprecated: first deprecated in macOS 10.14 - OpenGL API deprecated. (Define GL_SILENCE_DEPRECATION to silence these warnings) [-Wdeprecated-declarations]
 1856 |         glTranslatef(0, -0.3f, 0.5f);
      |         ^
/Library/Developer/CommandLineTools/SDKs/MacOSX.sdk/System/Library/Frameworks/OpenGL.framework/Headers/gl.h:2729:13: note: 'glTranslatef' has been explicitly marked deprecated here
 2729 | extern void glTranslatef (GLfloat x, GLfloat y, GLfloat z) OPENGL_DEPRECATED(10.0, 10.14);
      |             ^
main.cpp:1857:9: warning: 'glutSolidTorus' is deprecated: first deprecated in macOS 10.9 - OpenGL API deprecated. (Define GL_SILENCE_DEPRECATION to silence these warnings) [-Wdeprecated-declarations]
 1857 |         glutSolidTorus(0.1, 0.3, 8, 12); // Front wheel
      |         ^
/Library/Developer/CommandLineTools/SDKs/MacOSX.sdk/System/Library/Frameworks/GLUT.framework/Headers/glut.h:577:22: note: 'glutSolidTorus' has been explicitly marked deprecated here
  577 | extern void APIENTRY glutSolidTorus(GLdouble innerRadius, GLdouble outerRadius, GLint sides, GLint rings) OPENGL_DEPRECATED(10_0, 10_9);
      |                      ^
main.cpp:1858:9: warning: 'glPopMatrix' is deprecated: first deprecated in macOS 10.14 - OpenGL API deprecated. (Define GL_SILENCE_DEPRECATION to silence these warnings) [-Wdeprecated-declarations]
 1858 |         glPopMatrix();
      |         ^
/Library/Developer/CommandLineTools/SDKs/MacOSX.sdk/System/Library/Frameworks/OpenGL.framework/Headers/gl.h:2620:13: note: 'glPopMatrix' has been explicitly marked deprecated here
 2620 | extern void glPopMatrix (void) OPENGL_DEPRECATED(10.0, 10.14);
      |             ^
main.cpp:1859:9: warning: 'glPushMatrix' is deprecated: first deprecated in macOS 10.14 - OpenGL API deprecated. (Define GL_SILENCE_DEPRECATION to silence these warnings) [-Wdeprecated-declarations]
 1859 |         glPushMatrix();
      |         ^
/Library/Developer/CommandLineTools/SDKs/MacOSX.sdk/System/Library/Frameworks/OpenGL.framework/Headers/gl.h:2625:13: note: 'glPushMatrix' has been explicitly marked deprecated here
 2625 | extern void glPushMatrix (void) OPENGL_DEPRECATED(10.0, 10.14);
      |             ^
main.cpp:1860:9: warning: 'glTranslatef' is deprecated: first deprecated in macOS 10.14 - OpenGL API deprecated. (Define GL_SILENCE_DEPRECATION to silence these warnings) [-Wdeprecated-declarations]
 1860 |         glTranslatef(0, -0.3f, -0.5f);
      |         ^
/Library/Developer/CommandLineTools/SDKs/MacOSX.sdk/System/Library/Frameworks/OpenGL.framework/Headers/gl.h:2729:13: note: 'glTranslatef' has been explicitly marked deprecated here
 2729 | extern void glTranslatef (GLfloat x, GLfloat y, GLfloat z) OPENGL_DEPRECATED(10.0, 10.14);
      |             ^
main.cpp:1861:9: warning: 'glutSolidTorus' is deprecated: first deprecated in macOS 10.9 - OpenGL API deprecated. (Define GL_SILENCE_DEPRECATION to silence these warnings) [-Wdeprecated-declarations]
 1861 |         glutSolidTorus(0.1, 0.3, 8, 12); // Rear wheel
      |         ^
/Library/Developer/CommandLineTools/SDKs/MacOSX.sdk/System/Library/Frameworks/GLUT.framework/Headers/glut.h:577:22: note: 'glutSolidTorus' has been explicitly marked deprecated here
  577 | extern void APIENTRY glutSolidTorus(GLdouble innerRadius, GLdouble outerRadius, GLint sides, GLint rings) OPENGL_DEPRECATED(10_0, 10_9);
      |                      ^
main.cpp:1862:9: warning: 'glPopMatrix' is deprecated: first deprecated in macOS 10.14 - OpenGL API deprecated. (Define GL_SILENCE_DEPRECATION to silence these warnings) [-Wdeprecated-declarations]
 1862 |         glPopMatrix();
      |         ^
/Library/Developer/CommandLineTools/SDKs/MacOSX.sdk/System/Library/Frameworks/OpenGL.framework/Headers/gl.h:2620:13: note: 'glPopMatrix' has been explicitly marked deprecated here
 2620 | extern void glPopMatrix (void) OPENGL_DEPRECATED(10.0, 10.14);
      |             ^
main.cpp:1863:9: warning: 'glPopMatrix' is deprecated: first deprecated in macOS 10.14 - OpenGL API deprecated. (Define GL_SILENCE_DEPRECATION to silence these warnings) [-Wdeprecated-declarations]
 1863 |         glPopMatrix();
      |         ^
/Library/Developer/CommandLineTools/SDKs/MacOSX.sdk/System/Library/Frameworks/OpenGL.framework/Headers/gl.h:2620:13: note: 'glPopMatrix' has been explicitly marked deprecated here
 2620 | extern void glPopMatrix (void) OPENGL_DEPRECATED(10.0, 10.14);
      |             ^
main.cpp:1876:9: warning: 'glPushMatrix' is deprecated: first deprecated in macOS 10.14 - OpenGL API deprecated. (Define GL_SILENCE_DEPRECATION to silence these warnings) [-Wdeprecated-declarations]
 1876 |         glPushMatrix();
      |         ^
/Library/Developer/CommandLineTools/SDKs/MacOSX.sdk/System/Library/Frameworks/OpenGL.framework/Headers/gl.h:2625:13: note: 'glPushMatrix' has been explicitly marked deprecated here
 2625 | extern void glPushMatrix (void) OPENGL_DEPRECATED(10.0, 10.14);
      |             ^
main.cpp:1877:9: warning: 'glTranslatef' is deprecated: first deprecated in macOS 10.14 - OpenGL API deprecated. (Define GL_SILENCE_DEPRECATION to silence these warnings) [-Wdeprecated-declarations]
 1877 |         glTranslatef(pos[0], 0.6f, pos[1]);
      |         ^
/Library/Developer/CommandLineTools/SDKs/MacOSX.sdk/System/Library/Frameworks/OpenGL.framework/Headers/gl.h:2729:13: note: 'glTranslatef' has been explicitly marked deprecated here
 2729 | extern void glTranslatef (GLfloat x, GLfloat y, GLfloat z) OPENGL_DEPRECATED(10.0, 10.14);
      |             ^
main.cpp:1878:9: warning: 'glColor3f' is deprecated: first deprecated in macOS 10.14 - OpenGL API deprecated. (Define GL_SILENCE_DEPRECATION to silence these warnings) [-Wdeprecated-declarations]
 1878 |         glColor3f(0.2f, 0.5f, 0.2f);
      |         ^
/Library/Developer/CommandLineTools/SDKs/MacOSX.sdk/System/Library/Frameworks/OpenGL.framework/Headers/gl.h:2405:13: note: 'glColor3f' has been explicitly marked deprecated here
 2405 | extern void glColor3f (GLfloat red, GLfloat green, GLfloat blue) OPENGL_DEPRECATED(10.0, 10.14);
      |             ^
main.cpp:1880:9: warning: 'glPopMatrix' is deprecated: first deprecated in macOS 10.14 - OpenGL API deprecated. (Define GL_SILENCE_DEPRECATION to silence these warnings) [-Wdeprecated-declarations]
 1880 |         glPopMatrix();
      |         ^
/Library/Developer/CommandLineTools/SDKs/MacOSX.sdk/System/Library/Frameworks/OpenGL.framework/Headers/gl.h:2620:13: note: 'glPopMatrix' has been explicitly marked deprecated here
 2620 | extern void glPopMatrix (void) OPENGL_DEPRECATED(10.0, 10.14);
      |             ^
main.cpp:1892:9: warning: 'glPushMatrix' is deprecated: first deprecated in macOS 10.14 - OpenGL API deprecated. (Define GL_SILENCE_DEPRECATION to silence these warnings) [-Wdeprecated-declarations]
 1892 |         glPushMatrix();
      |         ^
/Library/Developer/CommandLineTools/SDKs/MacOSX.sdk/System/Library/Frameworks/OpenGL.framework/Headers/gl.h:2625:13: note: 'glPushMatrix' has been explicitly marked deprecated here
 2625 | extern void glPushMatrix (void) OPENGL_DEPRECATED(10.0, 10.14);
      |             ^
main.cpp:1893:9: warning: 'glTranslatef' is deprecated: first deprecated in macOS 10.14 - OpenGL API deprecated. (Define GL_SILENCE_DEPRECATION to silence these warnings) [-Wdeprecated-declarations]
 1893 |         glTranslatef(stop.x, 0, stop.z);
      |         ^
/Library/Developer/CommandLineTools/SDKs/MacOSX.sdk/System/Library/Frameworks/OpenGL.framework/Headers/gl.h:2729:13: note: 'glTranslatef' has been explicitly marked deprecated here
 2729 | extern void glTranslatef (GLfloat x, GLfloat y, GLfloat z) OPENGL_DEPRECATED(10.0, 10.14);
      |             ^
main.cpp:1894:9: warning: 'glRotatef' is deprecated: first deprecated in macOS 10.14 - OpenGL API deprecated. (Define GL_SILENCE_DEPRECATION to silence these warnings) [-Wdeprecated-declarations]
 1894 |         glRotatef(stop.rotation, 0, 1, 0);
      |         ^
/Library/Developer/CommandLineTools/SDKs/MacOSX.sdk/System/Library/Frameworks/OpenGL.framework/Headers/gl.h:2665:13: note: 'glRotatef' has been explicitly marked deprecated here
 2665 | extern void glRotatef (GLfloat angle, GLfloat x, GLfloat y, GLfloat z) OPENGL_DEPRECATED(10.0, 10.14);
      |             ^
main.cpp:1897:9: warning: 'glColor3f' is deprecated: first deprecated in macOS 10.14 - OpenGL API deprecated. (Define GL_SILENCE_DEPRECATION to silence these warnings) [-Wdeprecated-declarations]
 1897 |         glColor3f(0.7f, 0.7f, 0.8f);
      |         ^
/Library/Developer/CommandLineTools/SDKs/MacOSX.sdk/System/Library/Frameworks/OpenGL.framework/Headers/gl.h:2405:13: note: 'glColor3f' has been explicitly marked deprecated here
 2405 | extern void glColor3f (GLfloat red, GLfloat green, GLfloat blue) OPENGL_DEPRECATED(10.0, 10.14);
      |             ^
main.cpp:1898:9: warning: 'glPushMatrix' is deprecated: first deprecated in macOS 10.14 - OpenGL API deprecated. (Define GL_SILENCE_DEPRECATION to silence these warnings) [-Wdeprecated-declarations]
 1898 |         glPushMatrix();
      |         ^
/Library/Developer/CommandLineTools/SDKs/MacOSX.sdk/System/Library/Frameworks/OpenGL.framework/Headers/gl.h:2625:13: note: 'glPushMatrix' has been explicitly marked deprecated here
 2625 | extern void glPushMatrix (void) OPENGL_DEPRECATED(10.0, 10.14);
      |             ^
main.cpp:1899:9: warning: 'glTranslatef' is deprecated: first deprecated in macOS 10.14 - OpenGL API deprecated. (Define GL_SILENCE_DEPRECATION to silence these warnings) [-Wdeprecated-declarations]
 1899 |         glTranslatef(0, 3.5f, 0);
      |         ^
/Library/Developer/CommandLineTools/SDKs/MacOSX.sdk/System/Library/Frameworks/OpenGL.framework/Headers/gl.h:2729:13: note: 'glTranslatef' has been explicitly marked deprecated here
 2729 | extern void glTranslatef (GLfloat x, GLfloat y, GLfloat z) OPENGL_DEPRECATED(10.0, 10.14);
      |             ^
main.cpp:1901:9: warning: 'glPopMatrix' is deprecated: first deprecated in macOS 10.14 - OpenGL API deprecated. (Define GL_SILENCE_DEPRECATION to silence these warnings) [-Wdeprecated-declarations]
 1901 |         glPopMatrix();
      |         ^
/Library/Developer/CommandLineTools/SDKs/MacOSX.sdk/System/Library/Frameworks/OpenGL.framework/Headers/gl.h:2620:13: note: 'glPopMatrix' has been explicitly marked deprecated here
 2620 | extern void glPopMatrix (void) OPENGL_DEPRECATED(10.0, 10.14);
      |             ^
main.cpp:1904:9: warning: 'glColor3f' is deprecated: first deprecated in macOS 10.14 - OpenGL API deprecated. (Define GL_SILENCE_DEPRECATION to silence these warnings) [-Wdeprecated-declarations]
 1904 |         glColor3f(0.5f, 0.5f, 0.5f);
      |         ^
/Library/Developer/CommandLineTools/SDKs/MacOSX.sdk/System/Library/Frameworks/OpenGL.framework/Headers/gl.h:2405:13: note: 'glColor3f' has been explicitly marked deprecated here
 2405 | extern void glColor3f (GLfloat red, GLfloat green, GLfloat blue) OPENGL_DEPRECATED(10.0, 10.14);
      |             ^
main.cpp:1907:13: warning: 'glPushMatrix' is deprecated: first deprecated in macOS 10.14 - OpenGL API deprecated. (Define GL_SILENCE_DEPRECATION to silence these warnings) [-Wdeprecated-declarations]
 1907 |             glPushMatrix();
      |             ^
/Library/Developer/CommandLineTools/SDKs/MacOSX.sdk/System/Library/Frameworks/OpenGL.framework/Headers/gl.h:2625:13: note: 'glPushMatrix' has been explicitly marked deprecated here
 2625 | extern void glPushMatrix (void) OPENGL_DEPRECATED(10.0, 10.14);
      |             ^
main.cpp:1908:13: warning: 'glTranslatef' is deprecated: first deprecated in macOS 10.14 - OpenGL API deprecated. (Define GL_SILENCE_DEPRECATION to silence these warnings) [-Wdeprecated-declarations]
 1908 |             glTranslatef(p[0], 1.75f, p[1]);
      |             ^
/Library/Developer/CommandLineTools/SDKs/MacOSX.sdk/System/Library/Frameworks/OpenGL.framework/Headers/gl.h:2729:13: note: 'glTranslatef' has been explicitly marked deprecated here
 2729 | extern void glTranslatef (GLfloat x, GLfloat y, GLfloat z) OPENGL_DEPRECATED(10.0, 10.14);
      |             ^
main.cpp:1910:13: warning: 'glPopMatrix' is deprecated: first deprecated in macOS 10.14 - OpenGL API deprecated. (Define GL_SILENCE_DEPRECATION to silence these warnings) [-Wdeprecated-declarations]
 1910 |             glPopMatrix();
      |             ^
/Library/Developer/CommandLineTools/SDKs/MacOSX.sdk/System/Library/Frameworks/OpenGL.framework/Headers/gl.h:2620:13: note: 'glPopMatrix' has been explicitly marked deprecated here
 2620 | extern void glPopMatrix (void) OPENGL_DEPRECATED(10.0, 10.14);
      |             ^
main.cpp:1914:9: warning: 'glColor3f' is deprecated: first deprecated in macOS 10.14 - OpenGL API deprecated. (Define GL_SILENCE_DEPRECATION to silence these warnings) [-Wdeprecated-declarations]
 1914 |         glColor3f(0.5f, 0.3f, 0.1f);
      |         ^
/Library/Developer/CommandLineTools/SDKs/MacOSX.sdk/System/Library/Frameworks/OpenGL.framework/Headers/gl.h:2405:13: note: 'glColor3f' has been explicitly marked deprecated here
 2405 | extern void glColor3f (GLfloat red, GLfloat green, GLfloat blue) OPENGL_DEPRECATED(10.0, 10.14);
      |             ^
main.cpp:1915:9: warning: 'glPushMatrix' is deprecated: first deprecated in macOS 10.14 - OpenGL API deprecated. (Define GL_SILENCE_DEPRECATION to silence these warnings) [-Wdeprecated-declarations]
 1915 |         glPushMatrix();
      |         ^
/Library/Developer/CommandLineTools/SDKs/MacOSX.sdk/System/Library/Frameworks/OpenGL.framework/Headers/gl.h:2625:13: note: 'glPushMatrix' has been explicitly marked deprecated here
 2625 | extern void glPushMatrix (void) OPENGL_DEPRECATED(10.0, 10.14);
      |             ^
main.cpp:1916:9: warning: 'glTranslatef' is deprecated: first deprecated in macOS 10.14 - OpenGL API deprecated. (Define GL_SILENCE_DEPRECATION to silence these warnings) [-Wdeprecated-declarations]
 1916 |         glTranslatef(0, 0.6f, -0.8f);
      |         ^
/Library/Developer/CommandLineTools/SDKs/MacOSX.sdk/System/Library/Frameworks/OpenGL.framework/Headers/gl.h:2729:13: note: 'glTranslatef' has been explicitly marked deprecated here
 2729 | extern void glTranslatef (GLfloat x, GLfloat y, GLfloat z) OPENGL_DEPRECATED(10.0, 10.14);
      |             ^
main.cpp:1918:9: warning: 'glPopMatrix' is deprecated: first deprecated in macOS 10.14 - OpenGL API deprecated. (Define GL_SILENCE_DEPRECATION to silence these warnings) [-Wdeprecated-declarations]
 1918 |         glPopMatrix();
      |         ^
/Library/Developer/CommandLineTools/SDKs/MacOSX.sdk/System/Library/Frameworks/OpenGL.framework/Headers/gl.h:2620:13: note: 'glPopMatrix' has been explicitly marked deprecated here
 2620 | extern void glPopMatrix (void) OPENGL_DEPRECATED(10.0, 10.14);
      |             ^
main.cpp:1920:9: warning: 'glPopMatrix' is deprecated: first deprecated in macOS 10.14 - OpenGL API deprecated. (Define GL_SILENCE_DEPRECATION to silence these warnings) [-Wdeprecated-declarations]
 1920 |         glPopMatrix();
      |         ^
/Library/Developer/CommandLineTools/SDKs/MacOSX.sdk/System/Library/Frameworks/OpenGL.framework/Headers/gl.h:2620:13: note: 'glPopMatrix' has been explicitly marked deprecated here
 2620 | extern void glPopMatrix (void) OPENGL_DEPRECATED(10.0, 10.14);
      |             ^
main.cpp:1935:9: warning: 'glPushMatrix' is deprecated: first deprecated in macOS 10.14 - OpenGL API deprecated. (Define GL_SILENCE_DEPRECATION to silence these warnings) [-Wdeprecated-declarations]
 1935 |         glPushMatrix();
      |         ^
/Library/Developer/CommandLineTools/SDKs/MacOSX.sdk/System/Library/Frameworks/OpenGL.framework/Headers/gl.h:2625:13: note: 'glPushMatrix' has been explicitly marked deprecated here
 2625 | extern void glPushMatrix (void) OPENGL_DEPRECATED(10.0, 10.14);
      |             ^
main.cpp:1936:9: warning: 'glTranslatef' is deprecated: first deprecated in macOS 10.14 - OpenGL API deprecated. (Define GL_SILENCE_DEPRECATION to silence these warnings) [-Wdeprecated-declarations]
 1936 |         glTranslatef(bed.x, 0.3f, bed.z);
      |         ^
/Library/Developer/CommandLineTools/SDKs/MacOSX.sdk/System/Library/Frameworks/OpenGL.framework/Headers/gl.h:2729:13: note: 'glTranslatef' has been explicitly marked deprecated here
 2729 | extern void glTranslatef (GLfloat x, GLfloat y, GLfloat z) OPENGL_DEPRECATED(10.0, 10.14);
      |             ^
main.cpp:1938:9: warning: 'glColor3f' is deprecated: first deprecated in macOS 10.14 - OpenGL API deprecated. (Define GL_SILENCE_DEPRECATION to silence these warnings) [-Wdeprecated-declarations]
 1938 |         glColor3f(0.4f, 0.25f, 0.15f);
      |         ^
/Library/Developer/CommandLineTools/SDKs/MacOSX.sdk/System/Library/Frameworks/OpenGL.framework/Headers/gl.h:2405:13: note: 'glColor3f' has been explicitly marked deprecated here
 2405 | extern void glColor3f (GLfloat red, GLfloat green, GLfloat blue) OPENGL_DEPRECATED(10.0, 10.14);
      |             ^
main.cpp:1941:9: warning: 'glColor3f' is deprecated: first deprecated in macOS 10.14 - OpenGL API deprecated. (Define GL_SILENCE_DEPRECATION to silence these warnings) [-Wdeprecated-declarations]
 1941 |         glColor3f(bed.r, bed.g, bed.b);
      |         ^
/Library/Developer/CommandLineTools/SDKs/MacOSX.sdk/System/Library/Frameworks/OpenGL.framework/Headers/gl.h:2405:13: note: 'glColor3f' has been explicitly marked deprecated here
 2405 | extern void glColor3f (GLfloat red, GLfloat green, GLfloat blue) OPENGL_DEPRECATED(10.0, 10.14);
      |             ^
main.cpp:1945:13: warning: 'glPushMatrix' is deprecated: first deprecated in macOS 10.14 - OpenGL API deprecated. (Define GL_SILENCE_DEPRECATION to silence these warnings) [-Wdeprecated-declarations]
 1945 |             glPushMatrix();
      |             ^
/Library/Developer/CommandLineTools/SDKs/MacOSX.sdk/System/Library/Frameworks/OpenGL.framework/Headers/gl.h:2625:13: note: 'glPushMatrix' has been explicitly marked deprecated here
 2625 | extern void glPushMatrix (void) OPENGL_DEPRECATED(10.0, 10.14);
      |             ^
main.cpp:1946:13: warning: 'glTranslatef' is deprecated: first deprecated in macOS 10.14 - OpenGL API deprecated. (Define GL_SILENCE_DEPRECATION to silence these warnings) [-Wdeprecated-declarations]
 1946 |             glTranslatef(fx, 0.4f, fz);
      |             ^
/Library/Developer/CommandLineTools/SDKs/MacOSX.sdk/System/Library/Frameworks/OpenGL.framework/Headers/gl.h:2729:13: note: 'glTranslatef' has been explicitly marked deprecated here
 2729 | extern void glTranslatef (GLfloat x, GLfloat y, GLfloat z) OPENGL_DEPRECATED(10.0, 10.14);
      |             ^
main.cpp:1947:13: warning: 'glutSolidSphere' is deprecated: first deprecated in macOS 10.9 - OpenGL API deprecated. (Define GL_SILENCE_DEPRECATION to silence these warnings) [-Wdeprecated-declarations]
 1947 |             glutSolidSphere(0.3, 6, 6);
      |             ^
/Library/Developer/CommandLineTools/SDKs/MacOSX.sdk/System/Library/Frameworks/GLUT.framework/Headers/glut.h:571:22: note: 'glutSolidSphere' has been explicitly marked deprecated here
  571 | extern void APIENTRY glutSolidSphere(GLdouble radius, GLint slices, GLint stacks) OPENGL_DEPRECATED(10_0, 10_9);
      |                      ^
main.cpp:1948:13: warning: 'glPopMatrix' is deprecated: first deprecated in macOS 10.14 - OpenGL API deprecated. (Define GL_SILENCE_DEPRECATION to silence these warnings) [-Wdeprecated-declarations]
 1948 |             glPopMatrix();
      |             ^
/Library/Developer/CommandLineTools/SDKs/MacOSX.sdk/System/Library/Frameworks/OpenGL.framework/Headers/gl.h:2620:13: note: 'glPopMatrix' has been explicitly marked deprecated here
 2620 | extern void glPopMatrix (void) OPENGL_DEPRECATED(10.0, 10.14);
      |             ^
main.cpp:1950:9: warning: 'glPopMatrix' is deprecated: first deprecated in macOS 10.14 - OpenGL API deprecated. (Define GL_SILENCE_DEPRECATION to silence these warnings) [-Wdeprecated-declarations]
 1950 |         glPopMatrix();
      |         ^
/Library/Developer/CommandLineTools/SDKs/MacOSX.sdk/System/Library/Frameworks/OpenGL.framework/Headers/gl.h:2620:13: note: 'glPopMatrix' has been explicitly marked deprecated here
 2620 | extern void glPopMatrix (void) OPENGL_DEPRECATED(10.0, 10.14);
      |             ^
main.cpp:1960:9: warning: 'glPushMatrix' is deprecated: first deprecated in macOS 10.14 - OpenGL API deprecated. (Define GL_SILENCE_DEPRECATION to silence these warnings) [-Wdeprecated-declarations]
 1960 |         glPushMatrix();
      |         ^
/Library/Developer/CommandLineTools/SDKs/MacOSX.sdk/System/Library/Frameworks/OpenGL.framework/Headers/gl.h:2625:13: note: 'glPushMatrix' has been explicitly marked deprecated here
 2625 | extern void glPushMatrix (void) OPENGL_DEPRECATED(10.0, 10.14);
      |             ^
main.cpp:1961:9: warning: 'glTranslatef' is deprecated: first deprecated in macOS 10.14 - OpenGL API deprecated. (Define GL_SILENCE_DEPRECATION to silence these warnings) [-Wdeprecated-declarations]
 1961 |         glTranslatef(pos[0], 1.0f, pos[1]);
      |         ^
/Library/Developer/CommandLineTools/SDKs/MacOSX.sdk/System/Library/Frameworks/OpenGL.framework/Headers/gl.h:2729:13: note: 'glTranslatef' has been explicitly marked deprecated here
 2729 | extern void glTranslatef (GLfloat x, GLfloat y, GLfloat z) OPENGL_DEPRECATED(10.0, 10.14);
      |             ^
main.cpp:1962:9: warning: 'glColor3f' is deprecated: first deprecated in macOS 10.14 - OpenGL API deprecated. (Define GL_SILENCE_DEPRECATION to silence these warnings) [-Wdeprecated-declarations]
 1962 |         glColor3f(0.15f, 0.6f, 0.2f);
      |         ^
/Library/Developer/CommandLineTools/SDKs/MacOSX.sdk/System/Library/Frameworks/OpenGL.framework/Headers/gl.h:2405:13: note: 'glColor3f' has been explicitly marked deprecated here
 2405 | extern void glColor3f (GLfloat red, GLfloat green, GLfloat blue) OPENGL_DEPRECATED(10.0, 10.14);
      |             ^
main.cpp:1963:9: warning: 'glutSolidSphere' is deprecated: first deprecated in macOS 10.9 - OpenGL API deprecated. (Define GL_SILENCE_DEPRECATION to silence these warnings) [-Wdeprecated-declarations]
 1963 |         glutSolidSphere(1.5, 10, 10);
      |         ^
/Library/Developer/CommandLineTools/SDKs/MacOSX.sdk/System/Library/Frameworks/GLUT.framework/Headers/glut.h:571:22: note: 'glutSolidSphere' has been explicitly marked deprecated here
  571 | extern void APIENTRY glutSolidSphere(GLdouble radius, GLint slices, GLint stacks) OPENGL_DEPRECATED(10_0, 10_9);
      |                      ^
main.cpp:1964:9: warning: 'glPopMatrix' is deprecated: first deprecated in macOS 10.14 - OpenGL API deprecated. (Define GL_SILENCE_DEPRECATION to silence these warnings) [-Wdeprecated-declarations]
 1964 |         glPopMatrix();
      |         ^
/Library/Developer/CommandLineTools/SDKs/MacOSX.sdk/System/Library/Frameworks/OpenGL.framework/Headers/gl.h:2620:13: note: 'glPopMatrix' has been explicitly marked deprecated here
 2620 | extern void glPopMatrix (void) OPENGL_DEPRECATED(10.0, 10.14);
      |             ^
main.cpp:1975:9: warning: 'glPushMatrix' is deprecated: first deprecated in macOS 10.14 - OpenGL API deprecated. (Define GL_SILENCE_DEPRECATION to silence these warnings) [-Wdeprecated-declarations]
 1975 |         glPushMatrix();
      |         ^
/Library/Developer/CommandLineTools/SDKs/MacOSX.sdk/System/Library/Frameworks/OpenGL.framework/Headers/gl.h:2625:13: note: 'glPushMatrix' has been explicitly marked deprecated here
 2625 | extern void glPushMatrix (void) OPENGL_DEPRECATED(10.0, 10.14);
      |             ^
main.cpp:1976:9: warning: 'glTranslatef' is deprecated: first deprecated in macOS 10.14 - OpenGL API deprecated. (Define GL_SILENCE_DEPRECATION to silence these warnings) [-Wdeprecated-declarations]
 1976 |         glTranslatef(pos[0], 0, pos[1]);
      |         ^
/Library/Developer/CommandLineTools/SDKs/MacOSX.sdk/System/Library/Frameworks/OpenGL.framework/Headers/gl.h:2729:13: note: 'glTranslatef' has been explicitly marked deprecated here
 2729 | extern void glTranslatef (GLfloat x, GLfloat y, GLfloat z) OPENGL_DEPRECATED(10.0, 10.14);
      |             ^
main.cpp:1978:9: warning: 'glColor3f' is deprecated: first deprecated in macOS 10.14 - OpenGL API deprecated. (Define GL_SILENCE_DEPRECATION to silence these warnings) [-Wdeprecated-declarations]
 1978 |         glColor3f(0.6f, 0.6f, 0.65f);
      |         ^
/Library/Developer/CommandLineTools/SDKs/MacOSX.sdk/System/Library/Frameworks/OpenGL.framework/Headers/gl.h:2405:13: note: 'glColor3f' has been explicitly marked deprecated here
 2405 | extern void glColor3f (GLfloat red, GLfloat green, GLfloat blue) OPENGL_DEPRECATED(10.0, 10.14);
      |             ^
main.cpp:1979:9: warning: 'glPushMatrix' is deprecated: first deprecated in macOS 10.14 - OpenGL API deprecated. (Define GL_SILENCE_DEPRECATION to silence these warnings) [-Wdeprecated-declarations]
 1979 |         glPushMatrix();
      |         ^
/Library/Developer/CommandLineTools/SDKs/MacOSX.sdk/System/Library/Frameworks/OpenGL.framework/Headers/gl.h:2625:13: note: 'glPushMatrix' has been explicitly marked deprecated here
 2625 | extern void glPushMatrix (void) OPENGL_DEPRECATED(10.0, 10.14);
      |             ^
main.cpp:1980:9: warning: 'glTranslatef' is deprecated: first deprecated in macOS 10.14 - OpenGL API deprecated. (Define GL_SILENCE_DEPRECATION to silence these warnings) [-Wdeprecated-declarations]
 1980 |         glTranslatef(0, 0.5f, 0);
      |         ^
/Library/Developer/CommandLineTools/SDKs/MacOSX.sdk/System/Library/Frameworks/OpenGL.framework/Headers/gl.h:2729:13: note: 'glTranslatef' has been explicitly marked deprecated here
 2729 | extern void glTranslatef (GLfloat x, GLfloat y, GLfloat z) OPENGL_DEPRECATED(10.0, 10.14);
      |             ^
main.cpp:1982:9: warning: 'glPopMatrix' is deprecated: first deprecated in macOS 10.14 - OpenGL API deprecated. (Define GL_SILENCE_DEPRECATION to silence these warnings) [-Wdeprecated-declarations]
 1982 |         glPopMatrix();
      |         ^
/Library/Developer/CommandLineTools/SDKs/MacOSX.sdk/System/Library/Frameworks/OpenGL.framework/Headers/gl.h:2620:13: note: 'glPopMatrix' has been explicitly marked deprecated here
 2620 | extern void glPopMatrix (void) OPENGL_DEPRECATED(10.0, 10.14);
      |             ^
main.cpp:1984:9: warning: 'glColor3f' is deprecated: first deprecated in macOS 10.14 - OpenGL API deprecated. (Define GL_SILENCE_DEPRECATION to silence these warnings) [-Wdeprecated-declarations]
 1984 |         glColor3f(0.3f, 0.5f, 0.8f);
      |         ^
/Library/Developer/CommandLineTools/SDKs/MacOSX.sdk/System/Library/Frameworks/OpenGL.framework/Headers/gl.h:2405:13: note: 'glColor3f' has been explicitly marked deprecated here
 2405 | extern void glColor3f (GLfloat red, GLfloat green, GLfloat blue) OPENGL_DEPRECATED(10.0, 10.14);
      |             ^
main.cpp:1985:9: warning: 'glPushMatrix' is deprecated: first deprecated in macOS 10.14 - OpenGL API deprecated. (Define GL_SILENCE_DEPRECATION to silence these warnings) [-Wdeprecated-declarations]
 1985 |         glPushMatrix();
      |         ^
/Library/Developer/CommandLineTools/SDKs/MacOSX.sdk/System/Library/Frameworks/OpenGL.framework/Headers/gl.h:2625:13: note: 'glPushMatrix' has been explicitly marked deprecated here
 2625 | extern void glPushMatrix (void) OPENGL_DEPRECATED(10.0, 10.14);
      |             ^
main.cpp:1986:9: warning: 'glTranslatef' is deprecated: first deprecated in macOS 10.14 - OpenGL API deprecated. (Define GL_SILENCE_DEPRECATION to silence these warnings) [-Wdeprecated-declarations]
 1986 |         glTranslatef(0, 1.2f, 0);
      |         ^
/Library/Developer/CommandLineTools/SDKs/MacOSX.sdk/System/Library/Frameworks/OpenGL.framework/Headers/gl.h:2729:13: note: 'glTranslatef' has been explicitly marked deprecated here
 2729 | extern void glTranslatef (GLfloat x, GLfloat y, GLfloat z) OPENGL_DEPRECATED(10.0, 10.14);
      |             ^
main.cpp:1988:9: warning: 'glPopMatrix' is deprecated: first deprecated in macOS 10.14 - OpenGL API deprecated. (Define GL_SILENCE_DEPRECATION to silence these warnings) [-Wdeprecated-declarations]
 1988 |         glPopMatrix();
      |         ^
/Library/Developer/CommandLineTools/SDKs/MacOSX.sdk/System/Library/Frameworks/OpenGL.framework/Headers/gl.h:2620:13: note: 'glPopMatrix' has been explicitly marked deprecated here
 2620 | extern void glPopMatrix (void) OPENGL_DEPRECATED(10.0, 10.14);
      |             ^
main.cpp:1990:9: warning: 'glColor3f' is deprecated: first deprecated in macOS 10.14 - OpenGL API deprecated. (Define GL_SILENCE_DEPRECATION to silence these warnings) [-Wdeprecated-declarations]
 1990 |         glColor3f(0.5f, 0.5f, 0.55f);
      |         ^
/Library/Developer/CommandLineTools/SDKs/MacOSX.sdk/System/Library/Frameworks/OpenGL.framework/Headers/gl.h:2405:13: note: 'glColor3f' has been explicitly marked deprecated here
 2405 | extern void glColor3f (GLfloat red, GLfloat green, GLfloat blue) OPENGL_DEPRECATED(10.0, 10.14);
      |             ^
main.cpp:1991:9: warning: 'glPushMatrix' is deprecated: first deprecated in macOS 10.14 - OpenGL API deprecated. (Define GL_SILENCE_DEPRECATION to silence these warnings) [-Wdeprecated-declarations]
 1991 |         glPushMatrix();
      |         ^
/Library/Developer/CommandLineTools/SDKs/MacOSX.sdk/System/Library/Frameworks/OpenGL.framework/Headers/gl.h:2625:13: note: 'glPushMatrix' has been explicitly marked deprecated here
 2625 | extern void glPushMatrix (void) OPENGL_DEPRECATED(10.0, 10.14);
      |             ^
main.cpp:1992:9: warning: 'glTranslatef' is deprecated: first deprecated in macOS 10.14 - OpenGL API deprecated. (Define GL_SILENCE_DEPRECATION to silence these warnings) [-Wdeprecated-declarations]
 1992 |         glTranslatef(0, 2.0f, 0);
      |         ^
/Library/Developer/CommandLineTools/SDKs/MacOSX.sdk/System/Library/Frameworks/OpenGL.framework/Headers/gl.h:2729:13: note: 'glTranslatef' has been explicitly marked deprecated here
 2729 | extern void glTranslatef (GLfloat x, GLfloat y, GLfloat z) OPENGL_DEPRECATED(10.0, 10.14);
      |             ^
main.cpp:1994:9: warning: 'glPopMatrix' is deprecated: first deprecated in macOS 10.14 - OpenGL API deprecated. (Define GL_SILENCE_DEPRECATION to silence these warnings) [-Wdeprecated-declarations]
 1994 |         glPopMatrix();
      |         ^
/Library/Developer/CommandLineTools/SDKs/MacOSX.sdk/System/Library/Frameworks/OpenGL.framework/Headers/gl.h:2620:13: note: 'glPopMatrix' has been explicitly marked deprecated here
 2620 | extern void glPopMatrix (void) OPENGL_DEPRECATED(10.0, 10.14);
      |             ^
main.cpp:1995:9: warning: 'glPopMatrix' is deprecated: first deprecated in macOS 10.14 - OpenGL API deprecated. (Define GL_SILENCE_DEPRECATION to silence these warnings) [-Wdeprecated-declarations]
 1995 |         glPopMatrix();
      |         ^
/Library/Developer/CommandLineTools/SDKs/MacOSX.sdk/System/Library/Frameworks/OpenGL.framework/Headers/gl.h:2620:13: note: 'glPopMatrix' has been explicitly marked deprecated here
 2620 | extern void glPopMatrix (void) OPENGL_DEPRECATED(10.0, 10.14);
      |             ^
main.cpp:2000:6: error: redefinition of 'drawStatues'
 2000 | void drawStatues() {
      |      ^
main.cpp:623:6: note: previous definition is here
  623 | void drawStatues() {
      |      ^
main.cpp:2010:9: warning: 'glPushMatrix' is deprecated: first deprecated in macOS 10.14 - OpenGL API deprecated. (Define GL_SILENCE_DEPRECATION to silence these warnings) [-Wdeprecated-declarations]
 2010 |         glPushMatrix();
      |         ^
/Library/Developer/CommandLineTools/SDKs/MacOSX.sdk/System/Library/Frameworks/OpenGL.framework/Headers/gl.h:2625:13: note: 'glPushMatrix' has been explicitly marked deprecated here
 2625 | extern void glPushMatrix (void) OPENGL_DEPRECATED(10.0, 10.14);
      |             ^
main.cpp:2011:9: warning: 'glTranslatef' is deprecated: first deprecated in macOS 10.14 - OpenGL API deprecated. (Define GL_SILENCE_DEPRECATION to silence these warnings) [-Wdeprecated-declarations]
 2011 |         glTranslatef(pos[0], 25.0f, pos[1]);  // MUCH HIGHER - 25 units up!
      |         ^
/Library/Developer/CommandLineTools/SDKs/MacOSX.sdk/System/Library/Frameworks/OpenGL.framework/Headers/gl.h:2729:13: note: 'glTranslatef' has been explicitly marked deprecated here
 2729 | extern void glTranslatef (GLfloat x, GLfloat y, GLfloat z) OPENGL_DEPRECATED(10.0, 10.14);
      |             ^
main.cpp:2014:9: warning: 'glColor3f' is deprecated: first deprecated in macOS 10.14 - OpenGL API deprecated. (Define GL_SILENCE_DEPRECATION to silence these warnings) [-Wdeprecated-declarations]
 2014 |         glColor3f(0.85f, 0.85f, 0.88f);
      |         ^
/Library/Developer/CommandLineTools/SDKs/MacOSX.sdk/System/Library/Frameworks/OpenGL.framework/Headers/gl.h:2405:13: note: 'glColor3f' has been explicitly marked deprecated here
 2405 | extern void glColor3f (GLfloat red, GLfloat green, GLfloat blue) OPENGL_DEPRECATED(10.0, 10.14);
      |             ^
main.cpp:2015:9: warning: 'glPushMatrix' is deprecated: first deprecated in macOS 10.14 - OpenGL API deprecated. (Define GL_SILENCE_DEPRECATION to silence these warnings) [-Wdeprecated-declarations]
 2015 |         glPushMatrix();
      |         ^
/Library/Developer/CommandLineTools/SDKs/MacOSX.sdk/System/Library/Frameworks/OpenGL.framework/Headers/gl.h:2625:13: note: 'glPushMatrix' has been explicitly marked deprecated here
 2625 | extern void glPushMatrix (void) OPENGL_DEPRECATED(10.0, 10.14);
      |             ^
main.cpp:2016:9: warning: 'glTranslatef' is deprecated: first deprecated in macOS 10.14 - OpenGL API deprecated. (Define GL_SILENCE_DEPRECATION to silence these warnings) [-Wdeprecated-declarations]
 2016 |         glTranslatef(0, -20.0f, 0);
      |         ^
/Library/Developer/CommandLineTools/SDKs/MacOSX.sdk/System/Library/Frameworks/OpenGL.framework/Headers/gl.h:2729:13: note: 'glTranslatef' has been explicitly marked deprecated here
 2729 | extern void glTranslatef (GLfloat x, GLfloat y, GLfloat z) OPENGL_DEPRECATED(10.0, 10.14);
      |             ^
main.cpp:2018:9: warning: 'glPushMatrix' is deprecated: first deprecated in macOS 10.14 - OpenGL API deprecated. (Define GL_SILENCE_DEPRECATION to silence these warnings) [-Wdeprecated-declarations]
 2018 |         glPushMatrix();
      |         ^
/Library/Developer/CommandLineTools/SDKs/MacOSX.sdk/System/Library/Frameworks/OpenGL.framework/Headers/gl.h:2625:13: note: 'glPushMatrix' has been explicitly marked deprecated here
 2625 | extern void glPushMatrix (void) OPENGL_DEPRECATED(10.0, 10.14);
      |             ^
main.cpp:2019:9: warning: 'glScalef' is deprecated: first deprecated in macOS 10.14 - OpenGL API deprecated. (Define GL_SILENCE_DEPRECATION to silence these warnings) [-Wdeprecated-declarations]
 2019 |         glScalef(1.5f, 0.5f, 1.5f);
      |         ^
/Library/Developer/CommandLineTools/SDKs/MacOSX.sdk/System/Library/Frameworks/OpenGL.framework/Headers/gl.h:2667:13: note: 'glScalef' has been explicitly marked deprecated here
 2667 | extern void glScalef (GLfloat x, GLfloat y, GLfloat z) OPENGL_DEPRECATED(10.0, 10.14);
      |             ^
main.cpp:2020:9: warning: 'glutSolidCube' is deprecated: first deprecated in macOS 10.9 - OpenGL API deprecated. (Define GL_SILENCE_DEPRECATION to silence these warnings) [-Wdeprecated-declarations]
 2020 |         glutSolidCube(20.0f);  // TRIPLED size
      |         ^
/Library/Developer/CommandLineTools/SDKs/MacOSX.sdk/System/Library/Frameworks/GLUT.framework/Headers/glut.h:575:22: note: 'glutSolidCube' has been explicitly marked deprecated here
  575 | extern void APIENTRY glutSolidCube(GLdouble size) OPENGL_DEPRECATED(10_0, 10_9);
      |                      ^
main.cpp:2021:9: warning: 'glPopMatrix' is deprecated: first deprecated in macOS 10.14 - OpenGL API deprecated. (Define GL_SILENCE_DEPRECATION to silence these warnings) [-Wdeprecated-declarations]
 2021 |         glPopMatrix();
      |         ^
/Library/Developer/CommandLineTools/SDKs/MacOSX.sdk/System/Library/Frameworks/OpenGL.framework/Headers/gl.h:2620:13: note: 'glPopMatrix' has been explicitly marked deprecated here
 2620 | extern void glPopMatrix (void) OPENGL_DEPRECATED(10.0, 10.14);
      |             ^
main.cpp:2023:9: warning: 'glPushMatrix' is deprecated: first deprecated in macOS 10.14 - OpenGL API deprecated. (Define GL_SILENCE_DEPRECATION to silence these warnings) [-Wdeprecated-declarations]
 2023 |         glPushMatrix();
      |         ^
/Library/Developer/CommandLineTools/SDKs/MacOSX.sdk/System/Library/Frameworks/OpenGL.framework/Headers/gl.h:2625:13: note: 'glPushMatrix' has been explicitly marked deprecated here
 2625 | extern void glPushMatrix (void) OPENGL_DEPRECATED(10.0, 10.14);
      |             ^
main.cpp:2024:9: warning: 'glTranslatef' is deprecated: first deprecated in macOS 10.14 - OpenGL API deprecated. (Define GL_SILENCE_DEPRECATION to silence these warnings) [-Wdeprecated-declarations]
 2024 |         glTranslatef(0, 8.0f, 0);
      |         ^
/Library/Developer/CommandLineTools/SDKs/MacOSX.sdk/System/Library/Frameworks/OpenGL.framework/Headers/gl.h:2729:13: note: 'glTranslatef' has been explicitly marked deprecated here
 2729 | extern void glTranslatef (GLfloat x, GLfloat y, GLfloat z) OPENGL_DEPRECATED(10.0, 10.14);
      |             ^
main.cpp:2025:28: warning: 'gluNewQuadric' is deprecated: first deprecated in macOS 10.9 - OpenGL API deprecated. (Define GL_SILENCE_DEPRECATION to silence these warnings) [-Wdeprecated-declarations]
 2025 |         GLUquadric* quad = gluNewQuadric();
      |                            ^
/Library/Developer/CommandLineTools/SDKs/MacOSX.sdk/System/Library/Frameworks/OpenGL.framework/Headers/glu.h:267:20: note: 'gluNewQuadric' has been explicitly marked deprecated here
  267 | extern GLUquadric* gluNewQuadric (void) OPENGL_DEPRECATED(10.0, 10.9);
      |                    ^
main.cpp:2026:9: warning: 'gluCylinder' is deprecated: first deprecated in macOS 10.9 - OpenGL API deprecated. (Define GL_SILENCE_DEPRECATION to silence these warnings) [-Wdeprecated-declarations]
 2026 |         gluCylinder(quad, 7.5, 7.5, 16.0, 32, 1);  // TRIPLED radius and height
      |         ^
/Library/Developer/CommandLineTools/SDKs/MacOSX.sdk/System/Library/Frameworks/OpenGL.framework/Headers/glu.h:251:13: note: 'gluCylinder' has been explicitly marked deprecated here
  251 | extern void gluCylinder (GLUquadric* quad, GLdouble base, GLdouble top, GLdouble height, GLint slices, GLint stacks) OPENGL_DEPRECATED(10.0, 10.9);
      |             ^
main.cpp:2027:9: warning: 'gluDeleteQuadric' is deprecated: first deprecated in macOS 10.9 - OpenGL API deprecated. (Define GL_SILENCE_DEPRECATION to silence these warnings) [-Wdeprecated-declarations]
 2027 |         gluDeleteQuadric(quad);
      |         ^
/Library/Developer/CommandLineTools/SDKs/MacOSX.sdk/System/Library/Frameworks/OpenGL.framework/Headers/glu.h:253:13: note: 'gluDeleteQuadric' has been explicitly marked deprecated here
  253 | extern void gluDeleteQuadric (GLUquadric* quad) OPENGL_DEPRECATED(10.0, 10.9);
      |             ^
main.cpp:2028:9: warning: 'glPopMatrix' is deprecated: first deprecated in macOS 10.14 - OpenGL API deprecated. (Define GL_SILENCE_DEPRECATION to silence these warnings) [-Wdeprecated-declarations]
 2028 |         glPopMatrix();
      |         ^
/Library/Developer/CommandLineTools/SDKs/MacOSX.sdk/System/Library/Frameworks/OpenGL.framework/Headers/gl.h:2620:13: note: 'glPopMatrix' has been explicitly marked deprecated here
 2620 | extern void glPopMatrix (void) OPENGL_DEPRECATED(10.0, 10.14);
      |             ^
main.cpp:2029:9: warning: 'glPopMatrix' is deprecated: first deprecated in macOS 10.14 - OpenGL API deprecated. (Define GL_SILENCE_DEPRECATION to silence these warnings) [-Wdeprecated-declarations]
 2029 |         glPopMatrix();
      |         ^
/Library/Developer/CommandLineTools/SDKs/MacOSX.sdk/System/Library/Frameworks/OpenGL.framework/Headers/gl.h:2620:13: note: 'glPopMatrix' has been explicitly marked deprecated here
 2620 | extern void glPopMatrix (void) OPENGL_DEPRECATED(10.0, 10.14);
      |             ^
main.cpp:2032:9: warning: 'glPushMatrix' is deprecated: first deprecated in macOS 10.14 - OpenGL API deprecated. (Define GL_SILENCE_DEPRECATION to silence these warnings) [-Wdeprecated-declarations]
 2032 |         glPushMatrix();
      |         ^
/Library/Developer/CommandLineTools/SDKs/MacOSX.sdk/System/Library/Frameworks/OpenGL.framework/Headers/gl.h:2625:13: note: 'glPushMatrix' has been explicitly marked deprecated here
 2625 | extern void glPushMatrix (void) OPENGL_DEPRECATED(10.0, 10.14);
      |             ^
main.cpp:2033:9: warning: 'glRotatef' is deprecated: first deprecated in macOS 10.14 - OpenGL API deprecated. (Define GL_SILENCE_DEPRECATION to silence these warnings) [-Wdeprecated-declarations]
 2033 |         glRotatef(frameCount * 0.15f, 0, 1, 0); // Slightly faster rotation
      |         ^
/Library/Developer/CommandLineTools/SDKs/MacOSX.sdk/System/Library/Frameworks/OpenGL.framework/Headers/gl.h:2665:13: note: 'glRotatef' has been explicitly marked deprecated here
 2665 | extern void glRotatef (GLfloat angle, GLfloat x, GLfloat y, GLfloat z) OPENGL_DEPRECATED(10.0, 10.14);
      |             ^
main.cpp:2036:9: warning: 'glColor3f' is deprecated: first deprecated in macOS 10.14 - OpenGL API deprecated. (Define GL_SILENCE_DEPRECATION to silence these warnings) [-Wdeprecated-declarations]
 2036 |         glColor3f(0.1f, 0.4f, 0.8f);
      |         ^
/Library/Developer/CommandLineTools/SDKs/MacOSX.sdk/System/Library/Frameworks/OpenGL.framework/Headers/gl.h:2405:13: note: 'glColor3f' has been explicitly marked deprecated here
 2405 | extern void glColor3f (GLfloat red, GLfloat green, GLfloat blue) OPENGL_DEPRECATED(10.0, 10.14);
      |             ^
main.cpp:2037:9: warning: 'glutSolidSphere' is deprecated: first deprecated in macOS 10.9 - OpenGL API deprecated. (Define GL_SILENCE_DEPRECATION to silence these warnings) [-Wdeprecated-declarations]
 2037 |         glutSolidSphere(15.0, 48, 48);  // 15 units radius (was 5)!
      |         ^
/Library/Developer/CommandLineTools/SDKs/MacOSX.sdk/System/Library/Frameworks/GLUT.framework/Headers/glut.h:571:22: note: 'glutSolidSphere' has been explicitly marked deprecated here
  571 | extern void APIENTRY glutSolidSphere(GLdouble radius, GLint slices, GLint stacks) OPENGL_DEPRECATED(10_0, 10_9);
      |                      ^
main.cpp:2040:9: warning: 'glColor3f' is deprecated: first deprecated in macOS 10.14 - OpenGL API deprecated. (Define GL_SILENCE_DEPRECATION to silence these warnings) [-Wdeprecated-declarations]
 2040 |         glColor3f(0.2f, 0.65f, 0.25f);
      |         ^
/Library/Developer/CommandLineTools/SDKs/MacOSX.sdk/System/Library/Frameworks/OpenGL.framework/Headers/gl.h:2405:13: note: 'glColor3f' has been explicitly marked deprecated here
 2405 | extern void glColor3f (GLfloat red, GLfloat green, GLfloat blue) OPENGL_DEPRECATED(10.0, 10.14);
      |             ^
main.cpp:2042:9: warning: 'glPushMatrix' is deprecated: first deprecated in macOS 10.14 - OpenGL API deprecated. (Define GL_SILENCE_DEPRECATION to silence these warnings) [-Wdeprecated-declarations]
 2042 |         glPushMatrix();
      |         ^
/Library/Developer/CommandLineTools/SDKs/MacOSX.sdk/System/Library/Frameworks/OpenGL.framework/Headers/gl.h:2625:13: note: 'glPushMatrix' has been explicitly marked deprecated here
 2625 | extern void glPushMatrix (void) OPENGL_DEPRECATED(10.0, 10.14);
      |             ^
main.cpp:2043:9: warning: 'glRotatef' is deprecated: first deprecated in macOS 10.14 - OpenGL API deprecated. (Define GL_SILENCE_DEPRECATION to silence these warnings) [-Wdeprecated-declarations]
 2043 |         glRotatef(30, 0, 1, 0);
      |         ^
/Library/Developer/CommandLineTools/SDKs/MacOSX.sdk/System/Library/Frameworks/OpenGL.framework/Headers/gl.h:2665:13: note: 'glRotatef' has been explicitly marked deprecated here
 2665 | extern void glRotatef (GLfloat angle, GLfloat x, GLfloat y, GLfloat z) OPENGL_DEPRECATED(10.0, 10.14);
      |             ^
main.cpp:2044:9: warning: 'glTranslatef' is deprecated: first deprecated in macOS 10.14 - OpenGL API deprecated. (Define GL_SILENCE_DEPRECATION to silence these warnings) [-Wdeprecated-declarations]
 2044 |         glTranslatef(0, 6.0f, 13.5f);
      |         ^
/Library/Developer/CommandLineTools/SDKs/MacOSX.sdk/System/Library/Frameworks/OpenGL.framework/Headers/gl.h:2729:13: note: 'glTranslatef' has been explicitly marked deprecated here
 2729 | extern void glTranslatef (GLfloat x, GLfloat y, GLfloat z) OPENGL_DEPRECATED(10.0, 10.14);
      |             ^
main.cpp:2045:9: warning: 'glutSolidSphere' is deprecated: first deprecated in macOS 10.9 - OpenGL API deprecated. (Define GL_SILENCE_DEPRECATION to silence these warnings) [-Wdeprecated-declarations]
 2045 |         glutSolidSphere(6.0, 24, 24);
      |         ^
/Library/Developer/CommandLineTools/SDKs/MacOSX.sdk/System/Library/Frameworks/GLUT.framework/Headers/glut.h:571:22: note: 'glutSolidSphere' has been explicitly marked deprecated here
  571 | extern void APIENTRY glutSolidSphere(GLdouble radius, GLint slices, GLint stacks) OPENGL_DEPRECATED(10_0, 10_9);
      |                      ^
main.cpp:2046:9: warning: 'glPopMatrix' is deprecated: first deprecated in macOS 10.14 - OpenGL API deprecated. (Define GL_SILENCE_DEPRECATION to silence these warnings) [-Wdeprecated-declarations]
 2046 |         glPopMatrix();
      |         ^
/Library/Developer/CommandLineTools/SDKs/MacOSX.sdk/System/Library/Frameworks/OpenGL.framework/Headers/gl.h:2620:13: note: 'glPopMatrix' has been explicitly marked deprecated here
 2620 | extern void glPopMatrix (void) OPENGL_DEPRECATED(10.0, 10.14);
      |             ^
main.cpp:2049:9: warning: 'glPushMatrix' is deprecated: first deprecated in macOS 10.14 - OpenGL API deprecated. (Define GL_SILENCE_DEPRECATION to silence these warnings) [-Wdeprecated-declarations]
 2049 |         glPushMatrix();
      |         ^
/Library/Developer/CommandLineTools/SDKs/MacOSX.sdk/System/Library/Frameworks/OpenGL.framework/Headers/gl.h:2625:13: note: 'glPushMatrix' has been explicitly marked deprecated here
 2625 | extern void glPushMatrix (void) OPENGL_DEPRECATED(10.0, 10.14);
      |             ^
main.cpp:2050:9: warning: 'glRotatef' is deprecated: first deprecated in macOS 10.14 - OpenGL API deprecated. (Define GL_SILENCE_DEPRECATION to silence these warnings) [-Wdeprecated-declarations]
 2050 |         glRotatef(90, 0, 1, 0);
      |         ^
/Library/Developer/CommandLineTools/SDKs/MacOSX.sdk/System/Library/Frameworks/OpenGL.framework/Headers/gl.h:2665:13: note: 'glRotatef' has been explicitly marked deprecated here
 2665 | extern void glRotatef (GLfloat angle, GLfloat x, GLfloat y, GLfloat z) OPENGL_DEPRECATED(10.0, 10.14);
      |             ^
main.cpp:2051:9: warning: 'glTranslatef' is deprecated: first deprecated in macOS 10.14 - OpenGL API deprecated. (Define GL_SILENCE_DEPRECATION to silence these warnings) [-Wdeprecated-declarations]
 2051 |         glTranslatef(0, 1.5f, 14.4f);
      |         ^
/Library/Developer/CommandLineTools/SDKs/MacOSX.sdk/System/Library/Frameworks/OpenGL.framework/Headers/gl.h:2729:13: note: 'glTranslatef' has been explicitly marked deprecated here
 2729 | extern void glTranslatef (GLfloat x, GLfloat y, GLfloat z) OPENGL_DEPRECATED(10.0, 10.14);
      |             ^
main.cpp:2052:9: warning: 'glutSolidSphere' is deprecated: first deprecated in macOS 10.9 - OpenGL API deprecated. (Define GL_SILENCE_DEPRECATION to silence these warnings) [-Wdeprecated-declarations]
 2052 |         glutSolidSphere(4.5, 24, 24);
      |         ^
/Library/Developer/CommandLineTools/SDKs/MacOSX.sdk/System/Library/Frameworks/GLUT.framework/Headers/glut.h:571:22: note: 'glutSolidSphere' has been explicitly marked deprecated here
  571 | extern void APIENTRY glutSolidSphere(GLdouble radius, GLint slices, GLint stacks) OPENGL_DEPRECATED(10_0, 10_9);
      |                      ^
main.cpp:2053:9: warning: 'glPopMatrix' is deprecated: first deprecated in macOS 10.14 - OpenGL API deprecated. (Define GL_SILENCE_DEPRECATION to silence these warnings) [-Wdeprecated-declarations]
 2053 |         glPopMatrix();
      |         ^
/Library/Developer/CommandLineTools/SDKs/MacOSX.sdk/System/Library/Frameworks/OpenGL.framework/Headers/gl.h:2620:13: note: 'glPopMatrix' has been explicitly marked deprecated here
 2620 | extern void glPopMatrix (void) OPENGL_DEPRECATED(10.0, 10.14);
      |             ^
main.cpp:2056:9: warning: 'glPushMatrix' is deprecated: first deprecated in macOS 10.14 - OpenGL API deprecated. (Define GL_SILENCE_DEPRECATION to silence these warnings) [-Wdeprecated-declarations]
 2056 |         glPushMatrix();
      |         ^
/Library/Developer/CommandLineTools/SDKs/MacOSX.sdk/System/Library/Frameworks/OpenGL.framework/Headers/gl.h:2625:13: note: 'glPushMatrix' has been explicitly marked deprecated here
 2625 | extern void glPushMatrix (void) OPENGL_DEPRECATED(10.0, 10.14);
      |             ^
main.cpp:2057:9: warning: 'glRotatef' is deprecated: first deprecated in macOS 10.14 - OpenGL API deprecated. (Define GL_SILENCE_DEPRECATION to silence these warnings) [-Wdeprecated-declarations]
 2057 |         glRotatef(150, 0, 1, 0);
      |         ^
/Library/Developer/CommandLineTools/SDKs/MacOSX.sdk/System/Library/Frameworks/OpenGL.framework/Headers/gl.h:2665:13: note: 'glRotatef' has been explicitly marked deprecated here
 2665 | extern void glRotatef (GLfloat angle, GLfloat x, GLfloat y, GLfloat z) OPENGL_DEPRECATED(10.0, 10.14);
      |             ^
main.cpp:2058:9: warning: 'glTranslatef' is deprecated: first deprecated in macOS 10.14 - OpenGL API deprecated. (Define GL_SILENCE_DEPRECATION to silence these warnings) [-Wdeprecated-declarations]
 2058 |         glTranslatef(0, 3.0f, 13.5f);
      |         ^
/Library/Developer/CommandLineTools/SDKs/MacOSX.sdk/System/Library/Frameworks/OpenGL.framework/Headers/gl.h:2729:13: note: 'glTranslatef' has been explicitly marked deprecated here
 2729 | extern void glTranslatef (GLfloat x, GLfloat y, GLfloat z) OPENGL_DEPRECATED(10.0, 10.14);
      |             ^
main.cpp:2059:9: warning: 'glutSolidSphere' is deprecated: first deprecated in macOS 10.9 - OpenGL API deprecated. (Define GL_SILENCE_DEPRECATION to silence these warnings) [-Wdeprecated-declarations]
 2059 |         glutSolidSphere(6.6, 24, 24);
      |         ^
/Library/Developer/CommandLineTools/SDKs/MacOSX.sdk/System/Library/Frameworks/GLUT.framework/Headers/glut.h:571:22: note: 'glutSolidSphere' has been explicitly marked deprecated here
  571 | extern void APIENTRY glutSolidSphere(GLdouble radius, GLint slices, GLint stacks) OPENGL_DEPRECATED(10_0, 10_9);
      |                      ^
main.cpp:2060:9: warning: 'glPopMatrix' is deprecated: first deprecated in macOS 10.14 - OpenGL API deprecated. (Define GL_SILENCE_DEPRECATION to silence these warnings) [-Wdeprecated-declarations]
 2060 |         glPopMatrix();
      |         ^
/Library/Developer/CommandLineTools/SDKs/MacOSX.sdk/System/Library/Frameworks/OpenGL.framework/Headers/gl.h:2620:13: note: 'glPopMatrix' has been explicitly marked deprecated here
 2620 | extern void glPopMatrix (void) OPENGL_DEPRECATED(10.0, 10.14);
      |             ^
main.cpp:2063:9: warning: 'glPushMatrix' is deprecated: first deprecated in macOS 10.14 - OpenGL API deprecated. (Define GL_SILENCE_DEPRECATION to silence these warnings) [-Wdeprecated-declarations]
 2063 |         glPushMatrix();
      |         ^
/Library/Developer/CommandLineTools/SDKs/MacOSX.sdk/System/Library/Frameworks/OpenGL.framework/Headers/gl.h:2625:13: note: 'glPushMatrix' has been explicitly marked deprecated here
 2625 | extern void glPushMatrix (void) OPENGL_DEPRECATED(10.0, 10.14);
      |             ^
main.cpp:2064:9: warning: 'glRotatef' is deprecated: first deprecated in macOS 10.14 - OpenGL API deprecated. (Define GL_SILENCE_DEPRECATION to silence these warnings) [-Wdeprecated-declarations]
 2064 |         glRotatef(180, 0, 1, 0);
      |         ^
/Library/Developer/CommandLineTools/SDKs/MacOSX.sdk/System/Library/Frameworks/OpenGL.framework/Headers/gl.h:2665:13: note: 'glRotatef' has been explicitly marked deprecated here
 2665 | extern void glRotatef (GLfloat angle, GLfloat x, GLfloat y, GLfloat z) OPENGL_DEPRECATED(10.0, 10.14);
      |             ^
main.cpp:2065:9: warning: 'glTranslatef' is deprecated: first deprecated in macOS 10.14 - OpenGL API deprecated. (Define GL_SILENCE_DEPRECATION to silence these warnings) [-Wdeprecated-declarations]
 2065 |         glTranslatef(0, -4.0f, 14.0f);
      |         ^
/Library/Developer/CommandLineTools/SDKs/MacOSX.sdk/System/Library/Frameworks/OpenGL.framework/Headers/gl.h:2729:13: note: 'glTranslatef' has been explicitly marked deprecated here
 2729 | extern void glTranslatef (GLfloat x, GLfloat y, GLfloat z) OPENGL_DEPRECATED(10.0, 10.14);
      |             ^
main.cpp:2066:9: warning: 'glutSolidSphere' is deprecated: first deprecated in macOS 10.9 - OpenGL API deprecated. (Define GL_SILENCE_DEPRECATION to silence these warnings) [-Wdeprecated-declarations]
 2066 |         glutSolidSphere(3.0, 20, 20);
      |         ^
/Library/Developer/CommandLineTools/SDKs/MacOSX.sdk/System/Library/Frameworks/GLUT.framework/Headers/glut.h:571:22: note: 'glutSolidSphere' has been explicitly marked deprecated here
  571 | extern void APIENTRY glutSolidSphere(GLdouble radius, GLint slices, GLint stacks) OPENGL_DEPRECATED(10_0, 10_9);
      |                      ^
main.cpp:2067:9: warning: 'glPopMatrix' is deprecated: first deprecated in macOS 10.14 - OpenGL API deprecated. (Define GL_SILENCE_DEPRECATION to silence these warnings) [-Wdeprecated-declarations]
 2067 |         glPopMatrix();
      |         ^
/Library/Developer/CommandLineTools/SDKs/MacOSX.sdk/System/Library/Frameworks/OpenGL.framework/Headers/gl.h:2620:13: note: 'glPopMatrix' has been explicitly marked deprecated here
 2620 | extern void glPopMatrix (void) OPENGL_DEPRECATED(10.0, 10.14);
      |             ^
main.cpp:2070:9: warning: 'glColor3f' is deprecated: first deprecated in macOS 10.14 - OpenGL API deprecated. (Define GL_SILENCE_DEPRECATION to silence these warnings) [-Wdeprecated-declarations]
 2070 |         glColor3f(0.95f, 0.98f, 1.0f);
      |         ^
/Library/Developer/CommandLineTools/SDKs/MacOSX.sdk/System/Library/Frameworks/OpenGL.framework/Headers/gl.h:2405:13: note: 'glColor3f' has been explicitly marked deprecated here
 2405 | extern void glColor3f (GLfloat red, GLfloat green, GLfloat blue) OPENGL_DEPRECATED(10.0, 10.14);
      |             ^
main.cpp:2071:9: warning: 'glPushMatrix' is deprecated: first deprecated in macOS 10.14 - OpenGL API deprecated. (Define GL_SILENCE_DEPRECATION to silence these warnings) [-Wdeprecated-declarations]
 2071 |         glPushMatrix();
      |         ^
/Library/Developer/CommandLineTools/SDKs/MacOSX.sdk/System/Library/Frameworks/OpenGL.framework/Headers/gl.h:2625:13: note: 'glPushMatrix' has been explicitly marked deprecated here
 2625 | extern void glPushMatrix (void) OPENGL_DEPRECATED(10.0, 10.14);
      |             ^
main.cpp:2072:9: warning: 'glTranslatef' is deprecated: first deprecated in macOS 10.14 - OpenGL API deprecated. (Define GL_SILENCE_DEPRECATION to silence these warnings) [-Wdeprecated-declarations]
 2072 |         glTranslatef(0, 13.5f, 0);
      |         ^
/Library/Developer/CommandLineTools/SDKs/MacOSX.sdk/System/Library/Frameworks/OpenGL.framework/Headers/gl.h:2729:13: note: 'glTranslatef' has been explicitly marked deprecated here
 2729 | extern void glTranslatef (GLfloat x, GLfloat y, GLfloat z) OPENGL_DEPRECATED(10.0, 10.14);
      |             ^
main.cpp:2073:9: warning: 'glutSolidSphere' is deprecated: first deprecated in macOS 10.9 - OpenGL API deprecated. (Define GL_SILENCE_DEPRECATION to silence these warnings) [-Wdeprecated-declarations]
 2073 |         glutSolidSphere(3.6, 24, 24);
      |         ^
/Library/Developer/CommandLineTools/SDKs/MacOSX.sdk/System/Library/Frameworks/GLUT.framework/Headers/glut.h:571:22: note: 'glutSolidSphere' has been explicitly marked deprecated here
  571 | extern void APIENTRY glutSolidSphere(GLdouble radius, GLint slices, GLint stacks) OPENGL_DEPRECATED(10_0, 10_9);
      |                      ^
main.cpp:2074:9: warning: 'glPopMatrix' is deprecated: first deprecated in macOS 10.14 - OpenGL API deprecated. (Define GL_SILENCE_DEPRECATION to silence these warnings) [-Wdeprecated-declarations]
 2074 |         glPopMatrix();
      |         ^
/Library/Developer/CommandLineTools/SDKs/MacOSX.sdk/System/Library/Frameworks/OpenGL.framework/Headers/gl.h:2620:13: note: 'glPopMatrix' has been explicitly marked deprecated here
 2620 | extern void glPopMatrix (void) OPENGL_DEPRECATED(10.0, 10.14);
      |             ^
main.cpp:2075:9: warning: 'glPushMatrix' is deprecated: first deprecated in macOS 10.14 - OpenGL API deprecated. (Define GL_SILENCE_DEPRECATION to silence these warnings) [-Wdeprecated-declarations]
 2075 |         glPushMatrix();
      |         ^
/Library/Developer/CommandLineTools/SDKs/MacOSX.sdk/System/Library/Frameworks/OpenGL.framework/Headers/gl.h:2625:13: note: 'glPushMatrix' has been explicitly marked deprecated here
 2625 | extern void glPushMatrix (void) OPENGL_DEPRECATED(10.0, 10.14);
      |             ^
main.cpp:2076:9: warning: 'glTranslatef' is deprecated: first deprecated in macOS 10.14 - OpenGL API deprecated. (Define GL_SILENCE_DEPRECATION to silence these warnings) [-Wdeprecated-declarations]
 2076 |         glTranslatef(0, -13.5f, 0);
      |         ^
/Library/Developer/CommandLineTools/SDKs/MacOSX.sdk/System/Library/Frameworks/OpenGL.framework/Headers/gl.h:2729:13: note: 'glTranslatef' has been explicitly marked deprecated here
 2729 | extern void glTranslatef (GLfloat x, GLfloat y, GLfloat z) OPENGL_DEPRECATED(10.0, 10.14);
      |             ^
main.cpp:2077:9: warning: 'glutSolidSphere' is deprecated: first deprecated in macOS 10.9 - OpenGL API deprecated. (Define GL_SILENCE_DEPRECATION to silence these warnings) [-Wdeprecated-declarations]
 2077 |         glutSolidSphere(3.6, 24, 24);
      |         ^
/Library/Developer/CommandLineTools/SDKs/MacOSX.sdk/System/Library/Frameworks/GLUT.framework/Headers/glut.h:571:22: note: 'glutSolidSphere' has been explicitly marked deprecated here
  571 | extern void APIENTRY glutSolidSphere(GLdouble radius, GLint slices, GLint stacks) OPENGL_DEPRECATED(10_0, 10_9);
      |                      ^
main.cpp:2078:9: warning: 'glPopMatrix' is deprecated: first deprecated in macOS 10.14 - OpenGL API deprecated. (Define GL_SILENCE_DEPRECATION to silence these warnings) [-Wdeprecated-declarations]
 2078 |         glPopMatrix();
      |         ^
/Library/Developer/CommandLineTools/SDKs/MacOSX.sdk/System/Library/Frameworks/OpenGL.framework/Headers/gl.h:2620:13: note: 'glPopMatrix' has been explicitly marked deprecated here
 2620 | extern void glPopMatrix (void) OPENGL_DEPRECATED(10.0, 10.14);
      |             ^
main.cpp:2080:9: warning: 'glPopMatrix' is deprecated: first deprecated in macOS 10.14 - OpenGL API deprecated. (Define GL_SILENCE_DEPRECATION to silence these warnings) [-Wdeprecated-declarations]
 2080 |         glPopMatrix(); // End Earth rotation
      |         ^
/Library/Developer/CommandLineTools/SDKs/MacOSX.sdk/System/Library/Frameworks/OpenGL.framework/Headers/gl.h:2620:13: note: 'glPopMatrix' has been explicitly marked deprecated here
 2620 | extern void glPopMatrix (void) OPENGL_DEPRECATED(10.0, 10.14);
      |             ^
main.cpp:2081:9: warning: 'glPopMatrix' is deprecated: first deprecated in macOS 10.14 - OpenGL API deprecated. (Define GL_SILENCE_DEPRECATION to silence these warnings) [-Wdeprecated-declarations]
 2081 |         glPopMatrix(); // End Earth position
      |         ^
/Library/Developer/CommandLineTools/SDKs/MacOSX.sdk/System/Library/Frameworks/OpenGL.framework/Headers/gl.h:2620:13: note: 'glPopMatrix' has been explicitly marked deprecated here
 2620 | extern void glPopMatrix (void) OPENGL_DEPRECATED(10.0, 10.14);
      |             ^
main.cpp:2097:9: warning: 'glPushMatrix' is deprecated: first deprecated in macOS 10.14 - OpenGL API deprecated. (Define GL_SILENCE_DEPRECATION to silence these warnings) [-Wdeprecated-declarations]
 2097 |         glPushMatrix();
      |         ^
/Library/Developer/CommandLineTools/SDKs/MacOSX.sdk/System/Library/Frameworks/OpenGL.framework/Headers/gl.h:2625:13: note: 'glPushMatrix' has been explicitly marked deprecated here
 2625 | extern void glPushMatrix (void) OPENGL_DEPRECATED(10.0, 10.14);
      |             ^
main.cpp:2098:9: warning: 'glTranslatef' is deprecated: first deprecated in macOS 10.14 - OpenGL API deprecated. (Define GL_SILENCE_DEPRECATION to silence these warnings) [-Wdeprecated-declarations]
 2098 |         glTranslatef(pos[0], 20.0f, pos[1]);  // MUCH HIGHER!
      |         ^
/Library/Developer/CommandLineTools/SDKs/MacOSX.sdk/System/Library/Frameworks/OpenGL.framework/Headers/gl.h:2729:13: note: 'glTranslatef' has been explicitly marked deprecated here
 2729 | extern void glTranslatef (GLfloat x, GLfloat y, GLfloat z) OPENGL_DEPRECATED(10.0, 10.14);
      |             ^
main.cpp:2101:9: warning: 'glColor3f' is deprecated: first deprecated in macOS 10.14 - OpenGL API deprecated. (Define GL_SILENCE_DEPRECATION to silence these warnings) [-Wdeprecated-declarations]
 2101 |         glColor3f(0.55f, 0.55f, 0.57f);
      |         ^
/Library/Developer/CommandLineTools/SDKs/MacOSX.sdk/System/Library/Frameworks/OpenGL.framework/Headers/gl.h:2405:13: note: 'glColor3f' has been explicitly marked deprecated here
 2405 | extern void glColor3f (GLfloat red, GLfloat green, GLfloat blue) OPENGL_DEPRECATED(10.0, 10.14);
      |             ^
main.cpp:2102:9: warning: 'glPushMatrix' is deprecated: first deprecated in macOS 10.14 - OpenGL API deprecated. (Define GL_SILENCE_DEPRECATION to silence these warnings) [-Wdeprecated-declarations]
 2102 |         glPushMatrix();
      |         ^
/Library/Developer/CommandLineTools/SDKs/MacOSX.sdk/System/Library/Frameworks/OpenGL.framework/Headers/gl.h:2625:13: note: 'glPushMatrix' has been explicitly marked deprecated here
 2625 | extern void glPushMatrix (void) OPENGL_DEPRECATED(10.0, 10.14);
      |             ^
main.cpp:2103:9: warning: 'glTranslatef' is deprecated: first deprecated in macOS 10.14 - OpenGL API deprecated. (Define GL_SILENCE_DEPRECATION to silence these warnings) [-Wdeprecated-declarations]
 2103 |         glTranslatef(0, -15.0f, 0);
      |         ^
/Library/Developer/CommandLineTools/SDKs/MacOSX.sdk/System/Library/Frameworks/OpenGL.framework/Headers/gl.h:2729:13: note: 'glTranslatef' has been explicitly marked deprecated here
 2729 | extern void glTranslatef (GLfloat x, GLfloat y, GLfloat z) OPENGL_DEPRECATED(10.0, 10.14);
      |             ^
main.cpp:2104:9: warning: 'glScalef' is deprecated: first deprecated in macOS 10.14 - OpenGL API deprecated. (Define GL_SILENCE_DEPRECATION to silence these warnings) [-Wdeprecated-declarations]
 2104 |         glScalef(1.5f, 1.0f, 1.5f);
      |         ^
/Library/Developer/CommandLineTools/SDKs/MacOSX.sdk/System/Library/Frameworks/OpenGL.framework/Headers/gl.h:2667:13: note: 'glScalef' has been explicitly marked deprecated here
 2667 | extern void glScalef (GLfloat x, GLfloat y, GLfloat z) OPENGL_DEPRECATED(10.0, 10.14);
      |             ^
main.cpp:2105:9: warning: 'glutSolidCube' is deprecated: first deprecated in macOS 10.9 - OpenGL API deprecated. (Define GL_SILENCE_DEPRECATION to silence these warnings) [-Wdeprecated-declarations]
 2105 |         glutSolidCube(18.0f);  // TRIPLED size
      |         ^
/Library/Developer/CommandLineTools/SDKs/MacOSX.sdk/System/Library/Frameworks/GLUT.framework/Headers/glut.h:575:22: note: 'glutSolidCube' has been explicitly marked deprecated here
  575 | extern void APIENTRY glutSolidCube(GLdouble size) OPENGL_DEPRECATED(10_0, 10_9);
      |                      ^
main.cpp:2106:9: warning: 'glPopMatrix' is deprecated: first deprecated in macOS 10.14 - OpenGL API deprecated. (Define GL_SILENCE_DEPRECATION to silence these warnings) [-Wdeprecated-declarations]
 2106 |         glPopMatrix();
      |         ^
/Library/Developer/CommandLineTools/SDKs/MacOSX.sdk/System/Library/Frameworks/OpenGL.framework/Headers/gl.h:2620:13: note: 'glPopMatrix' has been explicitly marked deprecated here
 2620 | extern void glPopMatrix (void) OPENGL_DEPRECATED(10.0, 10.14);
      |             ^
main.cpp:2109:9: warning: 'glPushMatrix' is deprecated: first deprecated in macOS 10.14 - OpenGL API deprecated. (Define GL_SILENCE_DEPRECATION to silence these warnings) [-Wdeprecated-declarations]
 2109 |         glPushMatrix();
      |         ^
/Library/Developer/CommandLineTools/SDKs/MacOSX.sdk/System/Library/Frameworks/OpenGL.framework/Headers/gl.h:2625:13: note: 'glPushMatrix' has been explicitly marked deprecated here
 2625 | extern void glPushMatrix (void) OPENGL_DEPRECATED(10.0, 10.14);
      |             ^
main.cpp:2110:9: warning: 'glRotatef' is deprecated: first deprecated in macOS 10.14 - OpenGL API deprecated. (Define GL_SILENCE_DEPRECATION to silence these warnings) [-Wdeprecated-declarations]
 2110 |         glRotatef(45, 0, 0, 1); // Diamond orientation
      |         ^
/Library/Developer/CommandLineTools/SDKs/MacOSX.sdk/System/Library/Frameworks/OpenGL.framework/Headers/gl.h:2665:13: note: 'glRotatef' has been explicitly marked deprecated here
 2665 | extern void glRotatef (GLfloat angle, GLfloat x, GLfloat y, GLfloat z) OPENGL_DEPRECATED(10.0, 10.14);
      |             ^
main.cpp:2113:9: warning: 'glColor3f' is deprecated: first deprecated in macOS 10.14 - OpenGL API deprecated. (Define GL_SILENCE_DEPRECATION to silence these warnings) [-Wdeprecated-declarations]
 2113 |         glColor3f(0.95f, 0.15f, 0.15f);
      |         ^
/Library/Developer/CommandLineTools/SDKs/MacOSX.sdk/System/Library/Frameworks/OpenGL.framework/Headers/gl.h:2405:13: note: 'glColor3f' has been explicitly marked deprecated here
 2405 | extern void glColor3f (GLfloat red, GLfloat green, GLfloat blue) OPENGL_DEPRECATED(10.0, 10.14);
      |             ^
main.cpp:2114:9: warning: 'glPushMatrix' is deprecated: first deprecated in macOS 10.14 - OpenGL API deprecated. (Define GL_SILENCE_DEPRECATION to silence these warnings) [-Wdeprecated-declarations]
 2114 |         glPushMatrix();
      |         ^
/Library/Developer/CommandLineTools/SDKs/MacOSX.sdk/System/Library/Frameworks/OpenGL.framework/Headers/gl.h:2625:13: note: 'glPushMatrix' has been explicitly marked deprecated here
 2625 | extern void glPushMatrix (void) OPENGL_DEPRECATED(10.0, 10.14);
      |             ^
main.cpp:2115:9: warning: 'glScalef' is deprecated: first deprecated in macOS 10.14 - OpenGL API deprecated. (Define GL_SILENCE_DEPRECATION to silence these warnings) [-Wdeprecated-declarations]
 2115 |         glScalef(15.0f, 19.5f, 2.4f);  // TRIPLED!
      |         ^
/Library/Developer/CommandLineTools/SDKs/MacOSX.sdk/System/Library/Frameworks/OpenGL.framework/Headers/gl.h:2667:13: note: 'glScalef' has been explicitly marked deprecated here
 2667 | extern void glScalef (GLfloat x, GLfloat y, GLfloat z) OPENGL_DEPRECATED(10.0, 10.14);
      |             ^
main.cpp:2116:9: warning: 'glutSolidCube' is deprecated: first deprecated in macOS 10.9 - OpenGL API deprecated. (Define GL_SILENCE_DEPRECATION to silence these warnings) [-Wdeprecated-declarations]
 2116 |         glutSolidCube(1.0f);
      |         ^
/Library/Developer/CommandLineTools/SDKs/MacOSX.sdk/System/Library/Frameworks/GLUT.framework/Headers/glut.h:575:22: note: 'glutSolidCube' has been explicitly marked deprecated here
  575 | extern void APIENTRY glutSolidCube(GLdouble size) OPENGL_DEPRECATED(10_0, 10_9);
      |                      ^
main.cpp:2117:9: warning: 'glPopMatrix' is deprecated: first deprecated in macOS 10.14 - OpenGL API deprecated. (Define GL_SILENCE_DEPRECATION to silence these warnings) [-Wdeprecated-declarations]
 2117 |         glPopMatrix();
      |         ^
/Library/Developer/CommandLineTools/SDKs/MacOSX.sdk/System/Library/Frameworks/OpenGL.framework/Headers/gl.h:2620:13: note: 'glPopMatrix' has been explicitly marked deprecated here
 2620 | extern void glPopMatrix (void) OPENGL_DEPRECATED(10.0, 10.14);
      |             ^
main.cpp:2120:9: warning: 'glColor3f' is deprecated: first deprecated in macOS 10.14 - OpenGL API deprecated. (Define GL_SILENCE_DEPRECATION to silence these warnings) [-Wdeprecated-declarations]
 2120 |         glColor3f(1.0f, 0.9f, 0.0f);
      |         ^
/Library/Developer/CommandLineTools/SDKs/MacOSX.sdk/System/Library/Frameworks/OpenGL.framework/Headers/gl.h:2405:13: note: 'glColor3f' has been explicitly marked deprecated here
 2405 | extern void glColor3f (GLfloat red, GLfloat green, GLfloat blue) OPENGL_DEPRECATED(10.0, 10.14);
      |             ^
main.cpp:2121:9: warning: 'glPushMatrix' is deprecated: first deprecated in macOS 10.14 - OpenGL API deprecated. (Define GL_SILENCE_DEPRECATION to silence these warnings) [-Wdeprecated-declarations]
 2121 |         glPushMatrix();
      |         ^
/Library/Developer/CommandLineTools/SDKs/MacOSX.sdk/System/Library/Frameworks/OpenGL.framework/Headers/gl.h:2625:13: note: 'glPushMatrix' has been explicitly marked deprecated here
 2625 | extern void glPushMatrix (void) OPENGL_DEPRECATED(10.0, 10.14);
      |             ^
main.cpp:2122:9: warning: 'glScalef' is deprecated: first deprecated in macOS 10.14 - OpenGL API deprecated. (Define GL_SILENCE_DEPRECATION to silence these warnings) [-Wdeprecated-declarations]
 2122 |         glScalef(15.9f, 20.4f, 2.1f);
      |         ^
/Library/Developer/CommandLineTools/SDKs/MacOSX.sdk/System/Library/Frameworks/OpenGL.framework/Headers/gl.h:2667:13: note: 'glScalef' has been explicitly marked deprecated here
 2667 | extern void glScalef (GLfloat x, GLfloat y, GLfloat z) OPENGL_DEPRECATED(10.0, 10.14);
      |             ^
main.cpp:2123:9: warning: 'glutWireCube' is deprecated: first deprecated in macOS 10.9 - OpenGL API deprecated. (Define GL_SILENCE_DEPRECATION to silence these warnings) [-Wdeprecated-declarations]
 2123 |         glutWireCube(1.0f);
      |         ^
/Library/Developer/CommandLineTools/SDKs/MacOSX.sdk/System/Library/Frameworks/GLUT.framework/Headers/glut.h:574:22: note: 'glutWireCube' has been explicitly marked deprecated here
  574 | extern void APIENTRY glutWireCube(GLdouble size) OPENGL_DEPRECATED(10_0, 10_9);
      |                      ^
main.cpp:2124:9: warning: 'glPopMatrix' is deprecated: first deprecated in macOS 10.14 - OpenGL API deprecated. (Define GL_SILENCE_DEPRECATION to silence these warnings) [-Wdeprecated-declarations]
 2124 |         glPopMatrix();
      |         ^
/Library/Developer/CommandLineTools/SDKs/MacOSX.sdk/System/Library/Frameworks/OpenGL.framework/Headers/gl.h:2620:13: note: 'glPopMatrix' has been explicitly marked deprecated here
 2620 | extern void glPopMatrix (void) OPENGL_DEPRECATED(10.0, 10.14);
      |             ^
main.cpp:2125:9: warning: 'glPushMatrix' is deprecated: first deprecated in macOS 10.14 - OpenGL API deprecated. (Define GL_SILENCE_DEPRECATION to silence these warnings) [-Wdeprecated-declarations]
 2125 |         glPushMatrix();
      |         ^
/Library/Developer/CommandLineTools/SDKs/MacOSX.sdk/System/Library/Frameworks/OpenGL.framework/Headers/gl.h:2625:13: note: 'glPushMatrix' has been explicitly marked deprecated here
 2625 | extern void glPushMatrix (void) OPENGL_DEPRECATED(10.0, 10.14);
      |             ^
main.cpp:2126:9: warning: 'glScalef' is deprecated: first deprecated in macOS 10.14 - OpenGL API deprecated. (Define GL_SILENCE_DEPRECATION to silence these warnings) [-Wdeprecated-declarations]
 2126 |         glScalef(15.6f, 20.1f, 2.1f);
      |         ^
/Library/Developer/CommandLineTools/SDKs/MacOSX.sdk/System/Library/Frameworks/OpenGL.framework/Headers/gl.h:2667:13: note: 'glScalef' has been explicitly marked deprecated here
 2667 | extern void glScalef (GLfloat x, GLfloat y, GLfloat z) OPENGL_DEPRECATED(10.0, 10.14);
      |             ^
main.cpp:2127:9: warning: 'glutWireCube' is deprecated: first deprecated in macOS 10.9 - OpenGL API deprecated. (Define GL_SILENCE_DEPRECATION to silence these warnings) [-Wdeprecated-declarations]
 2127 |         glutWireCube(1.0f);
      |         ^
/Library/Developer/CommandLineTools/SDKs/MacOSX.sdk/System/Library/Frameworks/GLUT.framework/Headers/glut.h:574:22: note: 'glutWireCube' has been explicitly marked deprecated here
  574 | extern void APIENTRY glutWireCube(GLdouble size) OPENGL_DEPRECATED(10_0, 10_9);
      |                      ^
main.cpp:2128:9: warning: 'glPopMatrix' is deprecated: first deprecated in macOS 10.14 - OpenGL API deprecated. (Define GL_SILENCE_DEPRECATION to silence these warnings) [-Wdeprecated-declarations]
 2128 |         glPopMatrix();
      |         ^
/Library/Developer/CommandLineTools/SDKs/MacOSX.sdk/System/Library/Frameworks/OpenGL.framework/Headers/gl.h:2620:13: note: 'glPopMatrix' has been explicitly marked deprecated here
 2620 | extern void glPopMatrix (void) OPENGL_DEPRECATED(10.0, 10.14);
      |             ^
main.cpp:2129:9: warning: 'glPushMatrix' is deprecated: first deprecated in macOS 10.14 - OpenGL API deprecated. (Define GL_SILENCE_DEPRECATION to silence these warnings) [-Wdeprecated-declarations]
 2129 |         glPushMatrix();
      |         ^
/Library/Developer/CommandLineTools/SDKs/MacOSX.sdk/System/Library/Frameworks/OpenGL.framework/Headers/gl.h:2625:13: note: 'glPushMatrix' has been explicitly marked deprecated here
 2625 | extern void glPushMatrix (void) OPENGL_DEPRECATED(10.0, 10.14);
      |             ^
main.cpp:2130:9: warning: 'glScalef' is deprecated: first deprecated in macOS 10.14 - OpenGL API deprecated. (Define GL_SILENCE_DEPRECATION to silence these warnings) [-Wdeprecated-declarations]
 2130 |         glScalef(15.3f, 19.8f, 2.1f);
      |         ^
/Library/Developer/CommandLineTools/SDKs/MacOSX.sdk/System/Library/Frameworks/OpenGL.framework/Headers/gl.h:2667:13: note: 'glScalef' has been explicitly marked deprecated here
 2667 | extern void glScalef (GLfloat x, GLfloat y, GLfloat z) OPENGL_DEPRECATED(10.0, 10.14);
      |             ^
main.cpp:2131:9: warning: 'glutWireCube' is deprecated: first deprecated in macOS 10.9 - OpenGL API deprecated. (Define GL_SILENCE_DEPRECATION to silence these warnings) [-Wdeprecated-declarations]
 2131 |         glutWireCube(1.0f);
      |         ^
/Library/Developer/CommandLineTools/SDKs/MacOSX.sdk/System/Library/Frameworks/GLUT.framework/Headers/glut.h:574:22: note: 'glutWireCube' has been explicitly marked deprecated here
  574 | extern void APIENTRY glutWireCube(GLdouble size) OPENGL_DEPRECATED(10_0, 10_9);
      |                      ^
main.cpp:2132:9: warning: 'glPopMatrix' is deprecated: first deprecated in macOS 10.14 - OpenGL API deprecated. (Define GL_SILENCE_DEPRECATION to silence these warnings) [-Wdeprecated-declarations]
 2132 |         glPopMatrix();
      |         ^
/Library/Developer/CommandLineTools/SDKs/MacOSX.sdk/System/Library/Frameworks/OpenGL.framework/Headers/gl.h:2620:13: note: 'glPopMatrix' has been explicitly marked deprecated here
 2620 | extern void glPopMatrix (void) OPENGL_DEPRECATED(10.0, 10.14);
      |             ^
main.cpp:2134:9: warning: 'glPopMatrix' is deprecated: first deprecated in macOS 10.14 - OpenGL API deprecated. (Define GL_SILENCE_DEPRECATION to silence these warnings) [-Wdeprecated-declarations]
 2134 |         glPopMatrix(); // End diamond rotation
      |         ^
/Library/Developer/CommandLineTools/SDKs/MacOSX.sdk/System/Library/Frameworks/OpenGL.framework/Headers/gl.h:2620:13: note: 'glPopMatrix' has been explicitly marked deprecated here
 2620 | extern void glPopMatrix (void) OPENGL_DEPRECATED(10.0, 10.14);
      |             ^
main.cpp:2137:9: warning: 'glColor3f' is deprecated: first deprecated in macOS 10.14 - OpenGL API deprecated. (Define GL_SILENCE_DEPRECATION to silence these warnings) [-Wdeprecated-declarations]
 2137 |         glColor3f(1.0f, 0.9f, 0.0f);
      |         ^
/Library/Developer/CommandLineTools/SDKs/MacOSX.sdk/System/Library/Frameworks/OpenGL.framework/Headers/gl.h:2405:13: note: 'glColor3f' has been explicitly marked deprecated here
 2405 | extern void glColor3f (GLfloat red, GLfloat green, GLfloat blue) OPENGL_DEPRECATED(10.0, 10.14);
      |             ^
main.cpp:2140:9: warning: 'glPushMatrix' is deprecated: first deprecated in macOS 10.14 - OpenGL API deprecated. (Define GL_SILENCE_DEPRECATION to silence these warnings) [-Wdeprecated-declarations]
 2140 |         glPushMatrix();
      |         ^
/Library/Developer/CommandLineTools/SDKs/MacOSX.sdk/System/Library/Frameworks/OpenGL.framework/Headers/gl.h:2625:13: note: 'glPushMatrix' has been explicitly marked deprecated here
 2625 | extern void glPushMatrix (void) OPENGL_DEPRECATED(10.0, 10.14);
      |             ^
main.cpp:2141:9: warning: 'glTranslatef' is deprecated: first deprecated in macOS 10.14 - OpenGL API deprecated. (Define GL_SILENCE_DEPRECATION to silence these warnings) [-Wdeprecated-declarations]
 2141 |         glTranslatef(0, 4.5f, 1.5f);
      |         ^
/Library/Developer/CommandLineTools/SDKs/MacOSX.sdk/System/Library/Frameworks/OpenGL.framework/Headers/gl.h:2729:13: note: 'glTranslatef' has been explicitly marked deprecated here
 2729 | extern void glTranslatef (GLfloat x, GLfloat y, GLfloat z) OPENGL_DEPRECATED(10.0, 10.14);
      |             ^
main.cpp:2142:9: warning: 'glScalef' is deprecated: first deprecated in macOS 10.14 - OpenGL API deprecated. (Define GL_SILENCE_DEPRECATION to silence these warnings) [-Wdeprecated-declarations]
 2142 |         glScalef(6.0f, 2.4f, 0.9f);
      |         ^
/Library/Developer/CommandLineTools/SDKs/MacOSX.sdk/System/Library/Frameworks/OpenGL.framework/Headers/gl.h:2667:13: note: 'glScalef' has been explicitly marked deprecated here
 2667 | extern void glScalef (GLfloat x, GLfloat y, GLfloat z) OPENGL_DEPRECATED(10.0, 10.14);
      |             ^
main.cpp:2143:9: warning: 'glutSolidSphere' is deprecated: first deprecated in macOS 10.9 - OpenGL API deprecated. (Define GL_SILENCE_DEPRECATION to silence these warnings) [-Wdeprecated-declarations]
 2143 |         glutSolidSphere(1.0, 16, 16);
      |         ^
/Library/Developer/CommandLineTools/SDKs/MacOSX.sdk/System/Library/Frameworks/GLUT.framework/Headers/glut.h:571:22: note: 'glutSolidSphere' has been explicitly marked deprecated here
  571 | extern void APIENTRY glutSolidSphere(GLdouble radius, GLint slices, GLint stacks) OPENGL_DEPRECATED(10_0, 10_9);
      |                      ^
main.cpp:2144:9: warning: 'glPopMatrix' is deprecated: first deprecated in macOS 10.14 - OpenGL API deprecated. (Define GL_SILENCE_DEPRECATION to silence these warnings) [-Wdeprecated-declarations]
 2144 |         glPopMatrix();
      |         ^
/Library/Developer/CommandLineTools/SDKs/MacOSX.sdk/System/Library/Frameworks/OpenGL.framework/Headers/gl.h:2620:13: note: 'glPopMatrix' has been explicitly marked deprecated here
 2620 | extern void glPopMatrix (void) OPENGL_DEPRECATED(10.0, 10.14);
      |             ^
main.cpp:2147:9: warning: 'glPushMatrix' is deprecated: first deprecated in macOS 10.14 - OpenGL API deprecated. (Define GL_SILENCE_DEPRECATION to silence these warnings) [-Wdeprecated-declarations]
 2147 |         glPushMatrix();
      |         ^
/Library/Developer/CommandLineTools/SDKs/MacOSX.sdk/System/Library/Frameworks/OpenGL.framework/Headers/gl.h:2625:13: note: 'glPushMatrix' has been explicitly marked deprecated here
 2625 | extern void glPushMatrix (void) OPENGL_DEPRECATED(10.0, 10.14);
      |             ^
main.cpp:2148:9: warning: 'glTranslatef' is deprecated: first deprecated in macOS 10.14 - OpenGL API deprecated. (Define GL_SILENCE_DEPRECATION to silence these warnings) [-Wdeprecated-declarations]
 2148 |         glTranslatef(0, 0.0f, 1.5f);
      |         ^
/Library/Developer/CommandLineTools/SDKs/MacOSX.sdk/System/Library/Frameworks/OpenGL.framework/Headers/gl.h:2729:13: note: 'glTranslatef' has been explicitly marked deprecated here
 2729 | extern void glTranslatef (GLfloat x, GLfloat y, GLfloat z) OPENGL_DEPRECATED(10.0, 10.14);
      |             ^
main.cpp:2149:9: warning: 'glScalef' is deprecated: first deprecated in macOS 10.14 - OpenGL API deprecated. (Define GL_SILENCE_DEPRECATION to silence these warnings) [-Wdeprecated-declarations]
 2149 |         glScalef(7.5f, 2.1f, 0.9f);
      |         ^
/Library/Developer/CommandLineTools/SDKs/MacOSX.sdk/System/Library/Frameworks/OpenGL.framework/Headers/gl.h:2667:13: note: 'glScalef' has been explicitly marked deprecated here
 2667 | extern void glScalef (GLfloat x, GLfloat y, GLfloat z) OPENGL_DEPRECATED(10.0, 10.14);
      |             ^
main.cpp:2150:9: warning: 'glutSolidCube' is deprecated: first deprecated in macOS 10.9 - OpenGL API deprecated. (Define GL_SILENCE_DEPRECATION to silence these warnings) [-Wdeprecated-declarations]
 2150 |         glutSolidCube(1.0);
      |         ^
/Library/Developer/CommandLineTools/SDKs/MacOSX.sdk/System/Library/Frameworks/GLUT.framework/Headers/glut.h:575:22: note: 'glutSolidCube' has been explicitly marked deprecated here
  575 | extern void APIENTRY glutSolidCube(GLdouble size) OPENGL_DEPRECATED(10_0, 10_9);
      |                      ^
main.cpp:2151:9: warning: 'glPopMatrix' is deprecated: first deprecated in macOS 10.14 - OpenGL API deprecated. (Define GL_SILENCE_DEPRECATION to silence these warnings) [-Wdeprecated-declarations]
 2151 |         glPopMatrix();
      |         ^
/Library/Developer/CommandLineTools/SDKs/MacOSX.sdk/System/Library/Frameworks/OpenGL.framework/Headers/gl.h:2620:13: note: 'glPopMatrix' has been explicitly marked deprecated here
 2620 | extern void glPopMatrix (void) OPENGL_DEPRECATED(10.0, 10.14);
      |             ^
main.cpp:2154:9: warning: 'glPushMatrix' is deprecated: first deprecated in macOS 10.14 - OpenGL API deprecated. (Define GL_SILENCE_DEPRECATION to silence these warnings) [-Wdeprecated-declarations]
 2154 |         glPushMatrix();
      |         ^
/Library/Developer/CommandLineTools/SDKs/MacOSX.sdk/System/Library/Frameworks/OpenGL.framework/Headers/gl.h:2625:13: note: 'glPushMatrix' has been explicitly marked deprecated here
 2625 | extern void glPushMatrix (void) OPENGL_DEPRECATED(10.0, 10.14);
      |             ^
main.cpp:2155:9: warning: 'glTranslatef' is deprecated: first deprecated in macOS 10.14 - OpenGL API deprecated. (Define GL_SILENCE_DEPRECATION to silence these warnings) [-Wdeprecated-declarations]
 2155 |         glTranslatef(0, -4.5f, 1.5f);
      |         ^
/Library/Developer/CommandLineTools/SDKs/MacOSX.sdk/System/Library/Frameworks/OpenGL.framework/Headers/gl.h:2729:13: note: 'glTranslatef' has been explicitly marked deprecated here
 2729 | extern void glTranslatef (GLfloat x, GLfloat y, GLfloat z) OPENGL_DEPRECATED(10.0, 10.14);
      |             ^
main.cpp:2156:9: warning: 'glScalef' is deprecated: first deprecated in macOS 10.14 - OpenGL API deprecated. (Define GL_SILENCE_DEPRECATION to silence these warnings) [-Wdeprecated-declarations]
 2156 |         glScalef(6.0f, 2.4f, 0.9f);
      |         ^
/Library/Developer/CommandLineTools/SDKs/MacOSX.sdk/System/Library/Frameworks/OpenGL.framework/Headers/gl.h:2667:13: note: 'glScalef' has been explicitly marked deprecated here
 2667 | extern void glScalef (GLfloat x, GLfloat y, GLfloat z) OPENGL_DEPRECATED(10.0, 10.14);
      |             ^
main.cpp:2157:9: warning: 'glutSolidSphere' is deprecated: first deprecated in macOS 10.9 - OpenGL API deprecated. (Define GL_SILENCE_DEPRECATION to silence these warnings) [-Wdeprecated-declarations]
 2157 |         glutSolidSphere(1.0, 16, 16);
      |         ^
/Library/Developer/CommandLineTools/SDKs/MacOSX.sdk/System/Library/Frameworks/GLUT.framework/Headers/glut.h:571:22: note: 'glutSolidSphere' has been explicitly marked deprecated here
  571 | extern void APIENTRY glutSolidSphere(GLdouble radius, GLint slices, GLint stacks) OPENGL_DEPRECATED(10_0, 10_9);
      |                      ^
main.cpp:2158:9: warning: 'glPopMatrix' is deprecated: first deprecated in macOS 10.14 - OpenGL API deprecated. (Define GL_SILENCE_DEPRECATION to silence these warnings) [-Wdeprecated-declarations]
 2158 |         glPopMatrix();
      |         ^
/Library/Developer/CommandLineTools/SDKs/MacOSX.sdk/System/Library/Frameworks/OpenGL.framework/Headers/gl.h:2620:13: note: 'glPopMatrix' has been explicitly marked deprecated here
 2620 | extern void glPopMatrix (void) OPENGL_DEPRECATED(10.0, 10.14);
      |             ^
main.cpp:2160:9: warning: 'glPopMatrix' is deprecated: first deprecated in macOS 10.14 - OpenGL API deprecated. (Define GL_SILENCE_DEPRECATION to silence these warnings) [-Wdeprecated-declarations]
 2160 |         glPopMatrix(); // End Superman logo
      |         ^
/Library/Developer/CommandLineTools/SDKs/MacOSX.sdk/System/Library/Frameworks/OpenGL.framework/Headers/gl.h:2620:13: note: 'glPopMatrix' has been explicitly marked deprecated here
 2620 | extern void glPopMatrix (void) OPENGL_DEPRECATED(10.0, 10.14);
      |             ^
main.cpp:2180:9: warning: 'glPushMatrix' is deprecated: first deprecated in macOS 10.14 - OpenGL API deprecated. (Define GL_SILENCE_DEPRECATION to silence these warnings) [-Wdeprecated-declarations]
 2180 |         glPushMatrix();
      |         ^
/Library/Developer/CommandLineTools/SDKs/MacOSX.sdk/System/Library/Frameworks/OpenGL.framework/Headers/gl.h:2625:13: note: 'glPushMatrix' has been explicitly marked deprecated here
 2625 | extern void glPushMatrix (void) OPENGL_DEPRECATED(10.0, 10.14);
      |             ^
main.cpp:2181:9: warning: 'glTranslatef' is deprecated: first deprecated in macOS 10.14 - OpenGL API deprecated. (Define GL_SILENCE_DEPRECATION to silence these warnings) [-Wdeprecated-declarations]
 2181 |         glTranslatef(pos[0], 0, pos[1]);
      |         ^
/Library/Developer/CommandLineTools/SDKs/MacOSX.sdk/System/Library/Frameworks/OpenGL.framework/Headers/gl.h:2729:13: note: 'glTranslatef' has been explicitly marked deprecated here
 2729 | extern void glTranslatef (GLfloat x, GLfloat y, GLfloat z) OPENGL_DEPRECATED(10.0, 10.14);
      |             ^
main.cpp:2184:9: warning: 'glColor3f' is deprecated: first deprecated in macOS 10.14 - OpenGL API deprecated. (Define GL_SILENCE_DEPRECATION to silence these warnings) [-Wdeprecated-declarations]
 2184 |         glColor3f(0.35f, 0.35f, 0.38f);
      |         ^
/Library/Developer/CommandLineTools/SDKs/MacOSX.sdk/System/Library/Frameworks/OpenGL.framework/Headers/gl.h:2405:13: note: 'glColor3f' has been explicitly marked deprecated here
 2405 | extern void glColor3f (GLfloat red, GLfloat green, GLfloat blue) OPENGL_DEPRECATED(10.0, 10.14);
      |             ^
main.cpp:2185:9: warning: 'glPushMatrix' is deprecated: first deprecated in macOS 10.14 - OpenGL API deprecated. (Define GL_SILENCE_DEPRECATION to silence these warnings) [-Wdeprecated-declarations]
 2185 |         glPushMatrix();
      |         ^
/Library/Developer/CommandLineTools/SDKs/MacOSX.sdk/System/Library/Frameworks/OpenGL.framework/Headers/gl.h:2625:13: note: 'glPushMatrix' has been explicitly marked deprecated here
 2625 | extern void glPushMatrix (void) OPENGL_DEPRECATED(10.0, 10.14);
      |             ^
main.cpp:2186:9: warning: 'glTranslatef' is deprecated: first deprecated in macOS 10.14 - OpenGL API deprecated. (Define GL_SILENCE_DEPRECATION to silence these warnings) [-Wdeprecated-declarations]
 2186 |         glTranslatef(0, 1.5f, 0);
      |         ^
/Library/Developer/CommandLineTools/SDKs/MacOSX.sdk/System/Library/Frameworks/OpenGL.framework/Headers/gl.h:2729:13: note: 'glTranslatef' has been explicitly marked deprecated here
 2729 | extern void glTranslatef (GLfloat x, GLfloat y, GLfloat z) OPENGL_DEPRECATED(10.0, 10.14);
      |             ^
main.cpp:2187:9: warning: 'glScalef' is deprecated: first deprecated in macOS 10.14 - OpenGL API deprecated. (Define GL_SILENCE_DEPRECATION to silence these warnings) [-Wdeprecated-declarations]
 2187 |         glScalef(1.5f, 0.4f, 1.5f);
      |         ^
/Library/Developer/CommandLineTools/SDKs/MacOSX.sdk/System/Library/Frameworks/OpenGL.framework/Headers/gl.h:2667:13: note: 'glScalef' has been explicitly marked deprecated here
 2667 | extern void glScalef (GLfloat x, GLfloat y, GLfloat z) OPENGL_DEPRECATED(10.0, 10.14);
      |             ^
main.cpp:2188:9: warning: 'glutSolidCube' is deprecated: first deprecated in macOS 10.9 - OpenGL API deprecated. (Define GL_SILENCE_DEPRECATION to silence these warnings) [-Wdeprecated-declarations]
 2188 |         glutSolidCube(18.0f);  // TRIPLED size
      |         ^
/Library/Developer/CommandLineTools/SDKs/MacOSX.sdk/System/Library/Frameworks/GLUT.framework/Headers/glut.h:575:22: note: 'glutSolidCube' has been explicitly marked deprecated here
  575 | extern void APIENTRY glutSolidCube(GLdouble size) OPENGL_DEPRECATED(10_0, 10_9);
      |                      ^
main.cpp:2189:9: warning: 'glPopMatrix' is deprecated: first deprecated in macOS 10.14 - OpenGL API deprecated. (Define GL_SILENCE_DEPRECATION to silence these warnings) [-Wdeprecated-declarations]
 2189 |         glPopMatrix();
      |         ^
/Library/Developer/CommandLineTools/SDKs/MacOSX.sdk/System/Library/Frameworks/OpenGL.framework/Headers/gl.h:2620:13: note: 'glPopMatrix' has been explicitly marked deprecated here
 2620 | extern void glPopMatrix (void) OPENGL_DEPRECATED(10.0, 10.14);
      |             ^
main.cpp:2192:9: warning: 'glColor3f' is deprecated: first deprecated in macOS 10.14 - OpenGL API deprecated. (Define GL_SILENCE_DEPRECATION to silence these warnings) [-Wdeprecated-declarations]
 2192 |         glColor3f(0.78f, 0.75f, 0.71f);
      |         ^
/Library/Developer/CommandLineTools/SDKs/MacOSX.sdk/System/Library/Frameworks/OpenGL.framework/Headers/gl.h:2405:13: note: 'glColor3f' has been explicitly marked deprecated here
 2405 | extern void glColor3f (GLfloat red, GLfloat green, GLfloat blue) OPENGL_DEPRECATED(10.0, 10.14);
      |             ^
main.cpp:2193:9: warning: 'glPushMatrix' is deprecated: first deprecated in macOS 10.14 - OpenGL API deprecated. (Define GL_SILENCE_DEPRECATION to silence these warnings) [-Wdeprecated-declarations]
 2193 |         glPushMatrix();
      |         ^
/Library/Developer/CommandLineTools/SDKs/MacOSX.sdk/System/Library/Frameworks/OpenGL.framework/Headers/gl.h:2625:13: note: 'glPushMatrix' has been explicitly marked deprecated here
 2625 | extern void glPushMatrix (void) OPENGL_DEPRECATED(10.0, 10.14);
      |             ^
main.cpp:2194:9: warning: 'glTranslatef' is deprecated: first deprecated in macOS 10.14 - OpenGL API deprecated. (Define GL_SILENCE_DEPRECATION to silence these warnings) [-Wdeprecated-declarations]
 2194 |         glTranslatef(0, 30.0f, 0);  // 30 units up!
      |         ^
/Library/Developer/CommandLineTools/SDKs/MacOSX.sdk/System/Library/Frameworks/OpenGL.framework/Headers/gl.h:2729:13: note: 'glTranslatef' has been explicitly marked deprecated here
 2729 | extern void glTranslatef (GLfloat x, GLfloat y, GLfloat z) OPENGL_DEPRECATED(10.0, 10.14);
      |             ^
main.cpp:2195:9: warning: 'glScalef' is deprecated: first deprecated in macOS 10.14 - OpenGL API deprecated. (Define GL_SILENCE_DEPRECATION to silence these warnings) [-Wdeprecated-declarations]
 2195 |         glScalef(1.5f, 27.0f, 1.5f);  // 54 units tall total!
      |         ^
/Library/Developer/CommandLineTools/SDKs/MacOSX.sdk/System/Library/Frameworks/OpenGL.framework/Headers/gl.h:2667:13: note: 'glScalef' has been explicitly marked deprecated here
 2667 | extern void glScalef (GLfloat x, GLfloat y, GLfloat z) OPENGL_DEPRECATED(10.0, 10.14);
      |             ^
main.cpp:2196:9: warning: 'glutSolidCube' is deprecated: first deprecated in macOS 10.9 - OpenGL API deprecated. (Define GL_SILENCE_DEPRECATION to silence these warnings) [-Wdeprecated-declarations]
 2196 |         glutSolidCube(2.0f);
      |         ^
/Library/Developer/CommandLineTools/SDKs/MacOSX.sdk/System/Library/Frameworks/GLUT.framework/Headers/glut.h:575:22: note: 'glutSolidCube' has been explicitly marked deprecated here
  575 | extern void APIENTRY glutSolidCube(GLdouble size) OPENGL_DEPRECATED(10_0, 10_9);
      |                      ^
main.cpp:2197:9: warning: 'glPopMatrix' is deprecated: first deprecated in macOS 10.14 - OpenGL API deprecated. (Define GL_SILENCE_DEPRECATION to silence these warnings) [-Wdeprecated-declarations]
 2197 |         glPopMatrix();
      |         ^
/Library/Developer/CommandLineTools/SDKs/MacOSX.sdk/System/Library/Frameworks/OpenGL.framework/Headers/gl.h:2620:13: note: 'glPopMatrix' has been explicitly marked deprecated here
 2620 | extern void glPopMatrix (void) OPENGL_DEPRECATED(10.0, 10.14);
      |             ^
main.cpp:2200:9: warning: 'glPushMatrix' is deprecated: first deprecated in macOS 10.14 - OpenGL API deprecated. (Define GL_SILENCE_DEPRECATION to silence these warnings) [-Wdeprecated-declarations]
 2200 |         glPushMatrix();
      |         ^
/Library/Developer/CommandLineTools/SDKs/MacOSX.sdk/System/Library/Frameworks/OpenGL.framework/Headers/gl.h:2625:13: note: 'glPushMatrix' has been explicitly marked deprecated here
 2625 | extern void glPushMatrix (void) OPENGL_DEPRECATED(10.0, 10.14);
      |             ^
main.cpp:2201:9: warning: 'glTranslatef' is deprecated: first deprecated in macOS 10.14 - OpenGL API deprecated. (Define GL_SILENCE_DEPRECATION to silence these warnings) [-Wdeprecated-declarations]
 2201 |         glTranslatef(0, 58.0f, 0);  // At the very top!
      |         ^
/Library/Developer/CommandLineTools/SDKs/MacOSX.sdk/System/Library/Frameworks/OpenGL.framework/Headers/gl.h:2729:13: note: 'glTranslatef' has been explicitly marked deprecated here
 2729 | extern void glTranslatef (GLfloat x, GLfloat y, GLfloat z) OPENGL_DEPRECATED(10.0, 10.14);
      |             ^
main.cpp:2202:9: warning: 'glRotatef' is deprecated: first deprecated in macOS 10.14 - OpenGL API deprecated. (Define GL_SILENCE_DEPRECATION to silence these warnings) [-Wdeprecated-declarations]
 2202 |         glRotatef(-90, 1, 0, 0);
      |         ^
/Library/Developer/CommandLineTools/SDKs/MacOSX.sdk/System/Library/Frameworks/OpenGL.framework/Headers/gl.h:2665:13: note: 'glRotatef' has been explicitly marked deprecated here
 2665 | extern void glRotatef (GLfloat angle, GLfloat x, GLfloat y, GLfloat z) OPENGL_DEPRECATED(10.0, 10.14);
      |             ^
main.cpp:2203:9: warning: 'glutSolidCone' is deprecated: first deprecated in macOS 10.9 - OpenGL API deprecated. (Define GL_SILENCE_DEPRECATION to silence these warnings) [-Wdeprecated-declarations]
 2203 |         glutSolidCone(3.6, 6.0, 16, 1);  // TRIPLED size
      |         ^
/Library/Developer/CommandLineTools/SDKs/MacOSX.sdk/System/Library/Frameworks/GLUT.framework/Headers/glut.h:573:22: note: 'glutSolidCone' has been explicitly marked deprecated here
  573 | extern void APIENTRY glutSolidCone(GLdouble base, GLdouble height, GLint slices, GLint stacks) OPENGL_DEPRECATED(10_0, 10_9);
      |                      ^
main.cpp:2204:9: warning: 'glPopMatrix' is deprecated: first deprecated in macOS 10.14 - OpenGL API deprecated. (Define GL_SILENCE_DEPRECATION to silence these warnings) [-Wdeprecated-declarations]
 2204 |         glPopMatrix();
      |         ^
/Library/Developer/CommandLineTools/SDKs/MacOSX.sdk/System/Library/Frameworks/OpenGL.framework/Headers/gl.h:2620:13: note: 'glPopMatrix' has been explicitly marked deprecated here
 2620 | extern void glPopMatrix (void) OPENGL_DEPRECATED(10.0, 10.14);
      |             ^
main.cpp:2206:9: warning: 'glPopMatrix' is deprecated: first deprecated in macOS 10.14 - OpenGL API deprecated. (Define GL_SILENCE_DEPRECATION to silence these warnings) [-Wdeprecated-declarations]
 2206 |         glPopMatrix();
      |         ^
/Library/Developer/CommandLineTools/SDKs/MacOSX.sdk/System/Library/Frameworks/OpenGL.framework/Headers/gl.h:2620:13: note: 'glPopMatrix' has been explicitly marked deprecated here
 2620 | extern void glPopMatrix (void) OPENGL_DEPRECATED(10.0, 10.14);
      |             ^
main.cpp:2222:9: warning: 'glPushMatrix' is deprecated: first deprecated in macOS 10.14 - OpenGL API deprecated. (Define GL_SILENCE_DEPRECATION to silence these warnings) [-Wdeprecated-declarations]
 2222 |         glPushMatrix();
      |         ^
/Library/Developer/CommandLineTools/SDKs/MacOSX.sdk/System/Library/Frameworks/OpenGL.framework/Headers/gl.h:2625:13: note: 'glPushMatrix' has been explicitly marked deprecated here
 2625 | extern void glPushMatrix (void) OPENGL_DEPRECATED(10.0, 10.14);
      |             ^
main.cpp:2223:9: warning: 'glTranslatef' is deprecated: first deprecated in macOS 10.14 - OpenGL API deprecated. (Define GL_SILENCE_DEPRECATION to silence these warnings) [-Wdeprecated-declarations]
 2223 |         glTranslatef(pos[0], 0, pos[1]);
      |         ^
/Library/Developer/CommandLineTools/SDKs/MacOSX.sdk/System/Library/Frameworks/OpenGL.framework/Headers/gl.h:2729:13: note: 'glTranslatef' has been explicitly marked deprecated here
 2729 | extern void glTranslatef (GLfloat x, GLfloat y, GLfloat z) OPENGL_DEPRECATED(10.0, 10.14);
      |             ^
main.cpp:2226:9: warning: 'glColor3f' is deprecated: first deprecated in macOS 10.14 - OpenGL API deprecated. (Define GL_SILENCE_DEPRECATION to silence these warnings) [-Wdeprecated-declarations]
 2226 |         glColor3f(0.8f, 0.2f, 0.9f); // Bright purple
      |         ^
/Library/Developer/CommandLineTools/SDKs/MacOSX.sdk/System/Library/Frameworks/OpenGL.framework/Headers/gl.h:2405:13: note: 'glColor3f' has been explicitly marked deprecated here
 2405 | extern void glColor3f (GLfloat red, GLfloat green, GLfloat blue) OPENGL_DEPRECATED(10.0, 10.14);
      |             ^
main.cpp:2228:13: warning: 'glPushMatrix' is deprecated: first deprecated in macOS 10.14 - OpenGL API deprecated. (Define GL_SILENCE_DEPRECATION to silence these warnings) [-Wdeprecated-declarations]
 2228 |             glPushMatrix();
      |             ^
/Library/Developer/CommandLineTools/SDKs/MacOSX.sdk/System/Library/Frameworks/OpenGL.framework/Headers/gl.h:2625:13: note: 'glPushMatrix' has been explicitly marked deprecated here
 2625 | extern void glPushMatrix (void) OPENGL_DEPRECATED(10.0, 10.14);
      |             ^
main.cpp:2229:13: warning: 'glRotatef' is deprecated: first deprecated in macOS 10.14 - OpenGL API deprecated. (Define GL_SILENCE_DEPRECATION to silence these warnings) [-Wdeprecated-declarations]
 2229 |             glRotatef(i * 25 + frameCount * 0.2f, 0, 1, 0);  // Slow rotation
      |             ^
/Library/Developer/CommandLineTools/SDKs/MacOSX.sdk/System/Library/Frameworks/OpenGL.framework/Headers/gl.h:2665:13: note: 'glRotatef' has been explicitly marked deprecated here
 2665 | extern void glRotatef (GLfloat angle, GLfloat x, GLfloat y, GLfloat z) OPENGL_DEPRECATED(10.0, 10.14);
      |             ^
main.cpp:2230:13: warning: 'glTranslatef' is deprecated: first deprecated in macOS 10.14 - OpenGL API deprecated. (Define GL_SILENCE_DEPRECATION to silence these warnings) [-Wdeprecated-declarations]
 2230 |             glTranslatef(6.0f * cos(i * 0.8), i * 6.0f, 6.0f * sin(i * 0.8));  // TRIPLED spacing
      |             ^
/Library/Developer/CommandLineTools/SDKs/MacOSX.sdk/System/Library/Frameworks/OpenGL.framework/Headers/gl.h:2729:13: note: 'glTranslatef' has been explicitly marked deprecated here
 2729 | extern void glTranslatef (GLfloat x, GLfloat y, GLfloat z) OPENGL_DEPRECATED(10.0, 10.14);
      |             ^
main.cpp:2231:13: warning: 'glScalef' is deprecated: first deprecated in macOS 10.14 - OpenGL API deprecated. (Define GL_SILENCE_DEPRECATION to silence these warnings) [-Wdeprecated-declarations]
 2231 |             glScalef(1.8f, 4.5f, 1.8f);  // TRIPLED size
      |             ^
/Library/Developer/CommandLineTools/SDKs/MacOSX.sdk/System/Library/Frameworks/OpenGL.framework/Headers/gl.h:2667:13: note: 'glScalef' has been explicitly marked deprecated here
 2667 | extern void glScalef (GLfloat x, GLfloat y, GLfloat z) OPENGL_DEPRECATED(10.0, 10.14);
      |             ^
main.cpp:2232:13: warning: 'glutSolidCube' is deprecated: first deprecated in macOS 10.9 - OpenGL API deprecated. (Define GL_SILENCE_DEPRECATION to silence these warnings) [-Wdeprecated-declarations]
 2232 |             glutSolidCube(1.5);
      |             ^
/Library/Developer/CommandLineTools/SDKs/MacOSX.sdk/System/Library/Frameworks/GLUT.framework/Headers/glut.h:575:22: note: 'glutSolidCube' has been explicitly marked deprecated here
  575 | extern void APIENTRY glutSolidCube(GLdouble size) OPENGL_DEPRECATED(10_0, 10_9);
      |                      ^
main.cpp:2233:13: warning: 'glPopMatrix' is deprecated: first deprecated in macOS 10.14 - OpenGL API deprecated. (Define GL_SILENCE_DEPRECATION to silence these warnings) [-Wdeprecated-declarations]
 2233 |             glPopMatrix();
      |             ^
/Library/Developer/CommandLineTools/SDKs/MacOSX.sdk/System/Library/Frameworks/OpenGL.framework/Headers/gl.h:2620:13: note: 'glPopMatrix' has been explicitly marked deprecated here
 2620 | extern void glPopMatrix (void) OPENGL_DEPRECATED(10.0, 10.14);
      |             ^
main.cpp:2236:9: warning: 'glPopMatrix' is deprecated: first deprecated in macOS 10.14 - OpenGL API deprecated. (Define GL_SILENCE_DEPRECATION to silence these warnings) [-Wdeprecated-declarations]
 2236 |         glPopMatrix();
      |         ^
/Library/Developer/CommandLineTools/SDKs/MacOSX.sdk/System/Library/Frameworks/OpenGL.framework/Headers/gl.h:2620:13: note: 'glPopMatrix' has been explicitly marked deprecated here
 2620 | extern void glPopMatrix (void) OPENGL_DEPRECATED(10.0, 10.14);
      |             ^
main.cpp:2254:9: warning: 'glPushMatrix' is deprecated: first deprecated in macOS 10.14 - OpenGL API deprecated. (Define GL_SILENCE_DEPRECATION to silence these warnings) [-Wdeprecated-declarations]
 2254 |         glPushMatrix();
      |         ^
/Library/Developer/CommandLineTools/SDKs/MacOSX.sdk/System/Library/Frameworks/OpenGL.framework/Headers/gl.h:2625:13: note: 'glPushMatrix' has been explicitly marked deprecated here
 2625 | extern void glPushMatrix (void) OPENGL_DEPRECATED(10.0, 10.14);
      |             ^
main.cpp:2255:9: warning: 'glTranslatef' is deprecated: first deprecated in macOS 10.14 - OpenGL API deprecated. (Define GL_SILENCE_DEPRECATION to silence these warnings) [-Wdeprecated-declarations]
 2255 |         glTranslatef(person.x, 1.2f, person.z);
      |         ^
/Library/Developer/CommandLineTools/SDKs/MacOSX.sdk/System/Library/Frameworks/OpenGL.framework/Headers/gl.h:2729:13: note: 'glTranslatef' has been explicitly marked deprecated here
 2729 | extern void glTranslatef (GLfloat x, GLfloat y, GLfloat z) OPENGL_DEPRECATED(10.0, 10.14);
      |             ^
main.cpp:2257:9: warning: 'glColor3f' is deprecated: first deprecated in macOS 10.14 - OpenGL API deprecated. (Define GL_SILENCE_DEPRECATION to silence these warnings) [-Wdeprecated-declarations]
 2257 |         glColor3f(person.r, person.g, person.b);
      |         ^
/Library/Developer/CommandLineTools/SDKs/MacOSX.sdk/System/Library/Frameworks/OpenGL.framework/Headers/gl.h:2405:13: note: 'glColor3f' has been explicitly marked deprecated here
 2405 | extern void glColor3f (GLfloat red, GLfloat green, GLfloat blue) OPENGL_DEPRECATED(10.0, 10.14);
      |             ^
main.cpp:2260:9: warning: 'glColor3f' is deprecated: first deprecated in macOS 10.14 - OpenGL API deprecated. (Define GL_SILENCE_DEPRECATION to silence these warnings) [-Wdeprecated-declarations]
 2260 |         glColor3f(0.9f, 0.7f, 0.6f);
      |         ^
/Library/Developer/CommandLineTools/SDKs/MacOSX.sdk/System/Library/Frameworks/OpenGL.framework/Headers/gl.h:2405:13: note: 'glColor3f' has been explicitly marked deprecated here
 2405 | extern void glColor3f (GLfloat red, GLfloat green, GLfloat blue) OPENGL_DEPRECATED(10.0, 10.14);
      |             ^
main.cpp:2261:9: warning: 'glPushMatrix' is deprecated: first deprecated in macOS 10.14 - OpenGL API deprecated. (Define GL_SILENCE_DEPRECATION to silence these warnings) [-Wdeprecated-declarations]
 2261 |         glPushMatrix();
      |         ^
/Library/Developer/CommandLineTools/SDKs/MacOSX.sdk/System/Library/Frameworks/OpenGL.framework/Headers/gl.h:2625:13: note: 'glPushMatrix' has been explicitly marked deprecated here
 2625 | extern void glPushMatrix (void) OPENGL_DEPRECATED(10.0, 10.14);
      |             ^
main.cpp:2262:9: warning: 'glTranslatef' is deprecated: first deprecated in macOS 10.14 - OpenGL API deprecated. (Define GL_SILENCE_DEPRECATION to silence these warnings) [-Wdeprecated-declarations]
 2262 |         glTranslatef(0, 1.3f, 0);
      |         ^
/Library/Developer/CommandLineTools/SDKs/MacOSX.sdk/System/Library/Frameworks/OpenGL.framework/Headers/gl.h:2729:13: note: 'glTranslatef' has been explicitly marked deprecated here
 2729 | extern void glTranslatef (GLfloat x, GLfloat y, GLfloat z) OPENGL_DEPRECATED(10.0, 10.14);
      |             ^
main.cpp:2263:9: warning: 'glutSolidSphere' is deprecated: first deprecated in macOS 10.9 - OpenGL API deprecated. (Define GL_SILENCE_DEPRECATION to silence these warnings) [-Wdeprecated-declarations]
 2263 |         glutSolidSphere(0.5, 10, 10);
      |         ^
/Library/Developer/CommandLineTools/SDKs/MacOSX.sdk/System/Library/Frameworks/GLUT.framework/Headers/glut.h:571:22: note: 'glutSolidSphere' has been explicitly marked deprecated here
  571 | extern void APIENTRY glutSolidSphere(GLdouble radius, GLint slices, GLint stacks) OPENGL_DEPRECATED(10_0, 10_9);
      |                      ^
main.cpp:2264:9: warning: 'glPopMatrix' is deprecated: first deprecated in macOS 10.14 - OpenGL API deprecated. (Define GL_SILENCE_DEPRECATION to silence these warnings) [-Wdeprecated-declarations]
 2264 |         glPopMatrix();
      |         ^
/Library/Developer/CommandLineTools/SDKs/MacOSX.sdk/System/Library/Frameworks/OpenGL.framework/Headers/gl.h:2620:13: note: 'glPopMatrix' has been explicitly marked deprecated here
 2620 | extern void glPopMatrix (void) OPENGL_DEPRECATED(10.0, 10.14);
      |             ^
main.cpp:2265:9: warning: 'glPopMatrix' is deprecated: first deprecated in macOS 10.14 - OpenGL API deprecated. (Define GL_SILENCE_DEPRECATION to silence these warnings) [-Wdeprecated-declarations]
 2265 |         glPopMatrix();
      |         ^
/Library/Developer/CommandLineTools/SDKs/MacOSX.sdk/System/Library/Frameworks/OpenGL.framework/Headers/gl.h:2620:13: note: 'glPopMatrix' has been explicitly marked deprecated here
 2620 | extern void glPopMatrix (void) OPENGL_DEPRECATED(10.0, 10.14);
      |             ^
main.cpp:2284:13: warning: 'glPushMatrix' is deprecated: first deprecated in macOS 10.14 - OpenGL API deprecated. (Define GL_SILENCE_DEPRECATION to silence these warnings) [-Wdeprecated-declarations]
 2284 |             glPushMatrix();
      |             ^
/Library/Developer/CommandLineTools/SDKs/MacOSX.sdk/System/Library/Frameworks/OpenGL.framework/Headers/gl.h:2625:13: note: 'glPushMatrix' has been explicitly marked deprecated here
 2625 | extern void glPushMatrix (void) OPENGL_DEPRECATED(10.0, 10.14);
      |             ^
main.cpp:2285:13: warning: 'glTranslatef' is deprecated: first deprecated in macOS 10.14 - OpenGL API deprecated. (Define GL_SILENCE_DEPRECATION to silence these warnings) [-Wdeprecated-declarations]
 2285 |             glTranslatef(group.x + offsetX, 0, group.z + offsetZ);
      |             ^
/Library/Developer/CommandLineTools/SDKs/MacOSX.sdk/System/Library/Frameworks/OpenGL.framework/Headers/gl.h:2729:13: note: 'glTranslatef' has been explicitly marked deprecated here
 2729 | extern void glTranslatef (GLfloat x, GLfloat y, GLfloat z) OPENGL_DEPRECATED(10.0, 10.14);
      |             ^
main.cpp:2289:13: warning: 'glColor3f' is deprecated: first deprecated in macOS 10.14 - OpenGL API deprecated. (Define GL_SILENCE_DEPRECATION to silence these warnings) [-Wdeprecated-declarations]
 2289 |             glColor3f(group.r + colorVariation, group.g + colorVariation, group.b + colorVariation);
      |             ^
/Library/Developer/CommandLineTools/SDKs/MacOSX.sdk/System/Library/Frameworks/OpenGL.framework/Headers/gl.h:2405:13: note: 'glColor3f' has been explicitly marked deprecated here
 2405 | extern void glColor3f (GLfloat red, GLfloat green, GLfloat blue) OPENGL_DEPRECATED(10.0, 10.14);
      |             ^
main.cpp:2290:13: warning: 'glPushMatrix' is deprecated: first deprecated in macOS 10.14 - OpenGL API deprecated. (Define GL_SILENCE_DEPRECATION to silence these warnings) [-Wdeprecated-declarations]
 2290 |             glPushMatrix();
      |             ^
/Library/Developer/CommandLineTools/SDKs/MacOSX.sdk/System/Library/Frameworks/OpenGL.framework/Headers/gl.h:2625:13: note: 'glPushMatrix' has been explicitly marked deprecated here
 2625 | extern void glPushMatrix (void) OPENGL_DEPRECATED(10.0, 10.14);
      |             ^
main.cpp:2291:13: warning: 'glTranslatef' is deprecated: first deprecated in macOS 10.14 - OpenGL API deprecated. (Define GL_SILENCE_DEPRECATION to silence these warnings) [-Wdeprecated-declarations]
 2291 |             glTranslatef(0, 2.0f, 0);
      |             ^
/Library/Developer/CommandLineTools/SDKs/MacOSX.sdk/System/Library/Frameworks/OpenGL.framework/Headers/gl.h:2729:13: note: 'glTranslatef' has been explicitly marked deprecated here
 2729 | extern void glTranslatef (GLfloat x, GLfloat y, GLfloat z) OPENGL_DEPRECATED(10.0, 10.14);
      |             ^
main.cpp:2293:13: warning: 'glPopMatrix' is deprecated: first deprecated in macOS 10.14 - OpenGL API deprecated. (Define GL_SILENCE_DEPRECATION to silence these warnings) [-Wdeprecated-declarations]
 2293 |             glPopMatrix();
      |             ^
/Library/Developer/CommandLineTools/SDKs/MacOSX.sdk/System/Library/Frameworks/OpenGL.framework/Headers/gl.h:2620:13: note: 'glPopMatrix' has been explicitly marked deprecated here
 2620 | extern void glPopMatrix (void) OPENGL_DEPRECATED(10.0, 10.14);
      |             ^
main.cpp:2296:13: warning: 'glColor3f' is deprecated: first deprecated in macOS 10.14 - OpenGL API deprecated. (Define GL_SILENCE_DEPRECATION to silence these warnings) [-Wdeprecated-declarations]
 2296 |             glColor3f(0.9f, 0.7f, 0.6f);
      |             ^
/Library/Developer/CommandLineTools/SDKs/MacOSX.sdk/System/Library/Frameworks/OpenGL.framework/Headers/gl.h:2405:13: note: 'glColor3f' has been explicitly marked deprecated here
 2405 | extern void glColor3f (GLfloat red, GLfloat green, GLfloat blue) OPENGL_DEPRECATED(10.0, 10.14);
      |             ^
main.cpp:2297:13: warning: 'glPushMatrix' is deprecated: first deprecated in macOS 10.14 - OpenGL API deprecated. (Define GL_SILENCE_DEPRECATION to silence these warnings) [-Wdeprecated-declarations]
 2297 |             glPushMatrix();
      |             ^
/Library/Developer/CommandLineTools/SDKs/MacOSX.sdk/System/Library/Frameworks/OpenGL.framework/Headers/gl.h:2625:13: note: 'glPushMatrix' has been explicitly marked deprecated here
 2625 | extern void glPushMatrix (void) OPENGL_DEPRECATED(10.0, 10.14);
      |             ^
main.cpp:2298:13: warning: 'glTranslatef' is deprecated: first deprecated in macOS 10.14 - OpenGL API deprecated. (Define GL_SILENCE_DEPRECATION to silence these warnings) [-Wdeprecated-declarations]
 2298 |             glTranslatef(0, 4.2f, 0);
      |             ^
/Library/Developer/CommandLineTools/SDKs/MacOSX.sdk/System/Library/Frameworks/OpenGL.framework/Headers/gl.h:2729:13: note: 'glTranslatef' has been explicitly marked deprecated here
 2729 | extern void glTranslatef (GLfloat x, GLfloat y, GLfloat z) OPENGL_DEPRECATED(10.0, 10.14);
      |             ^
main.cpp:2299:13: warning: 'glutSolidSphere' is deprecated: first deprecated in macOS 10.9 - OpenGL API deprecated. (Define GL_SILENCE_DEPRECATION to silence these warnings) [-Wdeprecated-declarations]
 2299 |             glutSolidSphere(0.6, 10, 10);
      |             ^
/Library/Developer/CommandLineTools/SDKs/MacOSX.sdk/System/Library/Frameworks/GLUT.framework/Headers/glut.h:571:22: note: 'glutSolidSphere' has been explicitly marked deprecated here
  571 | extern void APIENTRY glutSolidSphere(GLdouble radius, GLint slices, GLint stacks) OPENGL_DEPRECATED(10_0, 10_9);
      |                      ^
main.cpp:2300:13: warning: 'glPopMatrix' is deprecated: first deprecated in macOS 10.14 - OpenGL API deprecated. (Define GL_SILENCE_DEPRECATION to silence these warnings) [-Wdeprecated-declarations]
 2300 |             glPopMatrix();
      |             ^
/Library/Developer/CommandLineTools/SDKs/MacOSX.sdk/System/Library/Frameworks/OpenGL.framework/Headers/gl.h:2620:13: note: 'glPopMatrix' has been explicitly marked deprecated here
 2620 | extern void glPopMatrix (void) OPENGL_DEPRECATED(10.0, 10.14);
      |             ^
main.cpp:2302:13: warning: 'glPopMatrix' is deprecated: first deprecated in macOS 10.14 - OpenGL API deprecated. (Define GL_SILENCE_DEPRECATION to silence these warnings) [-Wdeprecated-declarations]
 2302 |             glPopMatrix();
      |             ^
/Library/Developer/CommandLineTools/SDKs/MacOSX.sdk/System/Library/Frameworks/OpenGL.framework/Headers/gl.h:2620:13: note: 'glPopMatrix' has been explicitly marked deprecated here
 2620 | extern void glPopMatrix (void) OPENGL_DEPRECATED(10.0, 10.14);
      |             ^
main.cpp:2316:9: warning: 'glPushMatrix' is deprecated: first deprecated in macOS 10.14 - OpenGL API deprecated. (Define GL_SILENCE_DEPRECATION to silence these warnings) [-Wdeprecated-declarations]
 2316 |         glPushMatrix();
      |         ^
/Library/Developer/CommandLineTools/SDKs/MacOSX.sdk/System/Library/Frameworks/OpenGL.framework/Headers/gl.h:2625:13: note: 'glPushMatrix' has been explicitly marked deprecated here
 2625 | extern void glPushMatrix (void) OPENGL_DEPRECATED(10.0, 10.14);
      |             ^
main.cpp:2317:9: warning: 'glTranslatef' is deprecated: first deprecated in macOS 10.14 - OpenGL API deprecated. (Define GL_SILENCE_DEPRECATION to silence these warnings) [-Wdeprecated-declarations]
 2317 |         glTranslatef(waiter.x, 0, waiter.z);
      |         ^
/Library/Developer/CommandLineTools/SDKs/MacOSX.sdk/System/Library/Frameworks/OpenGL.framework/Headers/gl.h:2729:13: note: 'glTranslatef' has been explicitly marked deprecated here
 2729 | extern void glTranslatef (GLfloat x, GLfloat y, GLfloat z) OPENGL_DEPRECATED(10.0, 10.14);
      |             ^
main.cpp:2318:9: warning: 'glRotatef' is deprecated: first deprecated in macOS 10.14 - OpenGL API deprecated. (Define GL_SILENCE_DEPRECATION to silence these warnings) [-Wdeprecated-declarations]
 2318 |         glRotatef(waiter.rotation, 0, 1, 0);
      |         ^
/Library/Developer/CommandLineTools/SDKs/MacOSX.sdk/System/Library/Frameworks/OpenGL.framework/Headers/gl.h:2665:13: note: 'glRotatef' has been explicitly marked deprecated here
 2665 | extern void glRotatef (GLfloat angle, GLfloat x, GLfloat y, GLfloat z) OPENGL_DEPRECATED(10.0, 10.14);
      |             ^
main.cpp:2321:9: warning: 'glColor3f' is deprecated: first deprecated in macOS 10.14 - OpenGL API deprecated. (Define GL_SILENCE_DEPRECATION to silence these warnings) [-Wdeprecated-declarations]
 2321 |         glColor3f(0.4f + (rand() % 40) / 100.0f, 0.4f + (rand() % 40) / 100.0f, 0.5f + (rand() % 30) / 100.0f);
      |         ^
/Library/Developer/CommandLineTools/SDKs/MacOSX.sdk/System/Library/Frameworks/OpenGL.framework/Headers/gl.h:2405:13: note: 'glColor3f' has been explicitly marked deprecated here
 2405 | extern void glColor3f (GLfloat red, GLfloat green, GLfloat blue) OPENGL_DEPRECATED(10.0, 10.14);
      |             ^
main.cpp:2322:9: warning: 'glPushMatrix' is deprecated: first deprecated in macOS 10.14 - OpenGL API deprecated. (Define GL_SILENCE_DEPRECATION to silence these warnings) [-Wdeprecated-declarations]
 2322 |         glPushMatrix();
      |         ^
/Library/Developer/CommandLineTools/SDKs/MacOSX.sdk/System/Library/Frameworks/OpenGL.framework/Headers/gl.h:2625:13: note: 'glPushMatrix' has been explicitly marked deprecated here
 2625 | extern void glPushMatrix (void) OPENGL_DEPRECATED(10.0, 10.14);
      |             ^
main.cpp:2323:9: warning: 'glTranslatef' is deprecated: first deprecated in macOS 10.14 - OpenGL API deprecated. (Define GL_SILENCE_DEPRECATION to silence these warnings) [-Wdeprecated-declarations]
 2323 |         glTranslatef(0, 2.0f, 0);
      |         ^
/Library/Developer/CommandLineTools/SDKs/MacOSX.sdk/System/Library/Frameworks/OpenGL.framework/Headers/gl.h:2729:13: note: 'glTranslatef' has been explicitly marked deprecated here
 2729 | extern void glTranslatef (GLfloat x, GLfloat y, GLfloat z) OPENGL_DEPRECATED(10.0, 10.14);
      |             ^
main.cpp:2325:9: warning: 'glPopMatrix' is deprecated: first deprecated in macOS 10.14 - OpenGL API deprecated. (Define GL_SILENCE_DEPRECATION to silence these warnings) [-Wdeprecated-declarations]
 2325 |         glPopMatrix();
      |         ^
/Library/Developer/CommandLineTools/SDKs/MacOSX.sdk/System/Library/Frameworks/OpenGL.framework/Headers/gl.h:2620:13: note: 'glPopMatrix' has been explicitly marked deprecated here
 2620 | extern void glPopMatrix (void) OPENGL_DEPRECATED(10.0, 10.14);
      |             ^
main.cpp:2328:9: warning: 'glColor3f' is deprecated: first deprecated in macOS 10.14 - OpenGL API deprecated. (Define GL_SILENCE_DEPRECATION to silence these warnings) [-Wdeprecated-declarations]
 2328 |         glColor3f(0.9f, 0.7f, 0.6f);
      |         ^
/Library/Developer/CommandLineTools/SDKs/MacOSX.sdk/System/Library/Frameworks/OpenGL.framework/Headers/gl.h:2405:13: note: 'glColor3f' has been explicitly marked deprecated here
 2405 | extern void glColor3f (GLfloat red, GLfloat green, GLfloat blue) OPENGL_DEPRECATED(10.0, 10.14);
      |             ^
main.cpp:2329:9: warning: 'glPushMatrix' is deprecated: first deprecated in macOS 10.14 - OpenGL API deprecated. (Define GL_SILENCE_DEPRECATION to silence these warnings) [-Wdeprecated-declarations]
 2329 |         glPushMatrix();
      |         ^
/Library/Developer/CommandLineTools/SDKs/MacOSX.sdk/System/Library/Frameworks/OpenGL.framework/Headers/gl.h:2625:13: note: 'glPushMatrix' has been explicitly marked deprecated here
 2625 | extern void glPushMatrix (void) OPENGL_DEPRECATED(10.0, 10.14);
      |             ^
main.cpp:2330:9: warning: 'glTranslatef' is deprecated: first deprecated in macOS 10.14 - OpenGL API deprecated. (Define GL_SILENCE_DEPRECATION to silence these warnings) [-Wdeprecated-declarations]
 2330 |         glTranslatef(0, 4.2f, 0);
      |         ^
/Library/Developer/CommandLineTools/SDKs/MacOSX.sdk/System/Library/Frameworks/OpenGL.framework/Headers/gl.h:2729:13: note: 'glTranslatef' has been explicitly marked deprecated here
 2729 | extern void glTranslatef (GLfloat x, GLfloat y, GLfloat z) OPENGL_DEPRECATED(10.0, 10.14);
      |             ^
main.cpp:2331:9: warning: 'glutSolidSphere' is deprecated: first deprecated in macOS 10.9 - OpenGL API deprecated. (Define GL_SILENCE_DEPRECATION to silence these warnings) [-Wdeprecated-declarations]
 2331 |         glutSolidSphere(0.6, 10, 10);
      |         ^
/Library/Developer/CommandLineTools/SDKs/MacOSX.sdk/System/Library/Frameworks/GLUT.framework/Headers/glut.h:571:22: note: 'glutSolidSphere' has been explicitly marked deprecated here
  571 | extern void APIENTRY glutSolidSphere(GLdouble radius, GLint slices, GLint stacks) OPENGL_DEPRECATED(10_0, 10_9);
      |                      ^
main.cpp:2332:9: warning: 'glPopMatrix' is deprecated: first deprecated in macOS 10.14 - OpenGL API deprecated. (Define GL_SILENCE_DEPRECATION to silence these warnings) [-Wdeprecated-declarations]
 2332 |         glPopMatrix();
      |         ^
/Library/Developer/CommandLineTools/SDKs/MacOSX.sdk/System/Library/Frameworks/OpenGL.framework/Headers/gl.h:2620:13: note: 'glPopMatrix' has been explicitly marked deprecated here
 2620 | extern void glPopMatrix (void) OPENGL_DEPRECATED(10.0, 10.14);
      |             ^
main.cpp:2334:9: warning: 'glPopMatrix' is deprecated: first deprecated in macOS 10.14 - OpenGL API deprecated. (Define GL_SILENCE_DEPRECATION to silence these warnings) [-Wdeprecated-declarations]
 2334 |         glPopMatrix();
      |         ^
/Library/Developer/CommandLineTools/SDKs/MacOSX.sdk/System/Library/Frameworks/OpenGL.framework/Headers/gl.h:2620:13: note: 'glPopMatrix' has been explicitly marked deprecated here
 2620 | extern void glPopMatrix (void) OPENGL_DEPRECATED(10.0, 10.14);
      |             ^
main.cpp:2341:9: warning: 'glColor3f' is deprecated: first deprecated in macOS 10.14 - OpenGL API deprecated. (Define GL_SILENCE_DEPRECATION to silence these warnings) [-Wdeprecated-declarations]
 2341 |         glColor3f(0.55f, 0.27f, 0.07f); // Wood color
      |         ^
/Library/Developer/CommandLineTools/SDKs/MacOSX.sdk/System/Library/Frameworks/OpenGL.framework/Headers/gl.h:2405:13: note: 'glColor3f' has been explicitly marked deprecated here
 2405 | extern void glColor3f (GLfloat red, GLfloat green, GLfloat blue) OPENGL_DEPRECATED(10.0, 10.14);
      |             ^
main.cpp:2344:17: warning: 'glPushMatrix' is deprecated: first deprecated in macOS 10.14 - OpenGL API deprecated. (Define GL_SILENCE_DEPRECATION to silence these warnings) [-Wdeprecated-declarations]
 2344 |                 glPushMatrix();
      |                 ^
/Library/Developer/CommandLineTools/SDKs/MacOSX.sdk/System/Library/Frameworks/OpenGL.framework/Headers/gl.h:2625:13: note: 'glPushMatrix' has been explicitly marked deprecated here
 2625 | extern void glPushMatrix (void) OPENGL_DEPRECATED(10.0, 10.14);
      |             ^
main.cpp:2345:17: warning: 'glTranslatef' is deprecated: first deprecated in macOS 10.14 - OpenGL API deprecated. (Define GL_SILENCE_DEPRECATION to silence these warnings) [-Wdeprecated-declarations]
 2345 |                 glTranslatef(intersection.x + 10 * i, 0.5f, intersection.z + 18);
      |                 ^
/Library/Developer/CommandLineTools/SDKs/MacOSX.sdk/System/Library/Frameworks/OpenGL.framework/Headers/gl.h:2729:13: note: 'glTranslatef' has been explicitly marked deprecated here
 2729 | extern void glTranslatef (GLfloat x, GLfloat y, GLfloat z) OPENGL_DEPRECATED(10.0, 10.14);
      |             ^
main.cpp:2347:17: warning: 'glTranslatef' is deprecated: first deprecated in macOS 10.14 - OpenGL API deprecated. (Define GL_SILENCE_DEPRECATION to silence these warnings) [-Wdeprecated-declarations]
 2347 |                 glTranslatef(0, 0.5f, -0.4f);
      |                 ^
/Library/Developer/CommandLineTools/SDKs/MacOSX.sdk/System/Library/Frameworks/OpenGL.framework/Headers/gl.h:2729:13: note: 'glTranslatef' has been explicitly marked deprecated here
 2729 | extern void glTranslatef (GLfloat x, GLfloat y, GLfloat z) OPENGL_DEPRECATED(10.0, 10.14);
      |             ^
main.cpp:2349:17: warning: 'glPopMatrix' is deprecated: first deprecated in macOS 10.14 - OpenGL API deprecated. (Define GL_SILENCE_DEPRECATION to silence these warnings) [-Wdeprecated-declarations]
 2349 |                 glPopMatrix();
      |                 ^
/Library/Developer/CommandLineTools/SDKs/MacOSX.sdk/System/Library/Frameworks/OpenGL.framework/Headers/gl.h:2620:13: note: 'glPopMatrix' has been explicitly marked deprecated here
 2620 | extern void glPopMatrix (void) OPENGL_DEPRECATED(10.0, 10.14);
      |             ^
main.cpp:2354:9: warning: 'glColor3f' is deprecated: first deprecated in macOS 10.14 - OpenGL API deprecated. (Define GL_SILENCE_DEPRECATION to silence these warnings) [-Wdeprecated-declarations]
 2354 |         glColor3f(0.2f, 0.6f, 0.9f); // Blue sign
      |         ^
/Library/Developer/CommandLineTools/SDKs/MacOSX.sdk/System/Library/Frameworks/OpenGL.framework/Headers/gl.h:2405:13: note: 'glColor3f' has been explicitly marked deprecated here
 2405 | extern void glColor3f (GLfloat red, GLfloat green, GLfloat blue) OPENGL_DEPRECATED(10.0, 10.14);
      |             ^
main.cpp:2363:17: warning: 'glPushMatrix' is deprecated: first deprecated in macOS 10.14 - OpenGL API deprecated. (Define GL_SILENCE_DEPRECATION to silence these warnings) [-Wdeprecated-declarations]
 2363 |                 glPushMatrix();
      |                 ^
/Library/Developer/CommandLineTools/SDKs/MacOSX.sdk/System/Library/Frameworks/OpenGL.framework/Headers/gl.h:2625:13: note: 'glPushMatrix' has been explicitly marked deprecated here
 2625 | extern void glPushMatrix (void) OPENGL_DEPRECATED(10.0, 10.14);
      |             ^
main.cpp:2364:17: warning: 'glTranslatef' is deprecated: first deprecated in macOS 10.14 - OpenGL API deprecated. (Define GL_SILENCE_DEPRECATION to silence these warnings) [-Wdeprecated-declarations]
 2364 |                 glTranslatef(signPositions[i][0], signPositions[i][1], signPositions[i][2]);
      |                 ^
/Library/Developer/CommandLineTools/SDKs/MacOSX.sdk/System/Library/Frameworks/OpenGL.framework/Headers/gl.h:2729:13: note: 'glTranslatef' has been explicitly marked deprecated here
 2729 | extern void glTranslatef (GLfloat x, GLfloat y, GLfloat z) OPENGL_DEPRECATED(10.0, 10.14);
      |             ^
main.cpp:2365:17: warning: 'glColor3f' is deprecated: first deprecated in macOS 10.14 - OpenGL API deprecated. (Define GL_SILENCE_DEPRECATION to silence these warnings) [-Wdeprecated-declarations]
 2365 |                 glColor3f(0.2f, 0.6f, 0.9f); // Sign
      |                 ^
/Library/Developer/CommandLineTools/SDKs/MacOSX.sdk/System/Library/Frameworks/OpenGL.framework/Headers/gl.h:2405:13: note: 'glColor3f' has been explicitly marked deprecated here
 2405 | extern void glColor3f (GLfloat red, GLfloat green, GLfloat blue) OPENGL_DEPRECATED(10.0, 10.14);
      |             ^
main.cpp:2367:17: warning: 'glColor3f' is deprecated: first deprecated in macOS 10.14 - OpenGL API deprecated. (Define GL_SILENCE_DEPRECATION to silence these warnings) [-Wdeprecated-declarations]
 2367 |                 glColor3f(0.7f, 0.7f, 0.7f); // Pole
      |                 ^
/Library/Developer/CommandLineTools/SDKs/MacOSX.sdk/System/Library/Frameworks/OpenGL.framework/Headers/gl.h:2405:13: note: 'glColor3f' has been explicitly marked deprecated here
 2405 | extern void glColor3f (GLfloat red, GLfloat green, GLfloat blue) OPENGL_DEPRECATED(10.0, 10.14);
      |             ^
main.cpp:2368:17: warning: 'glTranslatef' is deprecated: first deprecated in macOS 10.14 - OpenGL API deprecated. (Define GL_SILENCE_DEPRECATION to silence these warnings) [-Wdeprecated-declarations]
 2368 |                 glTranslatef(0, -0.8f, 0);
      |                 ^
/Library/Developer/CommandLineTools/SDKs/MacOSX.sdk/System/Library/Frameworks/OpenGL.framework/Headers/gl.h:2729:13: note: 'glTranslatef' has been explicitly marked deprecated here
 2729 | extern void glTranslatef (GLfloat x, GLfloat y, GLfloat z) OPENGL_DEPRECATED(10.0, 10.14);
      |             ^
main.cpp:2370:17: warning: 'glPopMatrix' is deprecated: first deprecated in macOS 10.14 - OpenGL API deprecated. (Define GL_SILENCE_DEPRECATION to silence these warnings) [-Wdeprecated-declarations]
 2370 |                 glPopMatrix();
      |                 ^
/Library/Developer/CommandLineTools/SDKs/MacOSX.sdk/System/Library/Frameworks/OpenGL.framework/Headers/gl.h:2620:13: note: 'glPopMatrix' has been explicitly marked deprecated here
 2620 | extern void glPopMatrix (void) OPENGL_DEPRECATED(10.0, 10.14);
      |             ^
main.cpp:2377:5: warning: 'glEnable' is deprecated: first deprecated in macOS 10.14 - OpenGL API deprecated. (Define GL_SILENCE_DEPRECATION to silence these warnings) [-Wdeprecated-declarations]
 2377 |     glEnable(GL_TEXTURE_2D);
      |     ^
/Library/Developer/CommandLineTools/SDKs/MacOSX.sdk/System/Library/Frameworks/OpenGL.framework/Headers/gl.h:2472:13: note: 'glEnable' has been explicitly marked deprecated here
 2472 | extern void glEnable (GLenum cap) OPENGL_DEPRECATED(10.0, 10.14);
      |             ^
main.cpp:2378:5: warning: 'glBindTexture' is deprecated: first deprecated in macOS 10.14 - OpenGL API deprecated. (Define GL_SILENCE_DEPRECATION to silence these warnings) [-Wdeprecated-declarations]
 2378 |     glBindTexture(GL_TEXTURE_2D, roadTexture);
      |     ^
/Library/Developer/CommandLineTools/SDKs/MacOSX.sdk/System/Library/Frameworks/OpenGL.framework/Headers/gl.h:2386:13: note: 'glBindTexture' has been explicitly marked deprecated here
 2386 | extern void glBindTexture (GLenum target, GLuint texture) OPENGL_DEPRECATED(10.0, 10.14);
      |             ^
main.cpp:2380:5: warning: 'glColor3f' is deprecated: first deprecated in macOS 10.14 - OpenGL API deprecated. (Define GL_SILENCE_DEPRECATION to silence these warnings) [-Wdeprecated-declarations]
 2380 |     glColor3f(0.4f, 0.4f, 0.4f);  // Brighter for better visibility
      |     ^
/Library/Developer/CommandLineTools/SDKs/MacOSX.sdk/System/Library/Frameworks/OpenGL.framework/Headers/gl.h:2405:13: note: 'glColor3f' has been explicitly marked deprecated here
 2405 | extern void glColor3f (GLfloat red, GLfloat green, GLfloat blue) OPENGL_DEPRECATED(10.0, 10.14);
      |             ^
main.cpp:2386:9: warning: 'glBegin' is deprecated: first deprecated in macOS 10.14 - OpenGL API deprecated. (Define GL_SILENCE_DEPRECATION to silence these warnings) [-Wdeprecated-declarations]
 2386 |         glBegin(GL_QUADS);
      |         ^
/Library/Developer/CommandLineTools/SDKs/MacOSX.sdk/System/Library/Frameworks/OpenGL.framework/Headers/gl.h:2385:13: note: 'glBegin' has been explicitly marked deprecated here
 2385 | extern void glBegin (GLenum mode) OPENGL_DEPRECATED(10.0, 10.14);
      |             ^
main.cpp:2387:9: warning: 'glNormal3f' is deprecated: first deprecated in macOS 10.14 - OpenGL API deprecated. (Define GL_SILENCE_DEPRECATION to silence these warnings) [-Wdeprecated-declarations]
 2387 |         glNormal3f(0, 1, 0);
      |         ^
/Library/Developer/CommandLineTools/SDKs/MacOSX.sdk/System/Library/Frameworks/OpenGL.framework/Headers/gl.h:2597:13: note: 'glNormal3f' has been explicitly marked deprecated here
 2597 | extern void glNormal3f (GLfloat nx, GLfloat ny, GLfloat nz) OPENGL_DEPRECATED(10.0, 10.14);
      |             ^
main.cpp:2388:9: warning: 'glTexCoord2f' is deprecated: first deprecated in macOS 10.14 - OpenGL API deprecated. (Define GL_SILENCE_DEPRECATION to silence these warnings) [-Wdeprecated-declarations]
 2388 |         glTexCoord2f(0, 0); glVertex3f(-500, 0.1f, z - 20);
      |         ^
/Library/Developer/CommandLineTools/SDKs/MacOSX.sdk/System/Library/Frameworks/OpenGL.framework/Headers/gl.h:2685:13: note: 'glTexCoord2f' has been explicitly marked deprecated here
 2685 | extern void glTexCoord2f (GLfloat s, GLfloat t) OPENGL_DEPRECATED(10.0, 10.14);
      |             ^
main.cpp:2388:29: warning: 'glVertex3f' is deprecated: first deprecated in macOS 10.14 - OpenGL API deprecated. (Define GL_SILENCE_DEPRECATION to silence these warnings) [-Wdeprecated-declarations]
 2388 |         glTexCoord2f(0, 0); glVertex3f(-500, 0.1f, z - 20);
      |                             ^
/Library/Developer/CommandLineTools/SDKs/MacOSX.sdk/System/Library/Frameworks/OpenGL.framework/Headers/gl.h:2740:13: note: 'glVertex3f' has been explicitly marked deprecated here
 2740 | extern void glVertex3f (GLfloat x, GLfloat y, GLfloat z) OPENGL_DEPRECATED(10.0, 10.14);
      |             ^
main.cpp:2389:9: warning: 'glTexCoord2f' is deprecated: first deprecated in macOS 10.14 - OpenGL API deprecated. (Define GL_SILENCE_DEPRECATION to silence these warnings) [-Wdeprecated-declarations]
 2389 |         glTexCoord2f(roadTexRep, 0); glVertex3f(500, 0.1f, z - 20);
      |         ^
/Library/Developer/CommandLineTools/SDKs/MacOSX.sdk/System/Library/Frameworks/OpenGL.framework/Headers/gl.h:2685:13: note: 'glTexCoord2f' has been explicitly marked deprecated here
 2685 | extern void glTexCoord2f (GLfloat s, GLfloat t) OPENGL_DEPRECATED(10.0, 10.14);
      |             ^
main.cpp:2389:38: warning: 'glVertex3f' is deprecated: first deprecated in macOS 10.14 - OpenGL API deprecated. (Define GL_SILENCE_DEPRECATION to silence these warnings) [-Wdeprecated-declarations]
 2389 |         glTexCoord2f(roadTexRep, 0); glVertex3f(500, 0.1f, z - 20);
      |                                      ^
/Library/Developer/CommandLineTools/SDKs/MacOSX.sdk/System/Library/Frameworks/OpenGL.framework/Headers/gl.h:2740:13: note: 'glVertex3f' has been explicitly marked deprecated here
 2740 | extern void glVertex3f (GLfloat x, GLfloat y, GLfloat z) OPENGL_DEPRECATED(10.0, 10.14);
      |             ^
main.cpp:2390:9: warning: 'glTexCoord2f' is deprecated: first deprecated in macOS 10.14 - OpenGL API deprecated. (Define GL_SILENCE_DEPRECATION to silence these warnings) [-Wdeprecated-declarations]
 2390 |         glTexCoord2f(roadTexRep, 1); glVertex3f(500, 0.1f, z + 20);
      |         ^
/Library/Developer/CommandLineTools/SDKs/MacOSX.sdk/System/Library/Frameworks/OpenGL.framework/Headers/gl.h:2685:13: note: 'glTexCoord2f' has been explicitly marked deprecated here
 2685 | extern void glTexCoord2f (GLfloat s, GLfloat t) OPENGL_DEPRECATED(10.0, 10.14);
      |             ^
main.cpp:2390:38: warning: 'glVertex3f' is deprecated: first deprecated in macOS 10.14 - OpenGL API deprecated. (Define GL_SILENCE_DEPRECATION to silence these warnings) [-Wdeprecated-declarations]
 2390 |         glTexCoord2f(roadTexRep, 1); glVertex3f(500, 0.1f, z + 20);
      |                                      ^
/Library/Developer/CommandLineTools/SDKs/MacOSX.sdk/System/Library/Frameworks/OpenGL.framework/Headers/gl.h:2740:13: note: 'glVertex3f' has been explicitly marked deprecated here
 2740 | extern void glVertex3f (GLfloat x, GLfloat y, GLfloat z) OPENGL_DEPRECATED(10.0, 10.14);
      |             ^
main.cpp:2391:9: warning: 'glTexCoord2f' is deprecated: first deprecated in macOS 10.14 - OpenGL API deprecated. (Define GL_SILENCE_DEPRECATION to silence these warnings) [-Wdeprecated-declarations]
 2391 |         glTexCoord2f(0, 1); glVertex3f(-500, 0.1f, z + 20);
      |         ^
/Library/Developer/CommandLineTools/SDKs/MacOSX.sdk/System/Library/Frameworks/OpenGL.framework/Headers/gl.h:2685:13: note: 'glTexCoord2f' has been explicitly marked deprecated here
 2685 | extern void glTexCoord2f (GLfloat s, GLfloat t) OPENGL_DEPRECATED(10.0, 10.14);
      |             ^
main.cpp:2391:29: warning: 'glVertex3f' is deprecated: first deprecated in macOS 10.14 - OpenGL API deprecated. (Define GL_SILENCE_DEPRECATION to silence these warnings) [-Wdeprecated-declarations]
 2391 |         glTexCoord2f(0, 1); glVertex3f(-500, 0.1f, z + 20);
      |                             ^
/Library/Developer/CommandLineTools/SDKs/MacOSX.sdk/System/Library/Frameworks/OpenGL.framework/Headers/gl.h:2740:13: note: 'glVertex3f' has been explicitly marked deprecated here
 2740 | extern void glVertex3f (GLfloat x, GLfloat y, GLfloat z) OPENGL_DEPRECATED(10.0, 10.14);
      |             ^
main.cpp:2392:9: warning: 'glEnd' is deprecated: first deprecated in macOS 10.14 - OpenGL API deprecated. (Define GL_SILENCE_DEPRECATION to silence these warnings) [-Wdeprecated-declarations]
 2392 |         glEnd();
      |         ^
/Library/Developer/CommandLineTools/SDKs/MacOSX.sdk/System/Library/Frameworks/OpenGL.framework/Headers/gl.h:2474:13: note: 'glEnd' has been explicitly marked deprecated here
 2474 | extern void glEnd (void) OPENGL_DEPRECATED(10.0, 10.14);
      |             ^
main.cpp:2397:9: warning: 'glBegin' is deprecated: first deprecated in macOS 10.14 - OpenGL API deprecated. (Define GL_SILENCE_DEPRECATION to silence these warnings) [-Wdeprecated-declarations]
 2397 |         glBegin(GL_QUADS);
      |         ^
/Library/Developer/CommandLineTools/SDKs/MacOSX.sdk/System/Library/Frameworks/OpenGL.framework/Headers/gl.h:2385:13: note: 'glBegin' has been explicitly marked deprecated here
 2385 | extern void glBegin (GLenum mode) OPENGL_DEPRECATED(10.0, 10.14);
      |             ^
main.cpp:2398:9: warning: 'glNormal3f' is deprecated: first deprecated in macOS 10.14 - OpenGL API deprecated. (Define GL_SILENCE_DEPRECATION to silence these warnings) [-Wdeprecated-declarations]
 2398 |         glNormal3f(0, 1, 0);
      |         ^
/Library/Developer/CommandLineTools/SDKs/MacOSX.sdk/System/Library/Frameworks/OpenGL.framework/Headers/gl.h:2597:13: note: 'glNormal3f' has been explicitly marked deprecated here
 2597 | extern void glNormal3f (GLfloat nx, GLfloat ny, GLfloat nz) OPENGL_DEPRECATED(10.0, 10.14);
      |             ^
main.cpp:2399:9: warning: 'glTexCoord2f' is deprecated: first deprecated in macOS 10.14 - OpenGL API deprecated. (Define GL_SILENCE_DEPRECATION to silence these warnings) [-Wdeprecated-declarations]
 2399 |         glTexCoord2f(0, 0); glVertex3f(x - 20, 0.1f, -500);
      |         ^
/Library/Developer/CommandLineTools/SDKs/MacOSX.sdk/System/Library/Frameworks/OpenGL.framework/Headers/gl.h:2685:13: note: 'glTexCoord2f' has been explicitly marked deprecated here
 2685 | extern void glTexCoord2f (GLfloat s, GLfloat t) OPENGL_DEPRECATED(10.0, 10.14);
      |             ^
main.cpp:2399:29: warning: 'glVertex3f' is deprecated: first deprecated in macOS 10.14 - OpenGL API deprecated. (Define GL_SILENCE_DEPRECATION to silence these warnings) [-Wdeprecated-declarations]
 2399 |         glTexCoord2f(0, 0); glVertex3f(x - 20, 0.1f, -500);
      |                             ^
/Library/Developer/CommandLineTools/SDKs/MacOSX.sdk/System/Library/Frameworks/OpenGL.framework/Headers/gl.h:2740:13: note: 'glVertex3f' has been explicitly marked deprecated here
 2740 | extern void glVertex3f (GLfloat x, GLfloat y, GLfloat z) OPENGL_DEPRECATED(10.0, 10.14);
      |             ^
main.cpp:2400:9: warning: 'glTexCoord2f' is deprecated: first deprecated in macOS 10.14 - OpenGL API deprecated. (Define GL_SILENCE_DEPRECATION to silence these warnings) [-Wdeprecated-declarations]
 2400 |         glTexCoord2f(1, 0); glVertex3f(x + 20, 0.1f, -500);
      |         ^
/Library/Developer/CommandLineTools/SDKs/MacOSX.sdk/System/Library/Frameworks/OpenGL.framework/Headers/gl.h:2685:13: note: 'glTexCoord2f' has been explicitly marked deprecated here
 2685 | extern void glTexCoord2f (GLfloat s, GLfloat t) OPENGL_DEPRECATED(10.0, 10.14);
      |             ^
main.cpp:2400:29: warning: 'glVertex3f' is deprecated: first deprecated in macOS 10.14 - OpenGL API deprecated. (Define GL_SILENCE_DEPRECATION to silence these warnings) [-Wdeprecated-declarations]
 2400 |         glTexCoord2f(1, 0); glVertex3f(x + 20, 0.1f, -500);
      |                             ^
/Library/Developer/CommandLineTools/SDKs/MacOSX.sdk/System/Library/Frameworks/OpenGL.framework/Headers/gl.h:2740:13: note: 'glVertex3f' has been explicitly marked deprecated here
 2740 | extern void glVertex3f (GLfloat x, GLfloat y, GLfloat z) OPENGL_DEPRECATED(10.0, 10.14);
      |             ^
main.cpp:2401:9: warning: 'glTexCoord2f' is deprecated: first deprecated in macOS 10.14 - OpenGL API deprecated. (Define GL_SILENCE_DEPRECATION to silence these warnings) [-Wdeprecated-declarations]
 2401 |         glTexCoord2f(1, roadTexRep); glVertex3f(x + 20, 0.1f, 500);
      |         ^
/Library/Developer/CommandLineTools/SDKs/MacOSX.sdk/System/Library/Frameworks/OpenGL.framework/Headers/gl.h:2685:13: note: 'glTexCoord2f' has been explicitly marked deprecated here
 2685 | extern void glTexCoord2f (GLfloat s, GLfloat t) OPENGL_DEPRECATED(10.0, 10.14);
      |             ^
main.cpp:2401:38: warning: 'glVertex3f' is deprecated: first deprecated in macOS 10.14 - OpenGL API deprecated. (Define GL_SILENCE_DEPRECATION to silence these warnings) [-Wdeprecated-declarations]
 2401 |         glTexCoord2f(1, roadTexRep); glVertex3f(x + 20, 0.1f, 500);
      |                                      ^
/Library/Developer/CommandLineTools/SDKs/MacOSX.sdk/System/Library/Frameworks/OpenGL.framework/Headers/gl.h:2740:13: note: 'glVertex3f' has been explicitly marked deprecated here
 2740 | extern void glVertex3f (GLfloat x, GLfloat y, GLfloat z) OPENGL_DEPRECATED(10.0, 10.14);
      |             ^
main.cpp:2402:9: warning: 'glTexCoord2f' is deprecated: first deprecated in macOS 10.14 - OpenGL API deprecated. (Define GL_SILENCE_DEPRECATION to silence these warnings) [-Wdeprecated-declarations]
 2402 |         glTexCoord2f(0, roadTexRep); glVertex3f(x - 20, 0.1f, 500);
      |         ^
/Library/Developer/CommandLineTools/SDKs/MacOSX.sdk/System/Library/Frameworks/OpenGL.framework/Headers/gl.h:2685:13: note: 'glTexCoord2f' has been explicitly marked deprecated here
 2685 | extern void glTexCoord2f (GLfloat s, GLfloat t) OPENGL_DEPRECATED(10.0, 10.14);
      |             ^
main.cpp:2402:38: warning: 'glVertex3f' is deprecated: first deprecated in macOS 10.14 - OpenGL API deprecated. (Define GL_SILENCE_DEPRECATION to silence these warnings) [-Wdeprecated-declarations]
 2402 |         glTexCoord2f(0, roadTexRep); glVertex3f(x - 20, 0.1f, 500);
      |                                      ^
/Library/Developer/CommandLineTools/SDKs/MacOSX.sdk/System/Library/Frameworks/OpenGL.framework/Headers/gl.h:2740:13: note: 'glVertex3f' has been explicitly marked deprecated here
 2740 | extern void glVertex3f (GLfloat x, GLfloat y, GLfloat z) OPENGL_DEPRECATED(10.0, 10.14);
      |             ^
main.cpp:2403:9: warning: 'glEnd' is deprecated: first deprecated in macOS 10.14 - OpenGL API deprecated. (Define GL_SILENCE_DEPRECATION to silence these warnings) [-Wdeprecated-declarations]
 2403 |         glEnd();
      |         ^
/Library/Developer/CommandLineTools/SDKs/MacOSX.sdk/System/Library/Frameworks/OpenGL.framework/Headers/gl.h:2474:13: note: 'glEnd' has been explicitly marked deprecated here
 2474 | extern void glEnd (void) OPENGL_DEPRECATED(10.0, 10.14);
      |             ^
main.cpp:2406:5: warning: 'glDisable' is deprecated: first deprecated in macOS 10.14 - OpenGL API deprecated. (Define GL_SILENCE_DEPRECATION to silence these warnings) [-Wdeprecated-declarations]
 2406 |     glDisable(GL_TEXTURE_2D);
      |     ^
/Library/Developer/CommandLineTools/SDKs/MacOSX.sdk/System/Library/Frameworks/OpenGL.framework/Headers/gl.h:2462:13: note: 'glDisable' has been explicitly marked deprecated here
 2462 | extern void glDisable (GLenum cap) OPENGL_DEPRECATED(10.0, 10.14);
      |             ^
main.cpp:2409:5: warning: 'glEnable' is deprecated: first deprecated in macOS 10.14 - OpenGL API deprecated. (Define GL_SILENCE_DEPRECATION to silence these warnings) [-Wdeprecated-declarations]
 2409 |     glEnable(GL_TEXTURE_2D);
      |     ^
/Library/Developer/CommandLineTools/SDKs/MacOSX.sdk/System/Library/Frameworks/OpenGL.framework/Headers/gl.h:2472:13: note: 'glEnable' has been explicitly marked deprecated here
 2472 | extern void glEnable (GLenum cap) OPENGL_DEPRECATED(10.0, 10.14);
      |             ^
main.cpp:2410:5: warning: 'glBindTexture' is deprecated: first deprecated in macOS 10.14 - OpenGL API deprecated. (Define GL_SILENCE_DEPRECATION to silence these warnings) [-Wdeprecated-declarations]
 2410 |     glBindTexture(GL_TEXTURE_2D, sidewalkTexture);
      |     ^
/Library/Developer/CommandLineTools/SDKs/MacOSX.sdk/System/Library/Frameworks/OpenGL.framework/Headers/gl.h:2386:13: note: 'glBindTexture' has been explicitly marked deprecated here
 2386 | extern void glBindTexture (GLenum target, GLuint texture) OPENGL_DEPRECATED(10.0, 10.14);
      |             ^
main.cpp:2411:5: warning: 'glColor3f' is deprecated: first deprecated in macOS 10.14 - OpenGL API deprecated. (Define GL_SILENCE_DEPRECATION to silence these warnings) [-Wdeprecated-declarations]
 2411 |     glColor3f(0.7f, 0.7f, 0.7f);  // Lighter gray for sidewalks
      |     ^
/Library/Developer/CommandLineTools/SDKs/MacOSX.sdk/System/Library/Frameworks/OpenGL.framework/Headers/gl.h:2405:13: note: 'glColor3f' has been explicitly marked deprecated here
 2405 | extern void glColor3f (GLfloat red, GLfloat green, GLfloat blue) OPENGL_DEPRECATED(10.0, 10.14);
      |             ^
main.cpp:2416:9: warning: 'glBegin' is deprecated: first deprecated in macOS 10.14 - OpenGL API deprecated. (Define GL_SILENCE_DEPRECATION to silence these warnings) [-Wdeprecated-declarations]
 2416 |         glBegin(GL_QUADS);
      |         ^
/Library/Developer/CommandLineTools/SDKs/MacOSX.sdk/System/Library/Frameworks/OpenGL.framework/Headers/gl.h:2385:13: note: 'glBegin' has been explicitly marked deprecated here
 2385 | extern void glBegin (GLenum mode) OPENGL_DEPRECATED(10.0, 10.14);
      |             ^
main.cpp:2417:9: warning: 'glNormal3f' is deprecated: first deprecated in macOS 10.14 - OpenGL API deprecated. (Define GL_SILENCE_DEPRECATION to silence these warnings) [-Wdeprecated-declarations]
 2417 |         glNormal3f(0, 1, 0);
      |         ^
/Library/Developer/CommandLineTools/SDKs/MacOSX.sdk/System/Library/Frameworks/OpenGL.framework/Headers/gl.h:2597:13: note: 'glNormal3f' has been explicitly marked deprecated here
 2597 | extern void glNormal3f (GLfloat nx, GLfloat ny, GLfloat nz) OPENGL_DEPRECATED(10.0, 10.14);
      |             ^
main.cpp:2418:9: warning: 'glTexCoord2f' is deprecated: first deprecated in macOS 10.14 - OpenGL API deprecated. (Define GL_SILENCE_DEPRECATION to silence these warnings) [-Wdeprecated-declarations]
 2418 |         glTexCoord2f(0, 0); glVertex3f(-500, 0.25f, z + 20);
      |         ^
/Library/Developer/CommandLineTools/SDKs/MacOSX.sdk/System/Library/Frameworks/OpenGL.framework/Headers/gl.h:2685:13: note: 'glTexCoord2f' has been explicitly marked deprecated here
 2685 | extern void glTexCoord2f (GLfloat s, GLfloat t) OPENGL_DEPRECATED(10.0, 10.14);
      |             ^
main.cpp:2418:29: warning: 'glVertex3f' is deprecated: first deprecated in macOS 10.14 - OpenGL API deprecated. (Define GL_SILENCE_DEPRECATION to silence these warnings) [-Wdeprecated-declarations]
 2418 |         glTexCoord2f(0, 0); glVertex3f(-500, 0.25f, z + 20);
      |                             ^
/Library/Developer/CommandLineTools/SDKs/MacOSX.sdk/System/Library/Frameworks/OpenGL.framework/Headers/gl.h:2740:13: note: 'glVertex3f' has been explicitly marked deprecated here
 2740 | extern void glVertex3f (GLfloat x, GLfloat y, GLfloat z) OPENGL_DEPRECATED(10.0, 10.14);
      |             ^
main.cpp:2419:9: warning: 'glTexCoord2f' is deprecated: first deprecated in macOS 10.14 - OpenGL API deprecated. (Define GL_SILENCE_DEPRECATION to silence these warnings) [-Wdeprecated-declarations]
 2419 |         glTexCoord2f(50, 0); glVertex3f(500, 0.25f, z + 20);
      |         ^
/Library/Developer/CommandLineTools/SDKs/MacOSX.sdk/System/Library/Frameworks/OpenGL.framework/Headers/gl.h:2685:13: note: 'glTexCoord2f' has been explicitly marked deprecated here
 2685 | extern void glTexCoord2f (GLfloat s, GLfloat t) OPENGL_DEPRECATED(10.0, 10.14);
      |             ^
main.cpp:2419:30: warning: 'glVertex3f' is deprecated: first deprecated in macOS 10.14 - OpenGL API deprecated. (Define GL_SILENCE_DEPRECATION to silence these warnings) [-Wdeprecated-declarations]
 2419 |         glTexCoord2f(50, 0); glVertex3f(500, 0.25f, z + 20);
      |                              ^
/Library/Developer/CommandLineTools/SDKs/MacOSX.sdk/System/Library/Frameworks/OpenGL.framework/Headers/gl.h:2740:13: note: 'glVertex3f' has been explicitly marked deprecated here
 2740 | extern void glVertex3f (GLfloat x, GLfloat y, GLfloat z) OPENGL_DEPRECATED(10.0, 10.14);
      |             ^
main.cpp:2420:9: warning: 'glTexCoord2f' is deprecated: first deprecated in macOS 10.14 - OpenGL API deprecated. (Define GL_SILENCE_DEPRECATION to silence these warnings) [-Wdeprecated-declarations]
 2420 |         glTexCoord2f(50, 1); glVertex3f(500, 0.25f, z + 28);
      |         ^
/Library/Developer/CommandLineTools/SDKs/MacOSX.sdk/System/Library/Frameworks/OpenGL.framework/Headers/gl.h:2685:13: note: 'glTexCoord2f' has been explicitly marked deprecated here
 2685 | extern void glTexCoord2f (GLfloat s, GLfloat t) OPENGL_DEPRECATED(10.0, 10.14);
      |             ^
main.cpp:2420:30: warning: 'glVertex3f' is deprecated: first deprecated in macOS 10.14 - OpenGL API deprecated. (Define GL_SILENCE_DEPRECATION to silence these warnings) [-Wdeprecated-declarations]
 2420 |         glTexCoord2f(50, 1); glVertex3f(500, 0.25f, z + 28);
      |                              ^
/Library/Developer/CommandLineTools/SDKs/MacOSX.sdk/System/Library/Frameworks/OpenGL.framework/Headers/gl.h:2740:13: note: 'glVertex3f' has been explicitly marked deprecated here
 2740 | extern void glVertex3f (GLfloat x, GLfloat y, GLfloat z) OPENGL_DEPRECATED(10.0, 10.14);
      |             ^
main.cpp:2421:9: warning: 'glTexCoord2f' is deprecated: first deprecated in macOS 10.14 - OpenGL API deprecated. (Define GL_SILENCE_DEPRECATION to silence these warnings) [-Wdeprecated-declarations]
 2421 |         glTexCoord2f(0, 1); glVertex3f(-500, 0.25f, z + 28);
      |         ^
/Library/Developer/CommandLineTools/SDKs/MacOSX.sdk/System/Library/Frameworks/OpenGL.framework/Headers/gl.h:2685:13: note: 'glTexCoord2f' has been explicitly marked deprecated here
 2685 | extern void glTexCoord2f (GLfloat s, GLfloat t) OPENGL_DEPRECATED(10.0, 10.14);
      |             ^
main.cpp:2421:29: warning: 'glVertex3f' is deprecated: first deprecated in macOS 10.14 - OpenGL API deprecated. (Define GL_SILENCE_DEPRECATION to silence these warnings) [-Wdeprecated-declarations]
 2421 |         glTexCoord2f(0, 1); glVertex3f(-500, 0.25f, z + 28);
      |                             ^
/Library/Developer/CommandLineTools/SDKs/MacOSX.sdk/System/Library/Frameworks/OpenGL.framework/Headers/gl.h:2740:13: note: 'glVertex3f' has been explicitly marked deprecated here
 2740 | extern void glVertex3f (GLfloat x, GLfloat y, GLfloat z) OPENGL_DEPRECATED(10.0, 10.14);
      |             ^
main.cpp:2422:9: warning: 'glEnd' is deprecated: first deprecated in macOS 10.14 - OpenGL API deprecated. (Define GL_SILENCE_DEPRECATION to silence these warnings) [-Wdeprecated-declarations]
 2422 |         glEnd();
      |         ^
/Library/Developer/CommandLineTools/SDKs/MacOSX.sdk/System/Library/Frameworks/OpenGL.framework/Headers/gl.h:2474:13: note: 'glEnd' has been explicitly marked deprecated here
 2474 | extern void glEnd (void) OPENGL_DEPRECATED(10.0, 10.14);
      |             ^
main.cpp:2424:9: warning: 'glDisable' is deprecated: first deprecated in macOS 10.14 - OpenGL API deprecated. (Define GL_SILENCE_DEPRECATION to silence these warnings) [-Wdeprecated-declarations]
 2424 |         glDisable(GL_TEXTURE_2D);
      |         ^
/Library/Developer/CommandLineTools/SDKs/MacOSX.sdk/System/Library/Frameworks/OpenGL.framework/Headers/gl.h:2462:13: note: 'glDisable' has been explicitly marked deprecated here
 2462 | extern void glDisable (GLenum cap) OPENGL_DEPRECATED(10.0, 10.14);
      |             ^
main.cpp:2426:9: warning: 'glColor3f' is deprecated: first deprecated in macOS 10.14 - OpenGL API deprecated. (Define GL_SILENCE_DEPRECATION to silence these warnings) [-Wdeprecated-declarations]
 2426 |         glColor3f(0.5f, 0.5f, 0.5f);
      |         ^
/Library/Developer/CommandLineTools/SDKs/MacOSX.sdk/System/Library/Frameworks/OpenGL.framework/Headers/gl.h:2405:13: note: 'glColor3f' has been explicitly marked deprecated here
 2405 | extern void glColor3f (GLfloat red, GLfloat green, GLfloat blue) OPENGL_DEPRECATED(10.0, 10.14);
      |             ^
main.cpp:2427:9: warning: 'glBegin' is deprecated: first deprecated in macOS 10.14 - OpenGL API deprecated. (Define GL_SILENCE_DEPRECATION to silence these warnings) [-Wdeprecated-declarations]
 2427 |         glBegin(GL_QUADS);
      |         ^
/Library/Developer/CommandLineTools/SDKs/MacOSX.sdk/System/Library/Frameworks/OpenGL.framework/Headers/gl.h:2385:13: note: 'glBegin' has been explicitly marked deprecated here
 2385 | extern void glBegin (GLenum mode) OPENGL_DEPRECATED(10.0, 10.14);
      |             ^
main.cpp:2428:9: warning: 'glNormal3f' is deprecated: first deprecated in macOS 10.14 - OpenGL API deprecated. (Define GL_SILENCE_DEPRECATION to silence these warnings) [-Wdeprecated-declarations]
 2428 |         glNormal3f(0, 0, -1);
      |         ^
/Library/Developer/CommandLineTools/SDKs/MacOSX.sdk/System/Library/Frameworks/OpenGL.framework/Headers/gl.h:2597:13: note: 'glNormal3f' has been explicitly marked deprecated here
 2597 | extern void glNormal3f (GLfloat nx, GLfloat ny, GLfloat nz) OPENGL_DEPRECATED(10.0, 10.14);
      |             ^
main.cpp:2429:9: warning: 'glVertex3f' is deprecated: first deprecated in macOS 10.14 - OpenGL API deprecated. (Define GL_SILENCE_DEPRECATION to silence these warnings) [-Wdeprecated-declarations]
 2429 |         glVertex3f(-500, 0.25f, z + 20);
      |         ^
/Library/Developer/CommandLineTools/SDKs/MacOSX.sdk/System/Library/Frameworks/OpenGL.framework/Headers/gl.h:2740:13: note: 'glVertex3f' has been explicitly marked deprecated here
 2740 | extern void glVertex3f (GLfloat x, GLfloat y, GLfloat z) OPENGL_DEPRECATED(10.0, 10.14);
      |             ^
main.cpp:2430:9: warning: 'glVertex3f' is deprecated: first deprecated in macOS 10.14 - OpenGL API deprecated. (Define GL_SILENCE_DEPRECATION to silence these warnings) [-Wdeprecated-declarations]
 2430 |         glVertex3f(500, 0.25f, z + 20);
      |         ^
/Library/Developer/CommandLineTools/SDKs/MacOSX.sdk/System/Library/Frameworks/OpenGL.framework/Headers/gl.h:2740:13: note: 'glVertex3f' has been explicitly marked deprecated here
 2740 | extern void glVertex3f (GLfloat x, GLfloat y, GLfloat z) OPENGL_DEPRECATED(10.0, 10.14);
      |             ^
main.cpp:2431:9: warning: 'glVertex3f' is deprecated: first deprecated in macOS 10.14 - OpenGL API deprecated. (Define GL_SILENCE_DEPRECATION to silence these warnings) [-Wdeprecated-declarations]
 2431 |         glVertex3f(500, 0.5f, z + 20);
      |         ^
/Library/Developer/CommandLineTools/SDKs/MacOSX.sdk/System/Library/Frameworks/OpenGL.framework/Headers/gl.h:2740:13: note: 'glVertex3f' has been explicitly marked deprecated here
 2740 | extern void glVertex3f (GLfloat x, GLfloat y, GLfloat z) OPENGL_DEPRECATED(10.0, 10.14);
      |             ^
main.cpp:2432:9: warning: 'glVertex3f' is deprecated: first deprecated in macOS 10.14 - OpenGL API deprecated. (Define GL_SILENCE_DEPRECATION to silence these warnings) [-Wdeprecated-declarations]
 2432 |         glVertex3f(-500, 0.5f, z + 20);
      |         ^
/Library/Developer/CommandLineTools/SDKs/MacOSX.sdk/System/Library/Frameworks/OpenGL.framework/Headers/gl.h:2740:13: note: 'glVertex3f' has been explicitly marked deprecated here
 2740 | extern void glVertex3f (GLfloat x, GLfloat y, GLfloat z) OPENGL_DEPRECATED(10.0, 10.14);
      |             ^
main.cpp:2433:9: warning: 'glEnd' is deprecated: first deprecated in macOS 10.14 - OpenGL API deprecated. (Define GL_SILENCE_DEPRECATION to silence these warnings) [-Wdeprecated-declarations]
 2433 |         glEnd();
      |         ^
/Library/Developer/CommandLineTools/SDKs/MacOSX.sdk/System/Library/Frameworks/OpenGL.framework/Headers/gl.h:2474:13: note: 'glEnd' has been explicitly marked deprecated here
 2474 | extern void glEnd (void) OPENGL_DEPRECATED(10.0, 10.14);
      |             ^
main.cpp:2435:9: warning: 'glEnable' is deprecated: first deprecated in macOS 10.14 - OpenGL API deprecated. (Define GL_SILENCE_DEPRECATION to silence these warnings) [-Wdeprecated-declarations]
 2435 |         glEnable(GL_TEXTURE_2D);
      |         ^
/Library/Developer/CommandLineTools/SDKs/MacOSX.sdk/System/Library/Frameworks/OpenGL.framework/Headers/gl.h:2472:13: note: 'glEnable' has been explicitly marked deprecated here
 2472 | extern void glEnable (GLenum cap) OPENGL_DEPRECATED(10.0, 10.14);
      |             ^
main.cpp:2436:9: warning: 'glBindTexture' is deprecated: first deprecated in macOS 10.14 - OpenGL API deprecated. (Define GL_SILENCE_DEPRECATION to silence these warnings) [-Wdeprecated-declarations]
 2436 |         glBindTexture(GL_TEXTURE_2D, sidewalkTexture);
      |         ^
/Library/Developer/CommandLineTools/SDKs/MacOSX.sdk/System/Library/Frameworks/OpenGL.framework/Headers/gl.h:2386:13: note: 'glBindTexture' has been explicitly marked deprecated here
 2386 | extern void glBindTexture (GLenum target, GLuint texture) OPENGL_DEPRECATED(10.0, 10.14);
      |             ^
main.cpp:2438:9: warning: 'glColor3f' is deprecated: first deprecated in macOS 10.14 - OpenGL API deprecated. (Define GL_SILENCE_DEPRECATION to silence these warnings) [-Wdeprecated-declarations]
 2438 |         glColor3f(0.7f, 0.7f, 0.7f);
      |         ^
/Library/Developer/CommandLineTools/SDKs/MacOSX.sdk/System/Library/Frameworks/OpenGL.framework/Headers/gl.h:2405:13: note: 'glColor3f' has been explicitly marked deprecated here
 2405 | extern void glColor3f (GLfloat red, GLfloat green, GLfloat blue) OPENGL_DEPRECATED(10.0, 10.14);
      |             ^
main.cpp:2439:9: warning: 'glBegin' is deprecated: first deprecated in macOS 10.14 - OpenGL API deprecated. (Define GL_SILENCE_DEPRECATION to silence these warnings) [-Wdeprecated-declarations]
 2439 |         glBegin(GL_QUADS);
      |         ^
/Library/Developer/CommandLineTools/SDKs/MacOSX.sdk/System/Library/Frameworks/OpenGL.framework/Headers/gl.h:2385:13: note: 'glBegin' has been explicitly marked deprecated here
 2385 | extern void glBegin (GLenum mode) OPENGL_DEPRECATED(10.0, 10.14);
      |             ^
main.cpp:2440:9: warning: 'glNormal3f' is deprecated: first deprecated in macOS 10.14 - OpenGL API deprecated. (Define GL_SILENCE_DEPRECATION to silence these warnings) [-Wdeprecated-declarations]
 2440 |         glNormal3f(0, 1, 0);
      |         ^
/Library/Developer/CommandLineTools/SDKs/MacOSX.sdk/System/Library/Frameworks/OpenGL.framework/Headers/gl.h:2597:13: note: 'glNormal3f' has been explicitly marked deprecated here
 2597 | extern void glNormal3f (GLfloat nx, GLfloat ny, GLfloat nz) OPENGL_DEPRECATED(10.0, 10.14);
      |             ^
main.cpp:2441:9: warning: 'glTexCoord2f' is deprecated: first deprecated in macOS 10.14 - OpenGL API deprecated. (Define GL_SILENCE_DEPRECATION to silence these warnings) [-Wdeprecated-declarations]
 2441 |         glTexCoord2f(0, 0); glVertex3f(-500, 0.25f, z - 28);
      |         ^
/Library/Developer/CommandLineTools/SDKs/MacOSX.sdk/System/Library/Frameworks/OpenGL.framework/Headers/gl.h:2685:13: note: 'glTexCoord2f' has been explicitly marked deprecated here
 2685 | extern void glTexCoord2f (GLfloat s, GLfloat t) OPENGL_DEPRECATED(10.0, 10.14);
      |             ^
main.cpp:2441:29: warning: 'glVertex3f' is deprecated: first deprecated in macOS 10.14 - OpenGL API deprecated. (Define GL_SILENCE_DEPRECATION to silence these warnings) [-Wdeprecated-declarations]
 2441 |         glTexCoord2f(0, 0); glVertex3f(-500, 0.25f, z - 28);
      |                             ^
/Library/Developer/CommandLineTools/SDKs/MacOSX.sdk/System/Library/Frameworks/OpenGL.framework/Headers/gl.h:2740:13: note: 'glVertex3f' has been explicitly marked deprecated here
 2740 | extern void glVertex3f (GLfloat x, GLfloat y, GLfloat z) OPENGL_DEPRECATED(10.0, 10.14);
      |             ^
main.cpp:2442:9: warning: 'glTexCoord2f' is deprecated: first deprecated in macOS 10.14 - OpenGL API deprecated. (Define GL_SILENCE_DEPRECATION to silence these warnings) [-Wdeprecated-declarations]
 2442 |         glTexCoord2f(50, 0); glVertex3f(500, 0.25f, z - 28);
      |         ^
/Library/Developer/CommandLineTools/SDKs/MacOSX.sdk/System/Library/Frameworks/OpenGL.framework/Headers/gl.h:2685:13: note: 'glTexCoord2f' has been explicitly marked deprecated here
 2685 | extern void glTexCoord2f (GLfloat s, GLfloat t) OPENGL_DEPRECATED(10.0, 10.14);
      |             ^
main.cpp:2442:30: warning: 'glVertex3f' is deprecated: first deprecated in macOS 10.14 - OpenGL API deprecated. (Define GL_SILENCE_DEPRECATION to silence these warnings) [-Wdeprecated-declarations]
 2442 |         glTexCoord2f(50, 0); glVertex3f(500, 0.25f, z - 28);
      |                              ^
/Library/Developer/CommandLineTools/SDKs/MacOSX.sdk/System/Library/Frameworks/OpenGL.framework/Headers/gl.h:2740:13: note: 'glVertex3f' has been explicitly marked deprecated here
 2740 | extern void glVertex3f (GLfloat x, GLfloat y, GLfloat z) OPENGL_DEPRECATED(10.0, 10.14);
      |             ^
main.cpp:2443:9: warning: 'glTexCoord2f' is deprecated: first deprecated in macOS 10.14 - OpenGL API deprecated. (Define GL_SILENCE_DEPRECATION to silence these warnings) [-Wdeprecated-declarations]
 2443 |         glTexCoord2f(50, 1); glVertex3f(500, 0.25f, z - 20);
      |         ^
/Library/Developer/CommandLineTools/SDKs/MacOSX.sdk/System/Library/Frameworks/OpenGL.framework/Headers/gl.h:2685:13: note: 'glTexCoord2f' has been explicitly marked deprecated here
 2685 | extern void glTexCoord2f (GLfloat s, GLfloat t) OPENGL_DEPRECATED(10.0, 10.14);
      |             ^
main.cpp:2443:30: warning: 'glVertex3f' is deprecated: first deprecated in macOS 10.14 - OpenGL API deprecated. (Define GL_SILENCE_DEPRECATION to silence these warnings) [-Wdeprecated-declarations]
 2443 |         glTexCoord2f(50, 1); glVertex3f(500, 0.25f, z - 20);
      |                              ^
/Library/Developer/CommandLineTools/SDKs/MacOSX.sdk/System/Library/Frameworks/OpenGL.framework/Headers/gl.h:2740:13: note: 'glVertex3f' has been explicitly marked deprecated here
 2740 | extern void glVertex3f (GLfloat x, GLfloat y, GLfloat z) OPENGL_DEPRECATED(10.0, 10.14);
      |             ^
main.cpp:2444:9: warning: 'glTexCoord2f' is deprecated: first deprecated in macOS 10.14 - OpenGL API deprecated. (Define GL_SILENCE_DEPRECATION to silence these warnings) [-Wdeprecated-declarations]
 2444 |         glTexCoord2f(0, 1); glVertex3f(-500, 0.25f, z - 20);
      |         ^
/Library/Developer/CommandLineTools/SDKs/MacOSX.sdk/System/Library/Frameworks/OpenGL.framework/Headers/gl.h:2685:13: note: 'glTexCoord2f' has been explicitly marked deprecated here
 2685 | extern void glTexCoord2f (GLfloat s, GLfloat t) OPENGL_DEPRECATED(10.0, 10.14);
      |             ^
main.cpp:2444:29: warning: 'glVertex3f' is deprecated: first deprecated in macOS 10.14 - OpenGL API deprecated. (Define GL_SILENCE_DEPRECATION to silence these warnings) [-Wdeprecated-declarations]
 2444 |         glTexCoord2f(0, 1); glVertex3f(-500, 0.25f, z - 20);
      |                             ^
/Library/Developer/CommandLineTools/SDKs/MacOSX.sdk/System/Library/Frameworks/OpenGL.framework/Headers/gl.h:2740:13: note: 'glVertex3f' has been explicitly marked deprecated here
 2740 | extern void glVertex3f (GLfloat x, GLfloat y, GLfloat z) OPENGL_DEPRECATED(10.0, 10.14);
      |             ^
main.cpp:2445:9: warning: 'glEnd' is deprecated: first deprecated in macOS 10.14 - OpenGL API deprecated. (Define GL_SILENCE_DEPRECATION to silence these warnings) [-Wdeprecated-declarations]
 2445 |         glEnd();
      |         ^
/Library/Developer/CommandLineTools/SDKs/MacOSX.sdk/System/Library/Frameworks/OpenGL.framework/Headers/gl.h:2474:13: note: 'glEnd' has been explicitly marked deprecated here
 2474 | extern void glEnd (void) OPENGL_DEPRECATED(10.0, 10.14);
      |             ^
main.cpp:2447:9: warning: 'glDisable' is deprecated: first deprecated in macOS 10.14 - OpenGL API deprecated. (Define GL_SILENCE_DEPRECATION to silence these warnings) [-Wdeprecated-declarations]
 2447 |         glDisable(GL_TEXTURE_2D);
      |         ^
/Library/Developer/CommandLineTools/SDKs/MacOSX.sdk/System/Library/Frameworks/OpenGL.framework/Headers/gl.h:2462:13: note: 'glDisable' has been explicitly marked deprecated here
 2462 | extern void glDisable (GLenum cap) OPENGL_DEPRECATED(10.0, 10.14);
      |             ^
main.cpp:2449:9: warning: 'glColor3f' is deprecated: first deprecated in macOS 10.14 - OpenGL API deprecated. (Define GL_SILENCE_DEPRECATION to silence these warnings) [-Wdeprecated-declarations]
 2449 |         glColor3f(0.5f, 0.5f, 0.5f);
      |         ^
/Library/Developer/CommandLineTools/SDKs/MacOSX.sdk/System/Library/Frameworks/OpenGL.framework/Headers/gl.h:2405:13: note: 'glColor3f' has been explicitly marked deprecated here
 2405 | extern void glColor3f (GLfloat red, GLfloat green, GLfloat blue) OPENGL_DEPRECATED(10.0, 10.14);
      |             ^
main.cpp:2450:9: warning: 'glBegin' is deprecated: first deprecated in macOS 10.14 - OpenGL API deprecated. (Define GL_SILENCE_DEPRECATION to silence these warnings) [-Wdeprecated-declarations]
 2450 |         glBegin(GL_QUADS);
      |         ^
/Library/Developer/CommandLineTools/SDKs/MacOSX.sdk/System/Library/Frameworks/OpenGL.framework/Headers/gl.h:2385:13: note: 'glBegin' has been explicitly marked deprecated here
 2385 | extern void glBegin (GLenum mode) OPENGL_DEPRECATED(10.0, 10.14);
      |             ^
main.cpp:2451:9: warning: 'glNormal3f' is deprecated: first deprecated in macOS 10.14 - OpenGL API deprecated. (Define GL_SILENCE_DEPRECATION to silence these warnings) [-Wdeprecated-declarations]
 2451 |         glNormal3f(0, 0, 1);
      |         ^
/Library/Developer/CommandLineTools/SDKs/MacOSX.sdk/System/Library/Frameworks/OpenGL.framework/Headers/gl.h:2597:13: note: 'glNormal3f' has been explicitly marked deprecated here
 2597 | extern void glNormal3f (GLfloat nx, GLfloat ny, GLfloat nz) OPENGL_DEPRECATED(10.0, 10.14);
      |             ^
main.cpp:2452:9: warning: 'glVertex3f' is deprecated: first deprecated in macOS 10.14 - OpenGL API deprecated. (Define GL_SILENCE_DEPRECATION to silence these warnings) [-Wdeprecated-declarations]
 2452 |         glVertex3f(-500, 0.25f, z - 20);
      |         ^
/Library/Developer/CommandLineTools/SDKs/MacOSX.sdk/System/Library/Frameworks/OpenGL.framework/Headers/gl.h:2740:13: note: 'glVertex3f' has been explicitly marked deprecated here
 2740 | extern void glVertex3f (GLfloat x, GLfloat y, GLfloat z) OPENGL_DEPRECATED(10.0, 10.14);
      |             ^
main.cpp:2453:9: warning: 'glVertex3f' is deprecated: first deprecated in macOS 10.14 - OpenGL API deprecated. (Define GL_SILENCE_DEPRECATION to silence these warnings) [-Wdeprecated-declarations]
 2453 |         glVertex3f(500, 0.25f, z - 20);
      |         ^
/Library/Developer/CommandLineTools/SDKs/MacOSX.sdk/System/Library/Frameworks/OpenGL.framework/Headers/gl.h:2740:13: note: 'glVertex3f' has been explicitly marked deprecated here
 2740 | extern void glVertex3f (GLfloat x, GLfloat y, GLfloat z) OPENGL_DEPRECATED(10.0, 10.14);
      |             ^
main.cpp:2454:9: warning: 'glVertex3f' is deprecated: first deprecated in macOS 10.14 - OpenGL API deprecated. (Define GL_SILENCE_DEPRECATION to silence these warnings) [-Wdeprecated-declarations]
 2454 |         glVertex3f(500, 0.5f, z - 20);
      |         ^
/Library/Developer/CommandLineTools/SDKs/MacOSX.sdk/System/Library/Frameworks/OpenGL.framework/Headers/gl.h:2740:13: note: 'glVertex3f' has been explicitly marked deprecated here
 2740 | extern void glVertex3f (GLfloat x, GLfloat y, GLfloat z) OPENGL_DEPRECATED(10.0, 10.14);
      |             ^
main.cpp:2455:9: warning: 'glVertex3f' is deprecated: first deprecated in macOS 10.14 - OpenGL API deprecated. (Define GL_SILENCE_DEPRECATION to silence these warnings) [-Wdeprecated-declarations]
 2455 |         glVertex3f(-500, 0.5f, z - 20);
      |         ^
/Library/Developer/CommandLineTools/SDKs/MacOSX.sdk/System/Library/Frameworks/OpenGL.framework/Headers/gl.h:2740:13: note: 'glVertex3f' has been explicitly marked deprecated here
 2740 | extern void glVertex3f (GLfloat x, GLfloat y, GLfloat z) OPENGL_DEPRECATED(10.0, 10.14);
      |             ^
main.cpp:2456:9: warning: 'glEnd' is deprecated: first deprecated in macOS 10.14 - OpenGL API deprecated. (Define GL_SILENCE_DEPRECATION to silence these warnings) [-Wdeprecated-declarations]
 2456 |         glEnd();
      |         ^
/Library/Developer/CommandLineTools/SDKs/MacOSX.sdk/System/Library/Frameworks/OpenGL.framework/Headers/gl.h:2474:13: note: 'glEnd' has been explicitly marked deprecated here
 2474 | extern void glEnd (void) OPENGL_DEPRECATED(10.0, 10.14);
      |             ^
main.cpp:2462:9: warning: 'glColor3f' is deprecated: first deprecated in macOS 10.14 - OpenGL API deprecated. (Define GL_SILENCE_DEPRECATION to silence these warnings) [-Wdeprecated-declarations]
 2462 |         glColor3f(0.6f, 0.6f, 0.6f);
      |         ^
/Library/Developer/CommandLineTools/SDKs/MacOSX.sdk/System/Library/Frameworks/OpenGL.framework/Headers/gl.h:2405:13: note: 'glColor3f' has been explicitly marked deprecated here
 2405 | extern void glColor3f (GLfloat red, GLfloat green, GLfloat blue) OPENGL_DEPRECATED(10.0, 10.14);
      |             ^
main.cpp:2463:9: warning: 'glBegin' is deprecated: first deprecated in macOS 10.14 - OpenGL API deprecated. (Define GL_SILENCE_DEPRECATION to silence these warnings) [-Wdeprecated-declarations]
 2463 |         glBegin(GL_QUADS);
      |         ^
/Library/Developer/CommandLineTools/SDKs/MacOSX.sdk/System/Library/Frameworks/OpenGL.framework/Headers/gl.h:2385:13: note: 'glBegin' has been explicitly marked deprecated here
 2385 | extern void glBegin (GLenum mode) OPENGL_DEPRECATED(10.0, 10.14);
      |             ^
main.cpp:2464:9: warning: 'glNormal3f' is deprecated: first deprecated in macOS 10.14 - OpenGL API deprecated. (Define GL_SILENCE_DEPRECATION to silence these warnings) [-Wdeprecated-declarations]
 2464 |         glNormal3f(0, 1, 0);
      |         ^
/Library/Developer/CommandLineTools/SDKs/MacOSX.sdk/System/Library/Frameworks/OpenGL.framework/Headers/gl.h:2597:13: note: 'glNormal3f' has been explicitly marked deprecated here
 2597 | extern void glNormal3f (GLfloat nx, GLfloat ny, GLfloat nz) OPENGL_DEPRECATED(10.0, 10.14);
      |             ^
main.cpp:2465:9: warning: 'glVertex3f' is deprecated: first deprecated in macOS 10.14 - OpenGL API deprecated. (Define GL_SILENCE_DEPRECATION to silence these warnings) [-Wdeprecated-declarations]
 2465 |         glVertex3f(x + 20, 0.25f, -500);
      |         ^
/Library/Developer/CommandLineTools/SDKs/MacOSX.sdk/System/Library/Frameworks/OpenGL.framework/Headers/gl.h:2740:13: note: 'glVertex3f' has been explicitly marked deprecated here
 2740 | extern void glVertex3f (GLfloat x, GLfloat y, GLfloat z) OPENGL_DEPRECATED(10.0, 10.14);
      |             ^
main.cpp:2466:9: warning: 'glVertex3f' is deprecated: first deprecated in macOS 10.14 - OpenGL API deprecated. (Define GL_SILENCE_DEPRECATION to silence these warnings) [-Wdeprecated-declarations]
 2466 |         glVertex3f(x + 28, 0.25f, -500);
      |         ^
/Library/Developer/CommandLineTools/SDKs/MacOSX.sdk/System/Library/Frameworks/OpenGL.framework/Headers/gl.h:2740:13: note: 'glVertex3f' has been explicitly marked deprecated here
 2740 | extern void glVertex3f (GLfloat x, GLfloat y, GLfloat z) OPENGL_DEPRECATED(10.0, 10.14);
      |             ^
main.cpp:2467:9: warning: 'glVertex3f' is deprecated: first deprecated in macOS 10.14 - OpenGL API deprecated. (Define GL_SILENCE_DEPRECATION to silence these warnings) [-Wdeprecated-declarations]
 2467 |         glVertex3f(x + 28, 0.25f, 500);
      |         ^
/Library/Developer/CommandLineTools/SDKs/MacOSX.sdk/System/Library/Frameworks/OpenGL.framework/Headers/gl.h:2740:13: note: 'glVertex3f' has been explicitly marked deprecated here
 2740 | extern void glVertex3f (GLfloat x, GLfloat y, GLfloat z) OPENGL_DEPRECATED(10.0, 10.14);
      |             ^
main.cpp:2468:9: warning: 'glVertex3f' is deprecated: first deprecated in macOS 10.14 - OpenGL API deprecated. (Define GL_SILENCE_DEPRECATION to silence these warnings) [-Wdeprecated-declarations]
 2468 |         glVertex3f(x + 20, 0.25f, 500);
      |         ^
/Library/Developer/CommandLineTools/SDKs/MacOSX.sdk/System/Library/Frameworks/OpenGL.framework/Headers/gl.h:2740:13: note: 'glVertex3f' has been explicitly marked deprecated here
 2740 | extern void glVertex3f (GLfloat x, GLfloat y, GLfloat z) OPENGL_DEPRECATED(10.0, 10.14);
      |             ^
main.cpp:2469:9: warning: 'glEnd' is deprecated: first deprecated in macOS 10.14 - OpenGL API deprecated. (Define GL_SILENCE_DEPRECATION to silence these warnings) [-Wdeprecated-declarations]
 2469 |         glEnd();
      |         ^
/Library/Developer/CommandLineTools/SDKs/MacOSX.sdk/System/Library/Frameworks/OpenGL.framework/Headers/gl.h:2474:13: note: 'glEnd' has been explicitly marked deprecated here
 2474 | extern void glEnd (void) OPENGL_DEPRECATED(10.0, 10.14);
      |             ^
main.cpp:2472:9: warning: 'glColor3f' is deprecated: first deprecated in macOS 10.14 - OpenGL API deprecated. (Define GL_SILENCE_DEPRECATION to silence these warnings) [-Wdeprecated-declarations]
 2472 |         glColor3f(0.5f, 0.5f, 0.5f);
      |         ^
/Library/Developer/CommandLineTools/SDKs/MacOSX.sdk/System/Library/Frameworks/OpenGL.framework/Headers/gl.h:2405:13: note: 'glColor3f' has been explicitly marked deprecated here
 2405 | extern void glColor3f (GLfloat red, GLfloat green, GLfloat blue) OPENGL_DEPRECATED(10.0, 10.14);
      |             ^
main.cpp:2473:9: warning: 'glBegin' is deprecated: first deprecated in macOS 10.14 - OpenGL API deprecated. (Define GL_SILENCE_DEPRECATION to silence these warnings) [-Wdeprecated-declarations]
 2473 |         glBegin(GL_QUADS);
      |         ^
/Library/Developer/CommandLineTools/SDKs/MacOSX.sdk/System/Library/Frameworks/OpenGL.framework/Headers/gl.h:2385:13: note: 'glBegin' has been explicitly marked deprecated here
 2385 | extern void glBegin (GLenum mode) OPENGL_DEPRECATED(10.0, 10.14);
      |             ^
main.cpp:2474:9: warning: 'glNormal3f' is deprecated: first deprecated in macOS 10.14 - OpenGL API deprecated. (Define GL_SILENCE_DEPRECATION to silence these warnings) [-Wdeprecated-declarations]
 2474 |         glNormal3f(-1, 0, 0);
      |         ^
/Library/Developer/CommandLineTools/SDKs/MacOSX.sdk/System/Library/Frameworks/OpenGL.framework/Headers/gl.h:2597:13: note: 'glNormal3f' has been explicitly marked deprecated here
 2597 | extern void glNormal3f (GLfloat nx, GLfloat ny, GLfloat nz) OPENGL_DEPRECATED(10.0, 10.14);
      |             ^
main.cpp:2475:9: warning: 'glVertex3f' is deprecated: first deprecated in macOS 10.14 - OpenGL API deprecated. (Define GL_SILENCE_DEPRECATION to silence these warnings) [-Wdeprecated-declarations]
 2475 |         glVertex3f(x + 20, 0.25f, -500);
      |         ^
/Library/Developer/CommandLineTools/SDKs/MacOSX.sdk/System/Library/Frameworks/OpenGL.framework/Headers/gl.h:2740:13: note: 'glVertex3f' has been explicitly marked deprecated here
 2740 | extern void glVertex3f (GLfloat x, GLfloat y, GLfloat z) OPENGL_DEPRECATED(10.0, 10.14);
      |             ^
main.cpp:2476:9: warning: 'glVertex3f' is deprecated: first deprecated in macOS 10.14 - OpenGL API deprecated. (Define GL_SILENCE_DEPRECATION to silence these warnings) [-Wdeprecated-declarations]
 2476 |         glVertex3f(x + 20, 0.25f, 500);
      |         ^
/Library/Developer/CommandLineTools/SDKs/MacOSX.sdk/System/Library/Frameworks/OpenGL.framework/Headers/gl.h:2740:13: note: 'glVertex3f' has been explicitly marked deprecated here
 2740 | extern void glVertex3f (GLfloat x, GLfloat y, GLfloat z) OPENGL_DEPRECATED(10.0, 10.14);
      |             ^
main.cpp:2477:9: warning: 'glVertex3f' is deprecated: first deprecated in macOS 10.14 - OpenGL API deprecated. (Define GL_SILENCE_DEPRECATION to silence these warnings) [-Wdeprecated-declarations]
 2477 |         glVertex3f(x + 20, 0.5f, 500);
      |         ^
/Library/Developer/CommandLineTools/SDKs/MacOSX.sdk/System/Library/Frameworks/OpenGL.framework/Headers/gl.h:2740:13: note: 'glVertex3f' has been explicitly marked deprecated here
 2740 | extern void glVertex3f (GLfloat x, GLfloat y, GLfloat z) OPENGL_DEPRECATED(10.0, 10.14);
      |             ^
main.cpp:2478:9: warning: 'glVertex3f' is deprecated: first deprecated in macOS 10.14 - OpenGL API deprecated. (Define GL_SILENCE_DEPRECATION to silence these warnings) [-Wdeprecated-declarations]
 2478 |         glVertex3f(x + 20, 0.5f, -500);
      |         ^
/Library/Developer/CommandLineTools/SDKs/MacOSX.sdk/System/Library/Frameworks/OpenGL.framework/Headers/gl.h:2740:13: note: 'glVertex3f' has been explicitly marked deprecated here
 2740 | extern void glVertex3f (GLfloat x, GLfloat y, GLfloat z) OPENGL_DEPRECATED(10.0, 10.14);
      |             ^
main.cpp:2479:9: warning: 'glEnd' is deprecated: first deprecated in macOS 10.14 - OpenGL API deprecated. (Define GL_SILENCE_DEPRECATION to silence these warnings) [-Wdeprecated-declarations]
 2479 |         glEnd();
      |         ^
/Library/Developer/CommandLineTools/SDKs/MacOSX.sdk/System/Library/Frameworks/OpenGL.framework/Headers/gl.h:2474:13: note: 'glEnd' has been explicitly marked deprecated here
 2474 | extern void glEnd (void) OPENGL_DEPRECATED(10.0, 10.14);
      |             ^
main.cpp:2482:9: warning: 'glColor3f' is deprecated: first deprecated in macOS 10.14 - OpenGL API deprecated. (Define GL_SILENCE_DEPRECATION to silence these warnings) [-Wdeprecated-declarations]
 2482 |         glColor3f(0.6f, 0.6f, 0.6f);
      |         ^
/Library/Developer/CommandLineTools/SDKs/MacOSX.sdk/System/Library/Frameworks/OpenGL.framework/Headers/gl.h:2405:13: note: 'glColor3f' has been explicitly marked deprecated here
 2405 | extern void glColor3f (GLfloat red, GLfloat green, GLfloat blue) OPENGL_DEPRECATED(10.0, 10.14);
      |             ^
main.cpp:2483:9: warning: 'glBegin' is deprecated: first deprecated in macOS 10.14 - OpenGL API deprecated. (Define GL_SILENCE_DEPRECATION to silence these warnings) [-Wdeprecated-declarations]
 2483 |         glBegin(GL_QUADS);
      |         ^
/Library/Developer/CommandLineTools/SDKs/MacOSX.sdk/System/Library/Frameworks/OpenGL.framework/Headers/gl.h:2385:13: note: 'glBegin' has been explicitly marked deprecated here
 2385 | extern void glBegin (GLenum mode) OPENGL_DEPRECATED(10.0, 10.14);
      |             ^
main.cpp:2484:9: warning: 'glNormal3f' is deprecated: first deprecated in macOS 10.14 - OpenGL API deprecated. (Define GL_SILENCE_DEPRECATION to silence these warnings) [-Wdeprecated-declarations]
 2484 |         glNormal3f(0, 1, 0);
      |         ^
/Library/Developer/CommandLineTools/SDKs/MacOSX.sdk/System/Library/Frameworks/OpenGL.framework/Headers/gl.h:2597:13: note: 'glNormal3f' has been explicitly marked deprecated here
 2597 | extern void glNormal3f (GLfloat nx, GLfloat ny, GLfloat nz) OPENGL_DEPRECATED(10.0, 10.14);
      |             ^
main.cpp:2485:9: warning: 'glVertex3f' is deprecated: first deprecated in macOS 10.14 - OpenGL API deprecated. (Define GL_SILENCE_DEPRECATION to silence these warnings) [-Wdeprecated-declarations]
 2485 |         glVertex3f(x - 28, 0.25f, -500);
      |         ^
/Library/Developer/CommandLineTools/SDKs/MacOSX.sdk/System/Library/Frameworks/OpenGL.framework/Headers/gl.h:2740:13: note: 'glVertex3f' has been explicitly marked deprecated here
 2740 | extern void glVertex3f (GLfloat x, GLfloat y, GLfloat z) OPENGL_DEPRECATED(10.0, 10.14);
      |             ^
main.cpp:2486:9: warning: 'glVertex3f' is deprecated: first deprecated in macOS 10.14 - OpenGL API deprecated. (Define GL_SILENCE_DEPRECATION to silence these warnings) [-Wdeprecated-declarations]
 2486 |         glVertex3f(x - 20, 0.25f, -500);
      |         ^
/Library/Developer/CommandLineTools/SDKs/MacOSX.sdk/System/Library/Frameworks/OpenGL.framework/Headers/gl.h:2740:13: note: 'glVertex3f' has been explicitly marked deprecated here
 2740 | extern void glVertex3f (GLfloat x, GLfloat y, GLfloat z) OPENGL_DEPRECATED(10.0, 10.14);
      |             ^
main.cpp:2487:9: warning: 'glVertex3f' is deprecated: first deprecated in macOS 10.14 - OpenGL API deprecated. (Define GL_SILENCE_DEPRECATION to silence these warnings) [-Wdeprecated-declarations]
 2487 |         glVertex3f(x - 20, 0.25f, 500);
      |         ^
/Library/Developer/CommandLineTools/SDKs/MacOSX.sdk/System/Library/Frameworks/OpenGL.framework/Headers/gl.h:2740:13: note: 'glVertex3f' has been explicitly marked deprecated here
 2740 | extern void glVertex3f (GLfloat x, GLfloat y, GLfloat z) OPENGL_DEPRECATED(10.0, 10.14);
      |             ^
main.cpp:2488:9: warning: 'glVertex3f' is deprecated: first deprecated in macOS 10.14 - OpenGL API deprecated. (Define GL_SILENCE_DEPRECATION to silence these warnings) [-Wdeprecated-declarations]
 2488 |         glVertex3f(x - 28, 0.25f, 500);
      |         ^
/Library/Developer/CommandLineTools/SDKs/MacOSX.sdk/System/Library/Frameworks/OpenGL.framework/Headers/gl.h:2740:13: note: 'glVertex3f' has been explicitly marked deprecated here
 2740 | extern void glVertex3f (GLfloat x, GLfloat y, GLfloat z) OPENGL_DEPRECATED(10.0, 10.14);
      |             ^
main.cpp:2489:9: warning: 'glEnd' is deprecated: first deprecated in macOS 10.14 - OpenGL API deprecated. (Define GL_SILENCE_DEPRECATION to silence these warnings) [-Wdeprecated-declarations]
 2489 |         glEnd();
      |         ^
/Library/Developer/CommandLineTools/SDKs/MacOSX.sdk/System/Library/Frameworks/OpenGL.framework/Headers/gl.h:2474:13: note: 'glEnd' has been explicitly marked deprecated here
 2474 | extern void glEnd (void) OPENGL_DEPRECATED(10.0, 10.14);
      |             ^
main.cpp:2492:9: warning: 'glColor3f' is deprecated: first deprecated in macOS 10.14 - OpenGL API deprecated. (Define GL_SILENCE_DEPRECATION to silence these warnings) [-Wdeprecated-declarations]
 2492 |         glColor3f(0.5f, 0.5f, 0.5f);
      |         ^
/Library/Developer/CommandLineTools/SDKs/MacOSX.sdk/System/Library/Frameworks/OpenGL.framework/Headers/gl.h:2405:13: note: 'glColor3f' has been explicitly marked deprecated here
 2405 | extern void glColor3f (GLfloat red, GLfloat green, GLfloat blue) OPENGL_DEPRECATED(10.0, 10.14);
      |             ^
main.cpp:2493:9: warning: 'glBegin' is deprecated: first deprecated in macOS 10.14 - OpenGL API deprecated. (Define GL_SILENCE_DEPRECATION to silence these warnings) [-Wdeprecated-declarations]
 2493 |         glBegin(GL_QUADS);
      |         ^
/Library/Developer/CommandLineTools/SDKs/MacOSX.sdk/System/Library/Frameworks/OpenGL.framework/Headers/gl.h:2385:13: note: 'glBegin' has been explicitly marked deprecated here
 2385 | extern void glBegin (GLenum mode) OPENGL_DEPRECATED(10.0, 10.14);
      |             ^
main.cpp:2494:9: warning: 'glNormal3f' is deprecated: first deprecated in macOS 10.14 - OpenGL API deprecated. (Define GL_SILENCE_DEPRECATION to silence these warnings) [-Wdeprecated-declarations]
 2494 |         glNormal3f(1, 0, 0);
      |         ^
/Library/Developer/CommandLineTools/SDKs/MacOSX.sdk/System/Library/Frameworks/OpenGL.framework/Headers/gl.h:2597:13: note: 'glNormal3f' has been explicitly marked deprecated here
 2597 | extern void glNormal3f (GLfloat nx, GLfloat ny, GLfloat nz) OPENGL_DEPRECATED(10.0, 10.14);
      |             ^
main.cpp:2495:9: warning: 'glVertex3f' is deprecated: first deprecated in macOS 10.14 - OpenGL API deprecated. (Define GL_SILENCE_DEPRECATION to silence these warnings) [-Wdeprecated-declarations]
 2495 |         glVertex3f(x - 20, 0.25f, -500);
      |         ^
/Library/Developer/CommandLineTools/SDKs/MacOSX.sdk/System/Library/Frameworks/OpenGL.framework/Headers/gl.h:2740:13: note: 'glVertex3f' has been explicitly marked deprecated here
 2740 | extern void glVertex3f (GLfloat x, GLfloat y, GLfloat z) OPENGL_DEPRECATED(10.0, 10.14);
      |             ^
main.cpp:2496:9: warning: 'glVertex3f' is deprecated: first deprecated in macOS 10.14 - OpenGL API deprecated. (Define GL_SILENCE_DEPRECATION to silence these warnings) [-Wdeprecated-declarations]
 2496 |         glVertex3f(x - 20, 0.25f, 500);
      |         ^
/Library/Developer/CommandLineTools/SDKs/MacOSX.sdk/System/Library/Frameworks/OpenGL.framework/Headers/gl.h:2740:13: note: 'glVertex3f' has been explicitly marked deprecated here
 2740 | extern void glVertex3f (GLfloat x, GLfloat y, GLfloat z) OPENGL_DEPRECATED(10.0, 10.14);
      |             ^
main.cpp:2497:9: warning: 'glVertex3f' is deprecated: first deprecated in macOS 10.14 - OpenGL API deprecated. (Define GL_SILENCE_DEPRECATION to silence these warnings) [-Wdeprecated-declarations]
 2497 |         glVertex3f(x - 20, 0.5f, 500);
      |         ^
/Library/Developer/CommandLineTools/SDKs/MacOSX.sdk/System/Library/Frameworks/OpenGL.framework/Headers/gl.h:2740:13: note: 'glVertex3f' has been explicitly marked deprecated here
 2740 | extern void glVertex3f (GLfloat x, GLfloat y, GLfloat z) OPENGL_DEPRECATED(10.0, 10.14);
      |             ^
main.cpp:2498:9: warning: 'glVertex3f' is deprecated: first deprecated in macOS 10.14 - OpenGL API deprecated. (Define GL_SILENCE_DEPRECATION to silence these warnings) [-Wdeprecated-declarations]
 2498 |         glVertex3f(x - 20, 0.5f, -500);
      |         ^
/Library/Developer/CommandLineTools/SDKs/MacOSX.sdk/System/Library/Frameworks/OpenGL.framework/Headers/gl.h:2740:13: note: 'glVertex3f' has been explicitly marked deprecated here
 2740 | extern void glVertex3f (GLfloat x, GLfloat y, GLfloat z) OPENGL_DEPRECATED(10.0, 10.14);
      |             ^
main.cpp:2499:9: warning: 'glEnd' is deprecated: first deprecated in macOS 10.14 - OpenGL API deprecated. (Define GL_SILENCE_DEPRECATION to silence these warnings) [-Wdeprecated-declarations]
 2499 |         glEnd();
      |         ^
/Library/Developer/CommandLineTools/SDKs/MacOSX.sdk/System/Library/Frameworks/OpenGL.framework/Headers/gl.h:2474:13: note: 'glEnd' has been explicitly marked deprecated here
 2474 | extern void glEnd (void) OPENGL_DEPRECATED(10.0, 10.14);
      |             ^
main.cpp:2503:5: warning: 'glColor3f' is deprecated: first deprecated in macOS 10.14 - OpenGL API deprecated. (Define GL_SILENCE_DEPRECATION to silence these warnings) [-Wdeprecated-declarations]
 2503 |     glColor3f(1.0f, 0.9f, 0.0f);
      |     ^
/Library/Developer/CommandLineTools/SDKs/MacOSX.sdk/System/Library/Frameworks/OpenGL.framework/Headers/gl.h:2405:13: note: 'glColor3f' has been explicitly marked deprecated here
 2405 | extern void glColor3f (GLfloat red, GLfloat green, GLfloat blue) OPENGL_DEPRECATED(10.0, 10.14);
      |             ^
main.cpp:2504:5: warning: 'glLineWidth' is deprecated: first deprecated in macOS 10.14 - OpenGL API deprecated. (Define GL_SILENCE_DEPRECATION to silence these warnings) [-Wdeprecated-declarations]
 2504 |     glLineWidth(2);
      |     ^
/Library/Developer/CommandLineTools/SDKs/MacOSX.sdk/System/Library/Frameworks/OpenGL.framework/Headers/gl.h:2569:13: note: 'glLineWidth' has been explicitly marked deprecated here
 2569 | extern void glLineWidth (GLfloat width) OPENGL_DEPRECATED(10.0, 10.14);
      |             ^
main.cpp:2505:5: warning: 'glBegin' is deprecated: first deprecated in macOS 10.14 - OpenGL API deprecated. (Define GL_SILENCE_DEPRECATION to silence these warnings) [-Wdeprecated-declarations]
 2505 |     glBegin(GL_LINES);
      |     ^
/Library/Developer/CommandLineTools/SDKs/MacOSX.sdk/System/Library/Frameworks/OpenGL.framework/Headers/gl.h:2385:13: note: 'glBegin' has been explicitly marked deprecated here
 2385 | extern void glBegin (GLenum mode) OPENGL_DEPRECATED(10.0, 10.14);
      |             ^
main.cpp:2519:17: warning: 'glVertex3f' is deprecated: first deprecated in macOS 10.14 - OpenGL API deprecated. (Define GL_SILENCE_DEPRECATION to silence these warnings) [-Wdeprecated-declarations]
 2519 |                 glVertex3f(x, 0.2f, z);
      |                 ^
/Library/Developer/CommandLineTools/SDKs/MacOSX.sdk/System/Library/Frameworks/OpenGL.framework/Headers/gl.h:2740:13: note: 'glVertex3f' has been explicitly marked deprecated here
 2740 | extern void glVertex3f (GLfloat x, GLfloat y, GLfloat z) OPENGL_DEPRECATED(10.0, 10.14);
      |             ^
main.cpp:2520:17: warning: 'glVertex3f' is deprecated: first deprecated in macOS 10.14 - OpenGL API deprecated. (Define GL_SILENCE_DEPRECATION to silence these warnings) [-Wdeprecated-declarations]
 2520 |                 glVertex3f(x + 4, 0.2f, z);
      |                 ^
/Library/Developer/CommandLineTools/SDKs/MacOSX.sdk/System/Library/Frameworks/OpenGL.framework/Headers/gl.h:2740:13: note: 'glVertex3f' has been explicitly marked deprecated here
 2740 | extern void glVertex3f (GLfloat x, GLfloat y, GLfloat z) OPENGL_DEPRECATED(10.0, 10.14);
      |             ^
main.cpp:2537:17: warning: 'glVertex3f' is deprecated: first deprecated in macOS 10.14 - OpenGL API deprecated. (Define GL_SILENCE_DEPRECATION to silence these warnings) [-Wdeprecated-declarations]
 2537 |                 glVertex3f(x, 0.2f, z);
      |                 ^
/Library/Developer/CommandLineTools/SDKs/MacOSX.sdk/System/Library/Frameworks/OpenGL.framework/Headers/gl.h:2740:13: note: 'glVertex3f' has been explicitly marked deprecated here
 2740 | extern void glVertex3f (GLfloat x, GLfloat y, GLfloat z) OPENGL_DEPRECATED(10.0, 10.14);
      |             ^
main.cpp:2538:17: warning: 'glVertex3f' is deprecated: first deprecated in macOS 10.14 - OpenGL API deprecated. (Define GL_SILENCE_DEPRECATION to silence these warnings) [-Wdeprecated-declarations]
 2538 |                 glVertex3f(x, 0.2f, z + 4);
      |                 ^
/Library/Developer/CommandLineTools/SDKs/MacOSX.sdk/System/Library/Frameworks/OpenGL.framework/Headers/gl.h:2740:13: note: 'glVertex3f' has been explicitly marked deprecated here
 2740 | extern void glVertex3f (GLfloat x, GLfloat y, GLfloat z) OPENGL_DEPRECATED(10.0, 10.14);
      |             ^
main.cpp:2542:5: warning: 'glEnd' is deprecated: first deprecated in macOS 10.14 - OpenGL API deprecated. (Define GL_SILENCE_DEPRECATION to silence these warnings) [-Wdeprecated-declarations]
 2542 |     glEnd();
      |     ^
/Library/Developer/CommandLineTools/SDKs/MacOSX.sdk/System/Library/Frameworks/OpenGL.framework/Headers/gl.h:2474:13: note: 'glEnd' has been explicitly marked deprecated here
 2474 | extern void glEnd (void) OPENGL_DEPRECATED(10.0, 10.14);
      |             ^
main.cpp:2545:5: warning: 'glColor3f' is deprecated: first deprecated in macOS 10.14 - OpenGL API deprecated. (Define GL_SILENCE_DEPRECATION to silence these warnings) [-Wdeprecated-declarations]
 2545 |     glColor3f(0.9f, 0.9f, 0.9f);
      |     ^
/Library/Developer/CommandLineTools/SDKs/MacOSX.sdk/System/Library/Frameworks/OpenGL.framework/Headers/gl.h:2405:13: note: 'glColor3f' has been explicitly marked deprecated here
 2405 | extern void glColor3f (GLfloat red, GLfloat green, GLfloat blue) OPENGL_DEPRECATED(10.0, 10.14);
      |             ^
main.cpp:2546:5: warning: 'glLineWidth' is deprecated: first deprecated in macOS 10.14 - OpenGL API deprecated. (Define GL_SILENCE_DEPRECATION to silence these warnings) [-Wdeprecated-declarations]
 2546 |     glLineWidth(1.5f);
      |     ^
/Library/Developer/CommandLineTools/SDKs/MacOSX.sdk/System/Library/Frameworks/OpenGL.framework/Headers/gl.h:2569:13: note: 'glLineWidth' has been explicitly marked deprecated here
 2569 | extern void glLineWidth (GLfloat width) OPENGL_DEPRECATED(10.0, 10.14);
      |             ^
main.cpp:2547:5: warning: 'glBegin' is deprecated: first deprecated in macOS 10.14 - OpenGL API deprecated. (Define GL_SILENCE_DEPRECATION to silence these warnings) [-Wdeprecated-declarations]
 2547 |     glBegin(GL_LINES);
      |     ^
/Library/Developer/CommandLineTools/SDKs/MacOSX.sdk/System/Library/Frameworks/OpenGL.framework/Headers/gl.h:2385:13: note: 'glBegin' has been explicitly marked deprecated here
 2385 | extern void glBegin (GLenum mode) OPENGL_DEPRECATED(10.0, 10.14);
      |             ^
main.cpp:2551:9: warning: 'glVertex3f' is deprecated: first deprecated in macOS 10.14 - OpenGL API deprecated. (Define GL_SILENCE_DEPRECATION to silence these warnings) [-Wdeprecated-declarations]
 2551 |         glVertex3f(-500, 0.2f, z - 10);
      |         ^
/Library/Developer/CommandLineTools/SDKs/MacOSX.sdk/System/Library/Frameworks/OpenGL.framework/Headers/gl.h:2740:13: note: 'glVertex3f' has been explicitly marked deprecated here
 2740 | extern void glVertex3f (GLfloat x, GLfloat y, GLfloat z) OPENGL_DEPRECATED(10.0, 10.14);
      |             ^
main.cpp:2552:9: warning: 'glVertex3f' is deprecated: first deprecated in macOS 10.14 - OpenGL API deprecated. (Define GL_SILENCE_DEPRECATION to silence these warnings) [-Wdeprecated-declarations]
 2552 |         glVertex3f(500, 0.2f, z - 10);
      |         ^
/Library/Developer/CommandLineTools/SDKs/MacOSX.sdk/System/Library/Frameworks/OpenGL.framework/Headers/gl.h:2740:13: note: 'glVertex3f' has been explicitly marked deprecated here
 2740 | extern void glVertex3f (GLfloat x, GLfloat y, GLfloat z) OPENGL_DEPRECATED(10.0, 10.14);
      |             ^
main.cpp:2553:9: warning: 'glVertex3f' is deprecated: first deprecated in macOS 10.14 - OpenGL API deprecated. (Define GL_SILENCE_DEPRECATION to silence these warnings) [-Wdeprecated-declarations]
 2553 |         glVertex3f(-500, 0.2f, z + 10);
      |         ^
/Library/Developer/CommandLineTools/SDKs/MacOSX.sdk/System/Library/Frameworks/OpenGL.framework/Headers/gl.h:2740:13: note: 'glVertex3f' has been explicitly marked deprecated here
 2740 | extern void glVertex3f (GLfloat x, GLfloat y, GLfloat z) OPENGL_DEPRECATED(10.0, 10.14);
      |             ^
main.cpp:2554:9: warning: 'glVertex3f' is deprecated: first deprecated in macOS 10.14 - OpenGL API deprecated. (Define GL_SILENCE_DEPRECATION to silence these warnings) [-Wdeprecated-declarations]
 2554 |         glVertex3f(500, 0.2f, z + 10);
      |         ^
/Library/Developer/CommandLineTools/SDKs/MacOSX.sdk/System/Library/Frameworks/OpenGL.framework/Headers/gl.h:2740:13: note: 'glVertex3f' has been explicitly marked deprecated here
 2740 | extern void glVertex3f (GLfloat x, GLfloat y, GLfloat z) OPENGL_DEPRECATED(10.0, 10.14);
      |             ^
main.cpp:2559:9: warning: 'glVertex3f' is deprecated: first deprecated in macOS 10.14 - OpenGL API deprecated. (Define GL_SILENCE_DEPRECATION to silence these warnings) [-Wdeprecated-declarations]
 2559 |         glVertex3f(x - 10, 0.2f, -500);
      |         ^
/Library/Developer/CommandLineTools/SDKs/MacOSX.sdk/System/Library/Frameworks/OpenGL.framework/Headers/gl.h:2740:13: note: 'glVertex3f' has been explicitly marked deprecated here
 2740 | extern void glVertex3f (GLfloat x, GLfloat y, GLfloat z) OPENGL_DEPRECATED(10.0, 10.14);
      |             ^
main.cpp:2560:9: warning: 'glVertex3f' is deprecated: first deprecated in macOS 10.14 - OpenGL API deprecated. (Define GL_SILENCE_DEPRECATION to silence these warnings) [-Wdeprecated-declarations]
 2560 |         glVertex3f(x - 10, 0.2f, 500);
      |         ^
/Library/Developer/CommandLineTools/SDKs/MacOSX.sdk/System/Library/Frameworks/OpenGL.framework/Headers/gl.h:2740:13: note: 'glVertex3f' has been explicitly marked deprecated here
 2740 | extern void glVertex3f (GLfloat x, GLfloat y, GLfloat z) OPENGL_DEPRECATED(10.0, 10.14);
      |             ^
main.cpp:2561:9: warning: 'glVertex3f' is deprecated: first deprecated in macOS 10.14 - OpenGL API deprecated. (Define GL_SILENCE_DEPRECATION to silence these warnings) [-Wdeprecated-declarations]
 2561 |         glVertex3f(x + 10, 0.2f, -500);
      |         ^
/Library/Developer/CommandLineTools/SDKs/MacOSX.sdk/System/Library/Frameworks/OpenGL.framework/Headers/gl.h:2740:13: note: 'glVertex3f' has been explicitly marked deprecated here
 2740 | extern void glVertex3f (GLfloat x, GLfloat y, GLfloat z) OPENGL_DEPRECATED(10.0, 10.14);
      |             ^
main.cpp:2562:9: warning: 'glVertex3f' is deprecated: first deprecated in macOS 10.14 - OpenGL API deprecated. (Define GL_SILENCE_DEPRECATION to silence these warnings) [-Wdeprecated-declarations]
 2562 |         glVertex3f(x + 10, 0.2f, 500);
      |         ^
/Library/Developer/CommandLineTools/SDKs/MacOSX.sdk/System/Library/Frameworks/OpenGL.framework/Headers/gl.h:2740:13: note: 'glVertex3f' has been explicitly marked deprecated here
 2740 | extern void glVertex3f (GLfloat x, GLfloat y, GLfloat z) OPENGL_DEPRECATED(10.0, 10.14);
      |             ^
main.cpp:2564:5: warning: 'glEnd' is deprecated: first deprecated in macOS 10.14 - OpenGL API deprecated. (Define GL_SILENCE_DEPRECATION to silence these warnings) [-Wdeprecated-declarations]
 2564 |     glEnd();
      |     ^
/Library/Developer/CommandLineTools/SDKs/MacOSX.sdk/System/Library/Frameworks/OpenGL.framework/Headers/gl.h:2474:13: note: 'glEnd' has been explicitly marked deprecated here
 2474 | extern void glEnd (void) OPENGL_DEPRECATED(10.0, 10.14);
      |             ^
main.cpp:2568:5: warning: 'glPushMatrix' is deprecated: first deprecated in macOS 10.14 - OpenGL API deprecated. (Define GL_SILENCE_DEPRECATION to silence these warnings) [-Wdeprecated-declarations]
 2568 |     glPushMatrix();
      |     ^
/Library/Developer/CommandLineTools/SDKs/MacOSX.sdk/System/Library/Frameworks/OpenGL.framework/Headers/gl.h:2625:13: note: 'glPushMatrix' has been explicitly marked deprecated here
 2625 | extern void glPushMatrix (void) OPENGL_DEPRECATED(10.0, 10.14);
      |             ^
main.cpp:2569:5: warning: 'glTranslatef' is deprecated: first deprecated in macOS 10.14 - OpenGL API deprecated. (Define GL_SILENCE_DEPRECATION to silence these warnings) [-Wdeprecated-declarations]
 2569 |     glTranslatef(centerX, 0, centerZ);
      |     ^
/Library/Developer/CommandLineTools/SDKs/MacOSX.sdk/System/Library/Frameworks/OpenGL.framework/Headers/gl.h:2729:13: note: 'glTranslatef' has been explicitly marked deprecated here
 2729 | extern void glTranslatef (GLfloat x, GLfloat y, GLfloat z) OPENGL_DEPRECATED(10.0, 10.14);
      |             ^
main.cpp:2572:5: warning: 'glColor3f' is deprecated: first deprecated in macOS 10.14 - OpenGL API deprecated. (Define GL_SILENCE_DEPRECATION to silence these warnings) [-Wdeprecated-declarations]
 2572 |     glColor3f(0.28f, 0.28f, 0.28f);
      |     ^
/Library/Developer/CommandLineTools/SDKs/MacOSX.sdk/System/Library/Frameworks/OpenGL.framework/Headers/gl.h:2405:13: note: 'glColor3f' has been explicitly marked deprecated here
 2405 | extern void glColor3f (GLfloat red, GLfloat green, GLfloat blue) OPENGL_DEPRECATED(10.0, 10.14);
      |             ^
main.cpp:2573:5: warning: 'glBegin' is deprecated: first deprecated in macOS 10.14 - OpenGL API deprecated. (Define GL_SILENCE_DEPRECATION to silence these warnings) [-Wdeprecated-declarations]
 2573 |     glBegin(GL_QUADS);
      |     ^
/Library/Developer/CommandLineTools/SDKs/MacOSX.sdk/System/Library/Frameworks/OpenGL.framework/Headers/gl.h:2385:13: note: 'glBegin' has been explicitly marked deprecated here
 2385 | extern void glBegin (GLenum mode) OPENGL_DEPRECATED(10.0, 10.14);
      |             ^
main.cpp:2574:5: warning: 'glNormal3f' is deprecated: first deprecated in macOS 10.14 - OpenGL API deprecated. (Define GL_SILENCE_DEPRECATION to silence these warnings) [-Wdeprecated-declarations]
 2574 |     glNormal3f(0, 1, 0);
      |     ^
/Library/Developer/CommandLineTools/SDKs/MacOSX.sdk/System/Library/Frameworks/OpenGL.framework/Headers/gl.h:2597:13: note: 'glNormal3f' has been explicitly marked deprecated here
 2597 | extern void glNormal3f (GLfloat nx, GLfloat ny, GLfloat nz) OPENGL_DEPRECATED(10.0, 10.14);
      |             ^
main.cpp:2575:5: warning: 'glVertex3f' is deprecated: first deprecated in macOS 10.14 - OpenGL API deprecated. (Define GL_SILENCE_DEPRECATION to silence these warnings) [-Wdeprecated-declarations]
 2575 |     glVertex3f(-20, 0.15f, -20);
      |     ^
/Library/Developer/CommandLineTools/SDKs/MacOSX.sdk/System/Library/Frameworks/OpenGL.framework/Headers/gl.h:2740:13: note: 'glVertex3f' has been explicitly marked deprecated here
 2740 | extern void glVertex3f (GLfloat x, GLfloat y, GLfloat z) OPENGL_DEPRECATED(10.0, 10.14);
      |             ^
main.cpp:2576:5: warning: 'glVertex3f' is deprecated: first deprecated in macOS 10.14 - OpenGL API deprecated. (Define GL_SILENCE_DEPRECATION to silence these warnings) [-Wdeprecated-declarations]
 2576 |     glVertex3f(20, 0.15f, -20);
      |     ^
/Library/Developer/CommandLineTools/SDKs/MacOSX.sdk/System/Library/Frameworks/OpenGL.framework/Headers/gl.h:2740:13: note: 'glVertex3f' has been explicitly marked deprecated here
 2740 | extern void glVertex3f (GLfloat x, GLfloat y, GLfloat z) OPENGL_DEPRECATED(10.0, 10.14);
      |             ^
main.cpp:2577:5: warning: 'glVertex3f' is deprecated: first deprecated in macOS 10.14 - OpenGL API deprecated. (Define GL_SILENCE_DEPRECATION to silence these warnings) [-Wdeprecated-declarations]
 2577 |     glVertex3f(20, 0.15f, 20);
      |     ^
/Library/Developer/CommandLineTools/SDKs/MacOSX.sdk/System/Library/Frameworks/OpenGL.framework/Headers/gl.h:2740:13: note: 'glVertex3f' has been explicitly marked deprecated here
 2740 | extern void glVertex3f (GLfloat x, GLfloat y, GLfloat z) OPENGL_DEPRECATED(10.0, 10.14);
      |             ^
main.cpp:2578:5: warning: 'glVertex3f' is deprecated: first deprecated in macOS 10.14 - OpenGL API deprecated. (Define GL_SILENCE_DEPRECATION to silence these warnings) [-Wdeprecated-declarations]
 2578 |     glVertex3f(-20, 0.15f, 20);
      |     ^
/Library/Developer/CommandLineTools/SDKs/MacOSX.sdk/System/Library/Frameworks/OpenGL.framework/Headers/gl.h:2740:13: note: 'glVertex3f' has been explicitly marked deprecated here
 2740 | extern void glVertex3f (GLfloat x, GLfloat y, GLfloat z) OPENGL_DEPRECATED(10.0, 10.14);
      |             ^
main.cpp:2579:5: warning: 'glEnd' is deprecated: first deprecated in macOS 10.14 - OpenGL API deprecated. (Define GL_SILENCE_DEPRECATION to silence these warnings) [-Wdeprecated-declarations]
 2579 |     glEnd();
      |     ^
/Library/Developer/CommandLineTools/SDKs/MacOSX.sdk/System/Library/Frameworks/OpenGL.framework/Headers/gl.h:2474:13: note: 'glEnd' has been explicitly marked deprecated here
 2474 | extern void glEnd (void) OPENGL_DEPRECATED(10.0, 10.14);
      |             ^
main.cpp:2582:5: warning: 'glColor3f' is deprecated: first deprecated in macOS 10.14 - OpenGL API deprecated. (Define GL_SILENCE_DEPRECATION to silence these warnings) [-Wdeprecated-declarations]
 2582 |     glColor3f(0.95f, 0.95f, 0.95f);
      |     ^
/Library/Developer/CommandLineTools/SDKs/MacOSX.sdk/System/Library/Frameworks/OpenGL.framework/Headers/gl.h:2405:13: note: 'glColor3f' has been explicitly marked deprecated here
 2405 | extern void glColor3f (GLfloat red, GLfloat green, GLfloat blue) OPENGL_DEPRECATED(10.0, 10.14);
      |             ^
main.cpp:2586:9: warning: 'glBegin' is deprecated: first deprecated in macOS 10.14 - OpenGL API deprecated. (Define GL_SILENCE_DEPRECATION to silence these warnings) [-Wdeprecated-declarations]
 2586 |         glBegin(GL_QUADS);
      |         ^
/Library/Developer/CommandLineTools/SDKs/MacOSX.sdk/System/Library/Frameworks/OpenGL.framework/Headers/gl.h:2385:13: note: 'glBegin' has been explicitly marked deprecated here
 2385 | extern void glBegin (GLenum mode) OPENGL_DEPRECATED(10.0, 10.14);
      |             ^
main.cpp:2587:9: warning: 'glNormal3f' is deprecated: first deprecated in macOS 10.14 - OpenGL API deprecated. (Define GL_SILENCE_DEPRECATION to silence these warnings) [-Wdeprecated-declarations]
 2587 |         glNormal3f(0, 1, 0);
      |         ^
/Library/Developer/CommandLineTools/SDKs/MacOSX.sdk/System/Library/Frameworks/OpenGL.framework/Headers/gl.h:2597:13: note: 'glNormal3f' has been explicitly marked deprecated here
 2597 | extern void glNormal3f (GLfloat nx, GLfloat ny, GLfloat nz) OPENGL_DEPRECATED(10.0, 10.14);
      |             ^
main.cpp:2589:9: warning: 'glVertex3f' is deprecated: first deprecated in macOS 10.14 - OpenGL API deprecated. (Define GL_SILENCE_DEPRECATION to silence these warnings) [-Wdeprecated-declarations]
 2589 |         glVertex3f(x, 0.2f, 18);
      |         ^
/Library/Developer/CommandLineTools/SDKs/MacOSX.sdk/System/Library/Frameworks/OpenGL.framework/Headers/gl.h:2740:13: note: 'glVertex3f' has been explicitly marked deprecated here
 2740 | extern void glVertex3f (GLfloat x, GLfloat y, GLfloat z) OPENGL_DEPRECATED(10.0, 10.14);
      |             ^
main.cpp:2590:9: warning: 'glVertex3f' is deprecated: first deprecated in macOS 10.14 - OpenGL API deprecated. (Define GL_SILENCE_DEPRECATION to silence these warnings) [-Wdeprecated-declarations]
 2590 |         glVertex3f(x + 3, 0.2f, 18);
      |         ^
/Library/Developer/CommandLineTools/SDKs/MacOSX.sdk/System/Library/Frameworks/OpenGL.framework/Headers/gl.h:2740:13: note: 'glVertex3f' has been explicitly marked deprecated here
 2740 | extern void glVertex3f (GLfloat x, GLfloat y, GLfloat z) OPENGL_DEPRECATED(10.0, 10.14);
      |             ^
main.cpp:2591:9: warning: 'glVertex3f' is deprecated: first deprecated in macOS 10.14 - OpenGL API deprecated. (Define GL_SILENCE_DEPRECATION to silence these warnings) [-Wdeprecated-declarations]
 2591 |         glVertex3f(x + 3, 0.2f, 20);
      |         ^
/Library/Developer/CommandLineTools/SDKs/MacOSX.sdk/System/Library/Frameworks/OpenGL.framework/Headers/gl.h:2740:13: note: 'glVertex3f' has been explicitly marked deprecated here
 2740 | extern void glVertex3f (GLfloat x, GLfloat y, GLfloat z) OPENGL_DEPRECATED(10.0, 10.14);
      |             ^
main.cpp:2592:9: warning: 'glVertex3f' is deprecated: first deprecated in macOS 10.14 - OpenGL API deprecated. (Define GL_SILENCE_DEPRECATION to silence these warnings) [-Wdeprecated-declarations]
 2592 |         glVertex3f(x, 0.2f, 20);
      |         ^
/Library/Developer/CommandLineTools/SDKs/MacOSX.sdk/System/Library/Frameworks/OpenGL.framework/Headers/gl.h:2740:13: note: 'glVertex3f' has been explicitly marked deprecated here
 2740 | extern void glVertex3f (GLfloat x, GLfloat y, GLfloat z) OPENGL_DEPRECATED(10.0, 10.14);
      |             ^
main.cpp:2593:9: warning: 'glEnd' is deprecated: first deprecated in macOS 10.14 - OpenGL API deprecated. (Define GL_SILENCE_DEPRECATION to silence these warnings) [-Wdeprecated-declarations]
 2593 |         glEnd();
      |         ^
/Library/Developer/CommandLineTools/SDKs/MacOSX.sdk/System/Library/Frameworks/OpenGL.framework/Headers/gl.h:2474:13: note: 'glEnd' has been explicitly marked deprecated here
 2474 | extern void glEnd (void) OPENGL_DEPRECATED(10.0, 10.14);
      |             ^
main.cpp:2598:9: warning: 'glBegin' is deprecated: first deprecated in macOS 10.14 - OpenGL API deprecated. (Define GL_SILENCE_DEPRECATION to silence these warnings) [-Wdeprecated-declarations]
 2598 |         glBegin(GL_QUADS);
      |         ^
/Library/Developer/CommandLineTools/SDKs/MacOSX.sdk/System/Library/Frameworks/OpenGL.framework/Headers/gl.h:2385:13: note: 'glBegin' has been explicitly marked deprecated here
 2385 | extern void glBegin (GLenum mode) OPENGL_DEPRECATED(10.0, 10.14);
      |             ^
main.cpp:2599:9: warning: 'glNormal3f' is deprecated: first deprecated in macOS 10.14 - OpenGL API deprecated. (Define GL_SILENCE_DEPRECATION to silence these warnings) [-Wdeprecated-declarations]
 2599 |         glNormal3f(0, 1, 0);
      |         ^
/Library/Developer/CommandLineTools/SDKs/MacOSX.sdk/System/Library/Frameworks/OpenGL.framework/Headers/gl.h:2597:13: note: 'glNormal3f' has been explicitly marked deprecated here
 2597 | extern void glNormal3f (GLfloat nx, GLfloat ny, GLfloat nz) OPENGL_DEPRECATED(10.0, 10.14);
      |             ^
main.cpp:2601:9: warning: 'glVertex3f' is deprecated: first deprecated in macOS 10.14 - OpenGL API deprecated. (Define GL_SILENCE_DEPRECATION to silence these warnings) [-Wdeprecated-declarations]
 2601 |         glVertex3f(x, 0.2f, -20);
      |         ^
/Library/Developer/CommandLineTools/SDKs/MacOSX.sdk/System/Library/Frameworks/OpenGL.framework/Headers/gl.h:2740:13: note: 'glVertex3f' has been explicitly marked deprecated here
 2740 | extern void glVertex3f (GLfloat x, GLfloat y, GLfloat z) OPENGL_DEPRECATED(10.0, 10.14);
      |             ^
main.cpp:2602:9: warning: 'glVertex3f' is deprecated: first deprecated in macOS 10.14 - OpenGL API deprecated. (Define GL_SILENCE_DEPRECATION to silence these warnings) [-Wdeprecated-declarations]
 2602 |         glVertex3f(x + 3, 0.2f, -20);
      |         ^
/Library/Developer/CommandLineTools/SDKs/MacOSX.sdk/System/Library/Frameworks/OpenGL.framework/Headers/gl.h:2740:13: note: 'glVertex3f' has been explicitly marked deprecated here
 2740 | extern void glVertex3f (GLfloat x, GLfloat y, GLfloat z) OPENGL_DEPRECATED(10.0, 10.14);
      |             ^
main.cpp:2603:9: warning: 'glVertex3f' is deprecated: first deprecated in macOS 10.14 - OpenGL API deprecated. (Define GL_SILENCE_DEPRECATION to silence these warnings) [-Wdeprecated-declarations]
 2603 |         glVertex3f(x + 3, 0.2f, -18);
      |         ^
/Library/Developer/CommandLineTools/SDKs/MacOSX.sdk/System/Library/Frameworks/OpenGL.framework/Headers/gl.h:2740:13: note: 'glVertex3f' has been explicitly marked deprecated here
 2740 | extern void glVertex3f (GLfloat x, GLfloat y, GLfloat z) OPENGL_DEPRECATED(10.0, 10.14);
      |             ^
main.cpp:2604:9: warning: 'glVertex3f' is deprecated: first deprecated in macOS 10.14 - OpenGL API deprecated. (Define GL_SILENCE_DEPRECATION to silence these warnings) [-Wdeprecated-declarations]
 2604 |         glVertex3f(x, 0.2f, -18);
      |         ^
/Library/Developer/CommandLineTools/SDKs/MacOSX.sdk/System/Library/Frameworks/OpenGL.framework/Headers/gl.h:2740:13: note: 'glVertex3f' has been explicitly marked deprecated here
 2740 | extern void glVertex3f (GLfloat x, GLfloat y, GLfloat z) OPENGL_DEPRECATED(10.0, 10.14);
      |             ^
main.cpp:2605:9: warning: 'glEnd' is deprecated: first deprecated in macOS 10.14 - OpenGL API deprecated. (Define GL_SILENCE_DEPRECATION to silence these warnings) [-Wdeprecated-declarations]
 2605 |         glEnd();
      |         ^
/Library/Developer/CommandLineTools/SDKs/MacOSX.sdk/System/Library/Frameworks/OpenGL.framework/Headers/gl.h:2474:13: note: 'glEnd' has been explicitly marked deprecated here
 2474 | extern void glEnd (void) OPENGL_DEPRECATED(10.0, 10.14);
      |             ^
main.cpp:2610:9: warning: 'glBegin' is deprecated: first deprecated in macOS 10.14 - OpenGL API deprecated. (Define GL_SILENCE_DEPRECATION to silence these warnings) [-Wdeprecated-declarations]
 2610 |         glBegin(GL_QUADS);
      |         ^
/Library/Developer/CommandLineTools/SDKs/MacOSX.sdk/System/Library/Frameworks/OpenGL.framework/Headers/gl.h:2385:13: note: 'glBegin' has been explicitly marked deprecated here
 2385 | extern void glBegin (GLenum mode) OPENGL_DEPRECATED(10.0, 10.14);
      |             ^
main.cpp:2611:9: warning: 'glNormal3f' is deprecated: first deprecated in macOS 10.14 - OpenGL API deprecated. (Define GL_SILENCE_DEPRECATION to silence these warnings) [-Wdeprecated-declarations]
 2611 |         glNormal3f(0, 1, 0);
      |         ^
/Library/Developer/CommandLineTools/SDKs/MacOSX.sdk/System/Library/Frameworks/OpenGL.framework/Headers/gl.h:2597:13: note: 'glNormal3f' has been explicitly marked deprecated here
 2597 | extern void glNormal3f (GLfloat nx, GLfloat ny, GLfloat nz) OPENGL_DEPRECATED(10.0, 10.14);
      |             ^
main.cpp:2613:9: warning: 'glVertex3f' is deprecated: first deprecated in macOS 10.14 - OpenGL API deprecated. (Define GL_SILENCE_DEPRECATION to silence these warnings) [-Wdeprecated-declarations]
 2613 |         glVertex3f(18, 0.2f, z);
      |         ^
/Library/Developer/CommandLineTools/SDKs/MacOSX.sdk/System/Library/Frameworks/OpenGL.framework/Headers/gl.h:2740:13: note: 'glVertex3f' has been explicitly marked deprecated here
 2740 | extern void glVertex3f (GLfloat x, GLfloat y, GLfloat z) OPENGL_DEPRECATED(10.0, 10.14);
      |             ^
main.cpp:2614:9: warning: 'glVertex3f' is deprecated: first deprecated in macOS 10.14 - OpenGL API deprecated. (Define GL_SILENCE_DEPRECATION to silence these warnings) [-Wdeprecated-declarations]
 2614 |         glVertex3f(20, 0.2f, z);
      |         ^
/Library/Developer/CommandLineTools/SDKs/MacOSX.sdk/System/Library/Frameworks/OpenGL.framework/Headers/gl.h:2740:13: note: 'glVertex3f' has been explicitly marked deprecated here
 2740 | extern void glVertex3f (GLfloat x, GLfloat y, GLfloat z) OPENGL_DEPRECATED(10.0, 10.14);
      |             ^
main.cpp:2615:9: warning: 'glVertex3f' is deprecated: first deprecated in macOS 10.14 - OpenGL API deprecated. (Define GL_SILENCE_DEPRECATION to silence these warnings) [-Wdeprecated-declarations]
 2615 |         glVertex3f(20, 0.2f, z + 3);
      |         ^
/Library/Developer/CommandLineTools/SDKs/MacOSX.sdk/System/Library/Frameworks/OpenGL.framework/Headers/gl.h:2740:13: note: 'glVertex3f' has been explicitly marked deprecated here
 2740 | extern void glVertex3f (GLfloat x, GLfloat y, GLfloat z) OPENGL_DEPRECATED(10.0, 10.14);
      |             ^
main.cpp:2616:9: warning: 'glVertex3f' is deprecated: first deprecated in macOS 10.14 - OpenGL API deprecated. (Define GL_SILENCE_DEPRECATION to silence these warnings) [-Wdeprecated-declarations]
 2616 |         glVertex3f(18, 0.2f, z + 3);
      |         ^
/Library/Developer/CommandLineTools/SDKs/MacOSX.sdk/System/Library/Frameworks/OpenGL.framework/Headers/gl.h:2740:13: note: 'glVertex3f' has been explicitly marked deprecated here
 2740 | extern void glVertex3f (GLfloat x, GLfloat y, GLfloat z) OPENGL_DEPRECATED(10.0, 10.14);
      |             ^
main.cpp:2617:9: warning: 'glEnd' is deprecated: first deprecated in macOS 10.14 - OpenGL API deprecated. (Define GL_SILENCE_DEPRECATION to silence these warnings) [-Wdeprecated-declarations]
 2617 |         glEnd();
      |         ^
/Library/Developer/CommandLineTools/SDKs/MacOSX.sdk/System/Library/Frameworks/OpenGL.framework/Headers/gl.h:2474:13: note: 'glEnd' has been explicitly marked deprecated here
 2474 | extern void glEnd (void) OPENGL_DEPRECATED(10.0, 10.14);
      |             ^
main.cpp:2622:9: warning: 'glBegin' is deprecated: first deprecated in macOS 10.14 - OpenGL API deprecated. (Define GL_SILENCE_DEPRECATION to silence these warnings) [-Wdeprecated-declarations]
 2622 |         glBegin(GL_QUADS);
      |         ^
/Library/Developer/CommandLineTools/SDKs/MacOSX.sdk/System/Library/Frameworks/OpenGL.framework/Headers/gl.h:2385:13: note: 'glBegin' has been explicitly marked deprecated here
 2385 | extern void glBegin (GLenum mode) OPENGL_DEPRECATED(10.0, 10.14);
      |             ^
main.cpp:2623:9: warning: 'glNormal3f' is deprecated: first deprecated in macOS 10.14 - OpenGL API deprecated. (Define GL_SILENCE_DEPRECATION to silence these warnings) [-Wdeprecated-declarations]
 2623 |         glNormal3f(0, 1, 0);
      |         ^
/Library/Developer/CommandLineTools/SDKs/MacOSX.sdk/System/Library/Frameworks/OpenGL.framework/Headers/gl.h:2597:13: note: 'glNormal3f' has been explicitly marked deprecated here
 2597 | extern void glNormal3f (GLfloat nx, GLfloat ny, GLfloat nz) OPENGL_DEPRECATED(10.0, 10.14);
      |             ^
main.cpp:2625:9: warning: 'glVertex3f' is deprecated: first deprecated in macOS 10.14 - OpenGL API deprecated. (Define GL_SILENCE_DEPRECATION to silence these warnings) [-Wdeprecated-declarations]
 2625 |         glVertex3f(-20, 0.2f, z);
      |         ^
/Library/Developer/CommandLineTools/SDKs/MacOSX.sdk/System/Library/Frameworks/OpenGL.framework/Headers/gl.h:2740:13: note: 'glVertex3f' has been explicitly marked deprecated here
 2740 | extern void glVertex3f (GLfloat x, GLfloat y, GLfloat z) OPENGL_DEPRECATED(10.0, 10.14);
      |             ^
main.cpp:2626:9: warning: 'glVertex3f' is deprecated: first deprecated in macOS 10.14 - OpenGL API deprecated. (Define GL_SILENCE_DEPRECATION to silence these warnings) [-Wdeprecated-declarations]
 2626 |         glVertex3f(-18, 0.2f, z);
      |         ^
/Library/Developer/CommandLineTools/SDKs/MacOSX.sdk/System/Library/Frameworks/OpenGL.framework/Headers/gl.h:2740:13: note: 'glVertex3f' has been explicitly marked deprecated here
 2740 | extern void glVertex3f (GLfloat x, GLfloat y, GLfloat z) OPENGL_DEPRECATED(10.0, 10.14);
      |             ^
main.cpp:2627:9: warning: 'glVertex3f' is deprecated: first deprecated in macOS 10.14 - OpenGL API deprecated. (Define GL_SILENCE_DEPRECATION to silence these warnings) [-Wdeprecated-declarations]
 2627 |         glVertex3f(-18, 0.2f, z + 3);
      |         ^
/Library/Developer/CommandLineTools/SDKs/MacOSX.sdk/System/Library/Frameworks/OpenGL.framework/Headers/gl.h:2740:13: note: 'glVertex3f' has been explicitly marked deprecated here
 2740 | extern void glVertex3f (GLfloat x, GLfloat y, GLfloat z) OPENGL_DEPRECATED(10.0, 10.14);
      |             ^
main.cpp:2628:9: warning: 'glVertex3f' is deprecated: first deprecated in macOS 10.14 - OpenGL API deprecated. (Define GL_SILENCE_DEPRECATION to silence these warnings) [-Wdeprecated-declarations]
 2628 |         glVertex3f(-20, 0.2f, z + 3);
      |         ^
/Library/Developer/CommandLineTools/SDKs/MacOSX.sdk/System/Library/Frameworks/OpenGL.framework/Headers/gl.h:2740:13: note: 'glVertex3f' has been explicitly marked deprecated here
 2740 | extern void glVertex3f (GLfloat x, GLfloat y, GLfloat z) OPENGL_DEPRECATED(10.0, 10.14);
      |             ^
main.cpp:2629:9: warning: 'glEnd' is deprecated: first deprecated in macOS 10.14 - OpenGL API deprecated. (Define GL_SILENCE_DEPRECATION to silence these warnings) [-Wdeprecated-declarations]
 2629 |         glEnd();
      |         ^
/Library/Developer/CommandLineTools/SDKs/MacOSX.sdk/System/Library/Frameworks/OpenGL.framework/Headers/gl.h:2474:13: note: 'glEnd' has been explicitly marked deprecated here
 2474 | extern void glEnd (void) OPENGL_DEPRECATED(10.0, 10.14);
      |             ^
main.cpp:2632:5: warning: 'glPopMatrix' is deprecated: first deprecated in macOS 10.14 - OpenGL API deprecated. (Define GL_SILENCE_DEPRECATION to silence these warnings) [-Wdeprecated-declarations]
 2632 |     glPopMatrix();
      |     ^
/Library/Developer/CommandLineTools/SDKs/MacOSX.sdk/System/Library/Frameworks/OpenGL.framework/Headers/gl.h:2620:13: note: 'glPopMatrix' has been explicitly marked deprecated here
 2620 | extern void glPopMatrix (void) OPENGL_DEPRECATED(10.0, 10.14);
      |             ^
main.cpp:2636:5: warning: 'glPushMatrix' is deprecated: first deprecated in macOS 10.14 - OpenGL API deprecated. (Define GL_SILENCE_DEPRECATION to silence these warnings) [-Wdeprecated-declarations]
 2636 |     glPushMatrix();
      |     ^
/Library/Developer/CommandLineTools/SDKs/MacOSX.sdk/System/Library/Frameworks/OpenGL.framework/Headers/gl.h:2625:13: note: 'glPushMatrix' has been explicitly marked deprecated here
 2625 | extern void glPushMatrix (void) OPENGL_DEPRECATED(10.0, 10.14);
      |             ^
main.cpp:2637:5: warning: 'glTranslatef' is deprecated: first deprecated in macOS 10.14 - OpenGL API deprecated. (Define GL_SILENCE_DEPRECATION to silence these warnings) [-Wdeprecated-declarations]
 2637 |     glTranslatef(x, y, z);
      |     ^
/Library/Developer/CommandLineTools/SDKs/MacOSX.sdk/System/Library/Frameworks/OpenGL.framework/Headers/gl.h:2729:13: note: 'glTranslatef' has been explicitly marked deprecated here
 2729 | extern void glTranslatef (GLfloat x, GLfloat y, GLfloat z) OPENGL_DEPRECATED(10.0, 10.14);
      |             ^
main.cpp:2638:5: warning: 'glRotatef' is deprecated: first deprecated in macOS 10.14 - OpenGL API deprecated. (Define GL_SILENCE_DEPRECATION to silence these warnings) [-Wdeprecated-declarations]
 2638 |     glRotatef(rotation, 0, 1, 0);
      |     ^
/Library/Developer/CommandLineTools/SDKs/MacOSX.sdk/System/Library/Frameworks/OpenGL.framework/Headers/gl.h:2665:13: note: 'glRotatef' has been explicitly marked deprecated here
 2665 | extern void glRotatef (GLfloat angle, GLfloat x, GLfloat y, GLfloat z) OPENGL_DEPRECATED(10.0, 10.14);
      |             ^
main.cpp:2641:5: warning: 'glColor3f' is deprecated: first deprecated in macOS 10.14 - OpenGL API deprecated. (Define GL_SILENCE_DEPRECATION to silence these warnings) [-Wdeprecated-declarations]
 2641 |     glColor3f(0.15f, 0.15f, 0.15f);
      |     ^
/Library/Developer/CommandLineTools/SDKs/MacOSX.sdk/System/Library/Frameworks/OpenGL.framework/Headers/gl.h:2405:13: note: 'glColor3f' has been explicitly marked deprecated here
 2405 | extern void glColor3f (GLfloat red, GLfloat green, GLfloat blue) OPENGL_DEPRECATED(10.0, 10.14);
      |             ^
main.cpp:2642:5: warning: 'glPushMatrix' is deprecated: first deprecated in macOS 10.14 - OpenGL API deprecated. (Define GL_SILENCE_DEPRECATION to silence these warnings) [-Wdeprecated-declarations]
 2642 |     glPushMatrix();
      |     ^
/Library/Developer/CommandLineTools/SDKs/MacOSX.sdk/System/Library/Frameworks/OpenGL.framework/Headers/gl.h:2625:13: note: 'glPushMatrix' has been explicitly marked deprecated here
 2625 | extern void glPushMatrix (void) OPENGL_DEPRECATED(10.0, 10.14);
      |             ^
main.cpp:2643:5: warning: 'glTranslatef' is deprecated: first deprecated in macOS 10.14 - OpenGL API deprecated. (Define GL_SILENCE_DEPRECATION to silence these warnings) [-Wdeprecated-declarations]
 2643 |     glTranslatef(0, 4, 0);
      |     ^
/Library/Developer/CommandLineTools/SDKs/MacOSX.sdk/System/Library/Frameworks/OpenGL.framework/Headers/gl.h:2729:13: note: 'glTranslatef' has been explicitly marked deprecated here
 2729 | extern void glTranslatef (GLfloat x, GLfloat y, GLfloat z) OPENGL_DEPRECATED(10.0, 10.14);
      |             ^
main.cpp:2645:5: warning: 'glPopMatrix' is deprecated: first deprecated in macOS 10.14 - OpenGL API deprecated. (Define GL_SILENCE_DEPRECATION to silence these warnings) [-Wdeprecated-declarations]
 2645 |     glPopMatrix();
      |     ^
/Library/Developer/CommandLineTools/SDKs/MacOSX.sdk/System/Library/Frameworks/OpenGL.framework/Headers/gl.h:2620:13: note: 'glPopMatrix' has been explicitly marked deprecated here
 2620 | extern void glPopMatrix (void) OPENGL_DEPRECATED(10.0, 10.14);
      |             ^
main.cpp:2648:5: warning: 'glColor3f' is deprecated: first deprecated in macOS 10.14 - OpenGL API deprecated. (Define GL_SILENCE_DEPRECATION to silence these warnings) [-Wdeprecated-declarations]
 2648 |     glColor3f(0.1f, 0.1f, 0.1f);
      |     ^
/Library/Developer/CommandLineTools/SDKs/MacOSX.sdk/System/Library/Frameworks/OpenGL.framework/Headers/gl.h:2405:13: note: 'glColor3f' has been explicitly marked deprecated here
 2405 | extern void glColor3f (GLfloat red, GLfloat green, GLfloat blue) OPENGL_DEPRECATED(10.0, 10.14);
      |             ^
main.cpp:2649:5: warning: 'glPushMatrix' is deprecated: first deprecated in macOS 10.14 - OpenGL API deprecated. (Define GL_SILENCE_DEPRECATION to silence these warnings) [-Wdeprecated-declarations]
 2649 |     glPushMatrix();
      |     ^
/Library/Developer/CommandLineTools/SDKs/MacOSX.sdk/System/Library/Frameworks/OpenGL.framework/Headers/gl.h:2625:13: note: 'glPushMatrix' has been explicitly marked deprecated here
 2625 | extern void glPushMatrix (void) OPENGL_DEPRECATED(10.0, 10.14);
      |             ^
main.cpp:2650:5: warning: 'glTranslatef' is deprecated: first deprecated in macOS 10.14 - OpenGL API deprecated. (Define GL_SILENCE_DEPRECATION to silence these warnings) [-Wdeprecated-declarations]
 2650 |     glTranslatef(0, 8.5f, 0);
      |     ^
/Library/Developer/CommandLineTools/SDKs/MacOSX.sdk/System/Library/Frameworks/OpenGL.framework/Headers/gl.h:2729:13: note: 'glTranslatef' has been explicitly marked deprecated here
 2729 | extern void glTranslatef (GLfloat x, GLfloat y, GLfloat z) OPENGL_DEPRECATED(10.0, 10.14);
      |             ^
main.cpp:2652:5: warning: 'glPopMatrix' is deprecated: first deprecated in macOS 10.14 - OpenGL API deprecated. (Define GL_SILENCE_DEPRECATION to silence these warnings) [-Wdeprecated-declarations]
 2652 |     glPopMatrix();
      |     ^
/Library/Developer/CommandLineTools/SDKs/MacOSX.sdk/System/Library/Frameworks/OpenGL.framework/Headers/gl.h:2620:13: note: 'glPopMatrix' has been explicitly marked deprecated here
 2620 | extern void glPopMatrix (void) OPENGL_DEPRECATED(10.0, 10.14);
      |             ^
main.cpp:2655:5: warning: 'glPushMatrix' is deprecated: first deprecated in macOS 10.14 - OpenGL API deprecated. (Define GL_SILENCE_DEPRECATION to silence these warnings) [-Wdeprecated-declarations]
 2655 |     glPushMatrix();
      |     ^
/Library/Developer/CommandLineTools/SDKs/MacOSX.sdk/System/Library/Frameworks/OpenGL.framework/Headers/gl.h:2625:13: note: 'glPushMatrix' has been explicitly marked deprecated here
 2625 | extern void glPushMatrix (void) OPENGL_DEPRECATED(10.0, 10.14);
      |             ^
main.cpp:2656:5: warning: 'glTranslatef' is deprecated: first deprecated in macOS 10.14 - OpenGL API deprecated. (Define GL_SILENCE_DEPRECATION to silence these warnings) [-Wdeprecated-declarations]
 2656 |     glTranslatef(0, 10.0f, 0.6f);
      |     ^
/Library/Developer/CommandLineTools/SDKs/MacOSX.sdk/System/Library/Frameworks/OpenGL.framework/Headers/gl.h:2729:13: note: 'glTranslatef' has been explicitly marked deprecated here
 2729 | extern void glTranslatef (GLfloat x, GLfloat y, GLfloat z) OPENGL_DEPRECATED(10.0, 10.14);
      |             ^
main.cpp:2658:9: warning: 'glColor3f' is deprecated: first deprecated in macOS 10.14 - OpenGL API deprecated. (Define GL_SILENCE_DEPRECATION to silence these warnings) [-Wdeprecated-declarations]
 2658 |         glColor3f(1.0f, 0.0f, 0.0f);
      |         ^
/Library/Developer/CommandLineTools/SDKs/MacOSX.sdk/System/Library/Frameworks/OpenGL.framework/Headers/gl.h:2405:13: note: 'glColor3f' has been explicitly marked deprecated here
 2405 | extern void glColor3f (GLfloat red, GLfloat green, GLfloat blue) OPENGL_DEPRECATED(10.0, 10.14);
      |             ^
main.cpp:2661:9: warning: 'glMaterialfv' is deprecated: first deprecated in macOS 10.14 - OpenGL API deprecated. (Define GL_SILENCE_DEPRECATION to silence these warnings) [-Wdeprecated-declarations]
 2661 |         glMaterialfv(GL_FRONT, GL_EMISSION, emission);
      |         ^
/Library/Developer/CommandLineTools/SDKs/MacOSX.sdk/System/Library/Frameworks/OpenGL.framework/Headers/gl.h:2585:13: note: 'glMaterialfv' has been explicitly marked deprecated here
 2585 | extern void glMaterialfv (GLenum face, GLenum pname, const GLfloat *params) OPENGL_DEPRECATED(10.0, 10.14);
      |             ^
main.cpp:2663:9: warning: 'glColor3f' is deprecated: first deprecated in macOS 10.14 - OpenGL API deprecated. (Define GL_SILENCE_DEPRECATION to silence these warnings) [-Wdeprecated-declarations]
 2663 |         glColor3f(0.3f, 0.0f, 0.0f);
      |         ^
/Library/Developer/CommandLineTools/SDKs/MacOSX.sdk/System/Library/Frameworks/OpenGL.framework/Headers/gl.h:2405:13: note: 'glColor3f' has been explicitly marked deprecated here
 2405 | extern void glColor3f (GLfloat red, GLfloat green, GLfloat blue) OPENGL_DEPRECATED(10.0, 10.14);
      |             ^
main.cpp:2665:9: warning: 'glMaterialfv' is deprecated: first deprecated in macOS 10.14 - OpenGL API deprecated. (Define GL_SILENCE_DEPRECATION to silence these warnings) [-Wdeprecated-declarations]
 2665 |         glMaterialfv(GL_FRONT, GL_EMISSION, emission);
      |         ^
/Library/Developer/CommandLineTools/SDKs/MacOSX.sdk/System/Library/Frameworks/OpenGL.framework/Headers/gl.h:2585:13: note: 'glMaterialfv' has been explicitly marked deprecated here
 2585 | extern void glMaterialfv (GLenum face, GLenum pname, const GLfloat *params) OPENGL_DEPRECATED(10.0, 10.14);
      |             ^
main.cpp:2667:5: warning: 'glutSolidSphere' is deprecated: first deprecated in macOS 10.9 - OpenGL API deprecated. (Define GL_SILENCE_DEPRECATION to silence these warnings) [-Wdeprecated-declarations]
 2667 |     glutSolidSphere(0.5, 12, 12);
      |     ^
/Library/Developer/CommandLineTools/SDKs/MacOSX.sdk/System/Library/Frameworks/GLUT.framework/Headers/glut.h:571:22: note: 'glutSolidSphere' has been explicitly marked deprecated here
  571 | extern void APIENTRY glutSolidSphere(GLdouble radius, GLint slices, GLint stacks) OPENGL_DEPRECATED(10_0, 10_9);
      |                      ^
main.cpp:2669:5: warning: 'glMaterialfv' is deprecated: first deprecated in macOS 10.14 - OpenGL API deprecated. (Define GL_SILENCE_DEPRECATION to silence these warnings) [-Wdeprecated-declarations]
 2669 |     glMaterialfv(GL_FRONT, GL_EMISSION, noEmission);
      |     ^
/Library/Developer/CommandLineTools/SDKs/MacOSX.sdk/System/Library/Frameworks/OpenGL.framework/Headers/gl.h:2585:13: note: 'glMaterialfv' has been explicitly marked deprecated here
 2585 | extern void glMaterialfv (GLenum face, GLenum pname, const GLfloat *params) OPENGL_DEPRECATED(10.0, 10.14);
      |             ^
main.cpp:2670:5: warning: 'glPopMatrix' is deprecated: first deprecated in macOS 10.14 - OpenGL API deprecated. (Define GL_SILENCE_DEPRECATION to silence these warnings) [-Wdeprecated-declarations]
 2670 |     glPopMatrix();
      |     ^
/Library/Developer/CommandLineTools/SDKs/MacOSX.sdk/System/Library/Frameworks/OpenGL.framework/Headers/gl.h:2620:13: note: 'glPopMatrix' has been explicitly marked deprecated here
 2620 | extern void glPopMatrix (void) OPENGL_DEPRECATED(10.0, 10.14);
      |             ^
main.cpp:2673:5: warning: 'glPushMatrix' is deprecated: first deprecated in macOS 10.14 - OpenGL API deprecated. (Define GL_SILENCE_DEPRECATION to silence these warnings) [-Wdeprecated-declarations]
 2673 |     glPushMatrix();
      |     ^
/Library/Developer/CommandLineTools/SDKs/MacOSX.sdk/System/Library/Frameworks/OpenGL.framework/Headers/gl.h:2625:13: note: 'glPushMatrix' has been explicitly marked deprecated here
 2625 | extern void glPushMatrix (void) OPENGL_DEPRECATED(10.0, 10.14);
      |             ^
main.cpp:2674:5: warning: 'glTranslatef' is deprecated: first deprecated in macOS 10.14 - OpenGL API deprecated. (Define GL_SILENCE_DEPRECATION to silence these warnings) [-Wdeprecated-declarations]
 2674 |     glTranslatef(0, 8.5f, 0.6f);
      |     ^
/Library/Developer/CommandLineTools/SDKs/MacOSX.sdk/System/Library/Frameworks/OpenGL.framework/Headers/gl.h:2729:13: note: 'glTranslatef' has been explicitly marked deprecated here
 2729 | extern void glTranslatef (GLfloat x, GLfloat y, GLfloat z) OPENGL_DEPRECATED(10.0, 10.14);
      |             ^
main.cpp:2676:9: warning: 'glColor3f' is deprecated: first deprecated in macOS 10.14 - OpenGL API deprecated. (Define GL_SILENCE_DEPRECATION to silence these warnings) [-Wdeprecated-declarations]
 2676 |         glColor3f(1.0f, 1.0f, 0.0f);
      |         ^
/Library/Developer/CommandLineTools/SDKs/MacOSX.sdk/System/Library/Frameworks/OpenGL.framework/Headers/gl.h:2405:13: note: 'glColor3f' has been explicitly marked deprecated here
 2405 | extern void glColor3f (GLfloat red, GLfloat green, GLfloat blue) OPENGL_DEPRECATED(10.0, 10.14);
      |             ^
main.cpp:2678:9: warning: 'glMaterialfv' is deprecated: first deprecated in macOS 10.14 - OpenGL API deprecated. (Define GL_SILENCE_DEPRECATION to silence these warnings) [-Wdeprecated-declarations]
 2678 |         glMaterialfv(GL_FRONT, GL_EMISSION, emission);
      |         ^
/Library/Developer/CommandLineTools/SDKs/MacOSX.sdk/System/Library/Frameworks/OpenGL.framework/Headers/gl.h:2585:13: note: 'glMaterialfv' has been explicitly marked deprecated here
 2585 | extern void glMaterialfv (GLenum face, GLenum pname, const GLfloat *params) OPENGL_DEPRECATED(10.0, 10.14);
      |             ^
main.cpp:2680:9: warning: 'glColor3f' is deprecated: first deprecated in macOS 10.14 - OpenGL API deprecated. (Define GL_SILENCE_DEPRECATION to silence these warnings) [-Wdeprecated-declarations]
 2680 |         glColor3f(0.3f, 0.3f, 0.0f);
      |         ^
/Library/Developer/CommandLineTools/SDKs/MacOSX.sdk/System/Library/Frameworks/OpenGL.framework/Headers/gl.h:2405:13: note: 'glColor3f' has been explicitly marked deprecated here
 2405 | extern void glColor3f (GLfloat red, GLfloat green, GLfloat blue) OPENGL_DEPRECATED(10.0, 10.14);
      |             ^
main.cpp:2682:9: warning: 'glMaterialfv' is deprecated: first deprecated in macOS 10.14 - OpenGL API deprecated. (Define GL_SILENCE_DEPRECATION to silence these warnings) [-Wdeprecated-declarations]
 2682 |         glMaterialfv(GL_FRONT, GL_EMISSION, emission);
      |         ^
/Library/Developer/CommandLineTools/SDKs/MacOSX.sdk/System/Library/Frameworks/OpenGL.framework/Headers/gl.h:2585:13: note: 'glMaterialfv' has been explicitly marked deprecated here
 2585 | extern void glMaterialfv (GLenum face, GLenum pname, const GLfloat *params) OPENGL_DEPRECATED(10.0, 10.14);
      |             ^
main.cpp:2684:5: warning: 'glutSolidSphere' is deprecated: first deprecated in macOS 10.9 - OpenGL API deprecated. (Define GL_SILENCE_DEPRECATION to silence these warnings) [-Wdeprecated-declarations]
 2684 |     glutSolidSphere(0.5, 12, 12);
      |     ^
/Library/Developer/CommandLineTools/SDKs/MacOSX.sdk/System/Library/Frameworks/GLUT.framework/Headers/glut.h:571:22: note: 'glutSolidSphere' has been explicitly marked deprecated here
  571 | extern void APIENTRY glutSolidSphere(GLdouble radius, GLint slices, GLint stacks) OPENGL_DEPRECATED(10_0, 10_9);
      |                      ^
main.cpp:2685:5: warning: 'glMaterialfv' is deprecated: first deprecated in macOS 10.14 - OpenGL API deprecated. (Define GL_SILENCE_DEPRECATION to silence these warnings) [-Wdeprecated-declarations]
 2685 |     glMaterialfv(GL_FRONT, GL_EMISSION, noEmission);
      |     ^
/Library/Developer/CommandLineTools/SDKs/MacOSX.sdk/System/Library/Frameworks/OpenGL.framework/Headers/gl.h:2585:13: note: 'glMaterialfv' has been explicitly marked deprecated here
 2585 | extern void glMaterialfv (GLenum face, GLenum pname, const GLfloat *params) OPENGL_DEPRECATED(10.0, 10.14);
      |             ^
main.cpp:2686:5: warning: 'glPopMatrix' is deprecated: first deprecated in macOS 10.14 - OpenGL API deprecated. (Define GL_SILENCE_DEPRECATION to silence these warnings) [-Wdeprecated-declarations]
 2686 |     glPopMatrix();
      |     ^
/Library/Developer/CommandLineTools/SDKs/MacOSX.sdk/System/Library/Frameworks/OpenGL.framework/Headers/gl.h:2620:13: note: 'glPopMatrix' has been explicitly marked deprecated here
 2620 | extern void glPopMatrix (void) OPENGL_DEPRECATED(10.0, 10.14);
      |             ^
main.cpp:2689:5: warning: 'glPushMatrix' is deprecated: first deprecated in macOS 10.14 - OpenGL API deprecated. (Define GL_SILENCE_DEPRECATION to silence these warnings) [-Wdeprecated-declarations]
 2689 |     glPushMatrix();
      |     ^
/Library/Developer/CommandLineTools/SDKs/MacOSX.sdk/System/Library/Frameworks/OpenGL.framework/Headers/gl.h:2625:13: note: 'glPushMatrix' has been explicitly marked deprecated here
 2625 | extern void glPushMatrix (void) OPENGL_DEPRECATED(10.0, 10.14);
      |             ^
main.cpp:2690:5: warning: 'glTranslatef' is deprecated: first deprecated in macOS 10.14 - OpenGL API deprecated. (Define GL_SILENCE_DEPRECATION to silence these warnings) [-Wdeprecated-declarations]
 2690 |     glTranslatef(0, 7.0f, 0.6f);
      |     ^
/Library/Developer/CommandLineTools/SDKs/MacOSX.sdk/System/Library/Frameworks/OpenGL.framework/Headers/gl.h:2729:13: note: 'glTranslatef' has been explicitly marked deprecated here
 2729 | extern void glTranslatef (GLfloat x, GLfloat y, GLfloat z) OPENGL_DEPRECATED(10.0, 10.14);
      |             ^
main.cpp:2692:9: warning: 'glColor3f' is deprecated: first deprecated in macOS 10.14 - OpenGL API deprecated. (Define GL_SILENCE_DEPRECATION to silence these warnings) [-Wdeprecated-declarations]
 2692 |         glColor3f(0.0f, 1.0f, 0.0f);
      |         ^
/Library/Developer/CommandLineTools/SDKs/MacOSX.sdk/System/Library/Frameworks/OpenGL.framework/Headers/gl.h:2405:13: note: 'glColor3f' has been explicitly marked deprecated here
 2405 | extern void glColor3f (GLfloat red, GLfloat green, GLfloat blue) OPENGL_DEPRECATED(10.0, 10.14);
      |             ^
main.cpp:2694:9: warning: 'glMaterialfv' is deprecated: first deprecated in macOS 10.14 - OpenGL API deprecated. (Define GL_SILENCE_DEPRECATION to silence these warnings) [-Wdeprecated-declarations]
 2694 |         glMaterialfv(GL_FRONT, GL_EMISSION, emission);
      |         ^
/Library/Developer/CommandLineTools/SDKs/MacOSX.sdk/System/Library/Frameworks/OpenGL.framework/Headers/gl.h:2585:13: note: 'glMaterialfv' has been explicitly marked deprecated here
 2585 | extern void glMaterialfv (GLenum face, GLenum pname, const GLfloat *params) OPENGL_DEPRECATED(10.0, 10.14);
      |             ^
main.cpp:2696:9: warning: 'glColor3f' is deprecated: first deprecated in macOS 10.14 - OpenGL API deprecated. (Define GL_SILENCE_DEPRECATION to silence these warnings) [-Wdeprecated-declarations]
 2696 |         glColor3f(0.0f, 0.3f, 0.0f);
      |         ^
/Library/Developer/CommandLineTools/SDKs/MacOSX.sdk/System/Library/Frameworks/OpenGL.framework/Headers/gl.h:2405:13: note: 'glColor3f' has been explicitly marked deprecated here
 2405 | extern void glColor3f (GLfloat red, GLfloat green, GLfloat blue) OPENGL_DEPRECATED(10.0, 10.14);
      |             ^
main.cpp:2698:9: warning: 'glMaterialfv' is deprecated: first deprecated in macOS 10.14 - OpenGL API deprecated. (Define GL_SILENCE_DEPRECATION to silence these warnings) [-Wdeprecated-declarations]
 2698 |         glMaterialfv(GL_FRONT, GL_EMISSION, emission);
      |         ^
/Library/Developer/CommandLineTools/SDKs/MacOSX.sdk/System/Library/Frameworks/OpenGL.framework/Headers/gl.h:2585:13: note: 'glMaterialfv' has been explicitly marked deprecated here
 2585 | extern void glMaterialfv (GLenum face, GLenum pname, const GLfloat *params) OPENGL_DEPRECATED(10.0, 10.14);
      |             ^
main.cpp:2700:5: warning: 'glutSolidSphere' is deprecated: first deprecated in macOS 10.9 - OpenGL API deprecated. (Define GL_SILENCE_DEPRECATION to silence these warnings) [-Wdeprecated-declarations]
 2700 |     glutSolidSphere(0.5, 12, 12);
      |     ^
/Library/Developer/CommandLineTools/SDKs/MacOSX.sdk/System/Library/Frameworks/GLUT.framework/Headers/glut.h:571:22: note: 'glutSolidSphere' has been explicitly marked deprecated here
  571 | extern void APIENTRY glutSolidSphere(GLdouble radius, GLint slices, GLint stacks) OPENGL_DEPRECATED(10_0, 10_9);
      |                      ^
main.cpp:2701:5: warning: 'glMaterialfv' is deprecated: first deprecated in macOS 10.14 - OpenGL API deprecated. (Define GL_SILENCE_DEPRECATION to silence these warnings) [-Wdeprecated-declarations]
 2701 |     glMaterialfv(GL_FRONT, GL_EMISSION, noEmission);
      |     ^
/Library/Developer/CommandLineTools/SDKs/MacOSX.sdk/System/Library/Frameworks/OpenGL.framework/Headers/gl.h:2585:13: note: 'glMaterialfv' has been explicitly marked deprecated here
 2585 | extern void glMaterialfv (GLenum face, GLenum pname, const GLfloat *params) OPENGL_DEPRECATED(10.0, 10.14);
      |             ^
main.cpp:2702:5: warning: 'glPopMatrix' is deprecated: first deprecated in macOS 10.14 - OpenGL API deprecated. (Define GL_SILENCE_DEPRECATION to silence these warnings) [-Wdeprecated-declarations]
 2702 |     glPopMatrix();
      |     ^
/Library/Developer/CommandLineTools/SDKs/MacOSX.sdk/System/Library/Frameworks/OpenGL.framework/Headers/gl.h:2620:13: note: 'glPopMatrix' has been explicitly marked deprecated here
 2620 | extern void glPopMatrix (void) OPENGL_DEPRECATED(10.0, 10.14);
      |             ^
main.cpp:2704:5: warning: 'glPopMatrix' is deprecated: first deprecated in macOS 10.14 - OpenGL API deprecated. (Define GL_SILENCE_DEPRECATION to silence these warnings) [-Wdeprecated-declarations]
 2704 |     glPopMatrix();
      |     ^
/Library/Developer/CommandLineTools/SDKs/MacOSX.sdk/System/Library/Frameworks/OpenGL.framework/Headers/gl.h:2620:13: note: 'glPopMatrix' has been explicitly marked deprecated here
 2620 | extern void glPopMatrix (void) OPENGL_DEPRECATED(10.0, 10.14);
      |             ^
main.cpp:2708:5: warning: 'glPushMatrix' is deprecated: first deprecated in macOS 10.14 - OpenGL API deprecated. (Define GL_SILENCE_DEPRECATION to silence these warnings) [-Wdeprecated-declarations]
 2708 |     glPushMatrix();
      |     ^
/Library/Developer/CommandLineTools/SDKs/MacOSX.sdk/System/Library/Frameworks/OpenGL.framework/Headers/gl.h:2625:13: note: 'glPushMatrix' has been explicitly marked deprecated here
 2625 | extern void glPushMatrix (void) OPENGL_DEPRECATED(10.0, 10.14);
      |             ^
main.cpp:2721:5: warning: 'glTranslatef' is deprecated: first deprecated in macOS 10.14 - OpenGL API deprecated. (Define GL_SILENCE_DEPRECATION to silence these warnings) [-Wdeprecated-declarations]
 2721 |     glTranslatef(v.x, v.height/2, v.z);
      |     ^
/Library/Developer/CommandLineTools/SDKs/MacOSX.sdk/System/Library/Frameworks/OpenGL.framework/Headers/gl.h:2729:13: note: 'glTranslatef' has been explicitly marked deprecated here
 2729 | extern void glTranslatef (GLfloat x, GLfloat y, GLfloat z) OPENGL_DEPRECATED(10.0, 10.14);
      |             ^
main.cpp:2724:5: warning: 'glRotatef' is deprecated: first deprecated in macOS 10.14 - OpenGL API deprecated. (Define GL_SILENCE_DEPRECATION to silence these warnings) [-Wdeprecated-declarations]
 2724 |     glRotatef(yaw, 0, 1, 0);
      |     ^
/Library/Developer/CommandLineTools/SDKs/MacOSX.sdk/System/Library/Frameworks/OpenGL.framework/Headers/gl.h:2665:13: note: 'glRotatef' has been explicitly marked deprecated here
 2665 | extern void glRotatef (GLfloat angle, GLfloat x, GLfloat y, GLfloat z) OPENGL_DEPRECATED(10.0, 10.14);
      |             ^
main.cpp:2726:30: warning: 'glRotatef' is deprecated: first deprecated in macOS 10.14 - OpenGL API deprecated. (Define GL_SILENCE_DEPRECATION to silence these warnings) [-Wdeprecated-declarations]
 2726 |     if (steeringYaw != 0.0f) glRotatef(steeringYaw, 0, 1, 0);
      |                              ^
/Library/Developer/CommandLineTools/SDKs/MacOSX.sdk/System/Library/Frameworks/OpenGL.framework/Headers/gl.h:2665:13: note: 'glRotatef' has been explicitly marked deprecated here
 2665 | extern void glRotatef (GLfloat angle, GLfloat x, GLfloat y, GLfloat z) OPENGL_DEPRECATED(10.0, 10.14);
      |             ^
main.cpp:2731:5: warning: 'glMaterialfv' is deprecated: first deprecated in macOS 10.14 - OpenGL API deprecated. (Define GL_SILENCE_DEPRECATION to silence these warnings) [-Wdeprecated-declarations]
 2731 |     glMaterialfv(GL_FRONT_AND_BACK, GL_EMISSION, mat_emission);
      |     ^
/Library/Developer/CommandLineTools/SDKs/MacOSX.sdk/System/Library/Frameworks/OpenGL.framework/Headers/gl.h:2585:13: note: 'glMaterialfv' has been explicitly marked deprecated here
 2585 | extern void glMaterialfv (GLenum face, GLenum pname, const GLfloat *params) OPENGL_DEPRECATED(10.0, 10.14);
      |             ^
main.cpp:2734:5: warning: 'glColor3f' is deprecated: first deprecated in macOS 10.14 - OpenGL API deprecated. (Define GL_SILENCE_DEPRECATION to silence these warnings) [-Wdeprecated-declarations]
 2734 |     glColor3f(v.r, v.g, v.b);
      |     ^
/Library/Developer/CommandLineTools/SDKs/MacOSX.sdk/System/Library/Frameworks/OpenGL.framework/Headers/gl.h:2405:13: note: 'glColor3f' has been explicitly marked deprecated here
 2405 | extern void glColor3f (GLfloat red, GLfloat green, GLfloat blue) OPENGL_DEPRECATED(10.0, 10.14);
      |             ^
main.cpp:2738:5: warning: 'glPushMatrix' is deprecated: first deprecated in macOS 10.14 - OpenGL API deprecated. (Define GL_SILENCE_DEPRECATION to silence these warnings) [-Wdeprecated-declarations]
 2738 |     glPushMatrix();
      |     ^
/Library/Developer/CommandLineTools/SDKs/MacOSX.sdk/System/Library/Frameworks/OpenGL.framework/Headers/gl.h:2625:13: note: 'glPushMatrix' has been explicitly marked deprecated here
 2625 | extern void glPushMatrix (void) OPENGL_DEPRECATED(10.0, 10.14);
      |             ^
main.cpp:2739:5: warning: 'glTranslatef' is deprecated: first deprecated in macOS 10.14 - OpenGL API deprecated. (Define GL_SILENCE_DEPRECATION to silence these warnings) [-Wdeprecated-declarations]
 2739 |     glTranslatef(0, -v.height * 0.15f, 0);
      |     ^
/Library/Developer/CommandLineTools/SDKs/MacOSX.sdk/System/Library/Frameworks/OpenGL.framework/Headers/gl.h:2729:13: note: 'glTranslatef' has been explicitly marked deprecated here
 2729 | extern void glTranslatef (GLfloat x, GLfloat y, GLfloat z) OPENGL_DEPRECATED(10.0, 10.14);
      |             ^
main.cpp:2741:5: warning: 'glPopMatrix' is deprecated: first deprecated in macOS 10.14 - OpenGL API deprecated. (Define GL_SILENCE_DEPRECATION to silence these warnings) [-Wdeprecated-declarations]
 2741 |     glPopMatrix();
      |     ^
/Library/Developer/CommandLineTools/SDKs/MacOSX.sdk/System/Library/Frameworks/OpenGL.framework/Headers/gl.h:2620:13: note: 'glPopMatrix' has been explicitly marked deprecated here
 2620 | extern void glPopMatrix (void) OPENGL_DEPRECATED(10.0, 10.14);
      |             ^
main.cpp:2744:5: warning: 'glPushMatrix' is deprecated: first deprecated in macOS 10.14 - OpenGL API deprecated. (Define GL_SILENCE_DEPRECATION to silence these warnings) [-Wdeprecated-declarations]
 2744 |     glPushMatrix();
      |     ^
/Library/Developer/CommandLineTools/SDKs/MacOSX.sdk/System/Library/Frameworks/OpenGL.framework/Headers/gl.h:2625:13: note: 'glPushMatrix' has been explicitly marked deprecated here
 2625 | extern void glPushMatrix (void) OPENGL_DEPRECATED(10.0, 10.14);
      |             ^
main.cpp:2745:5: warning: 'glTranslatef' is deprecated: first deprecated in macOS 10.14 - OpenGL API deprecated. (Define GL_SILENCE_DEPRECATION to silence these warnings) [-Wdeprecated-declarations]
 2745 |     glTranslatef(0, v.height * 0.45f, -v.depth * 0.1f);
      |     ^
/Library/Developer/CommandLineTools/SDKs/MacOSX.sdk/System/Library/Frameworks/OpenGL.framework/Headers/gl.h:2729:13: note: 'glTranslatef' has been explicitly marked deprecated here
 2729 | extern void glTranslatef (GLfloat x, GLfloat y, GLfloat z) OPENGL_DEPRECATED(10.0, 10.14);
      |             ^
main.cpp:2746:5: warning: 'glColor3f' is deprecated: first deprecated in macOS 10.14 - OpenGL API deprecated. (Define GL_SILENCE_DEPRECATION to silence these warnings) [-Wdeprecated-declarations]
 2746 |     glColor3f(v.r * 0.85f, v.g * 0.85f, v.b * 0.85f);
      |     ^
/Library/Developer/CommandLineTools/SDKs/MacOSX.sdk/System/Library/Frameworks/OpenGL.framework/Headers/gl.h:2405:13: note: 'glColor3f' has been explicitly marked deprecated here
 2405 | extern void glColor3f (GLfloat red, GLfloat green, GLfloat blue) OPENGL_DEPRECATED(10.0, 10.14);
      |             ^
main.cpp:2748:5: warning: 'glPopMatrix' is deprecated: first deprecated in macOS 10.14 - OpenGL API deprecated. (Define GL_SILENCE_DEPRECATION to silence these warnings) [-Wdeprecated-declarations]
 2748 |     glPopMatrix();
      |     ^
/Library/Developer/CommandLineTools/SDKs/MacOSX.sdk/System/Library/Frameworks/OpenGL.framework/Headers/gl.h:2620:13: note: 'glPopMatrix' has been explicitly marked deprecated here
 2620 | extern void glPopMatrix (void) OPENGL_DEPRECATED(10.0, 10.14);
      |             ^
main.cpp:2751:5: warning: 'glColor3f' is deprecated: first deprecated in macOS 10.14 - OpenGL API deprecated. (Define GL_SILENCE_DEPRECATION to silence these warnings) [-Wdeprecated-declarations]
 2751 |     glColor3f(0.2f, 0.3f, 0.5f);
      |     ^
/Library/Developer/CommandLineTools/SDKs/MacOSX.sdk/System/Library/Frameworks/OpenGL.framework/Headers/gl.h:2405:13: note: 'glColor3f' has been explicitly marked deprecated here
 2405 | extern void glColor3f (GLfloat red, GLfloat green, GLfloat blue) OPENGL_DEPRECATED(10.0, 10.14);
      |             ^
main.cpp:2752:5: warning: 'glPushMatrix' is deprecated: first deprecated in macOS 10.14 - OpenGL API deprecated. (Define GL_SILENCE_DEPRECATION to silence these warnings) [-Wdeprecated-declarations]
 2752 |     glPushMatrix();
      |     ^
/Library/Developer/CommandLineTools/SDKs/MacOSX.sdk/System/Library/Frameworks/OpenGL.framework/Headers/gl.h:2625:13: note: 'glPushMatrix' has been explicitly marked deprecated here
 2625 | extern void glPushMatrix (void) OPENGL_DEPRECATED(10.0, 10.14);
      |             ^
main.cpp:2753:5: warning: 'glTranslatef' is deprecated: first deprecated in macOS 10.14 - OpenGL API deprecated. (Define GL_SILENCE_DEPRECATION to silence these warnings) [-Wdeprecated-declarations]
 2753 |     glTranslatef(0, v.height * 0.47f, v.depth * 0.15f);
      |     ^
/Library/Developer/CommandLineTools/SDKs/MacOSX.sdk/System/Library/Frameworks/OpenGL.framework/Headers/gl.h:2729:13: note: 'glTranslatef' has been explicitly marked deprecated here
 2729 | extern void glTranslatef (GLfloat x, GLfloat y, GLfloat z) OPENGL_DEPRECATED(10.0, 10.14);
      |             ^
main.cpp:2755:5: warning: 'glPopMatrix' is deprecated: first deprecated in macOS 10.14 - OpenGL API deprecated. (Define GL_SILENCE_DEPRECATION to silence these warnings) [-Wdeprecated-declarations]
 2755 |     glPopMatrix();
      |     ^
/Library/Developer/CommandLineTools/SDKs/MacOSX.sdk/System/Library/Frameworks/OpenGL.framework/Headers/gl.h:2620:13: note: 'glPopMatrix' has been explicitly marked deprecated here
 2620 | extern void glPopMatrix (void) OPENGL_DEPRECATED(10.0, 10.14);
      |             ^
main.cpp:2759:5: warning: 'glMaterialfv' is deprecated: first deprecated in macOS 10.14 - OpenGL API deprecated. (Define GL_SILENCE_DEPRECATION to silence these warnings) [-Wdeprecated-declarations]
 2759 |     glMaterialfv(GL_FRONT, GL_EMISSION, lightEmission);
      |     ^
/Library/Developer/CommandLineTools/SDKs/MacOSX.sdk/System/Library/Frameworks/OpenGL.framework/Headers/gl.h:2585:13: note: 'glMaterialfv' has been explicitly marked deprecated here
 2585 | extern void glMaterialfv (GLenum face, GLenum pname, const GLfloat *params) OPENGL_DEPRECATED(10.0, 10.14);
      |             ^
main.cpp:2760:5: warning: 'glColor3f' is deprecated: first deprecated in macOS 10.14 - OpenGL API deprecated. (Define GL_SILENCE_DEPRECATION to silence these warnings) [-Wdeprecated-declarations]
 2760 |     glColor3f(1.0f, 1.0f, 0.9f);
      |     ^
/Library/Developer/CommandLineTools/SDKs/MacOSX.sdk/System/Library/Frameworks/OpenGL.framework/Headers/gl.h:2405:13: note: 'glColor3f' has been explicitly marked deprecated here
 2405 | extern void glColor3f (GLfloat red, GLfloat green, GLfloat blue) OPENGL_DEPRECATED(10.0, 10.14);
      |             ^
main.cpp:2763:5: warning: 'glPushMatrix' is deprecated: first deprecated in macOS 10.14 - OpenGL API deprecated. (Define GL_SILENCE_DEPRECATION to silence these warnings) [-Wdeprecated-declarations]
 2763 |     glPushMatrix();
      |     ^
/Library/Developer/CommandLineTools/SDKs/MacOSX.sdk/System/Library/Frameworks/OpenGL.framework/Headers/gl.h:2625:13: note: 'glPushMatrix' has been explicitly marked deprecated here
 2625 | extern void glPushMatrix (void) OPENGL_DEPRECATED(10.0, 10.14);
      |             ^
main.cpp:2764:5: warning: 'glTranslatef' is deprecated: first deprecated in macOS 10.14 - OpenGL API deprecated. (Define GL_SILENCE_DEPRECATION to silence these warnings) [-Wdeprecated-declarations]
 2764 |     glTranslatef(v.width * 0.35f, -v.height * 0.1f, v.depth * 0.51f);
      |     ^
/Library/Developer/CommandLineTools/SDKs/MacOSX.sdk/System/Library/Frameworks/OpenGL.framework/Headers/gl.h:2729:13: note: 'glTranslatef' has been explicitly marked deprecated here
 2729 | extern void glTranslatef (GLfloat x, GLfloat y, GLfloat z) OPENGL_DEPRECATED(10.0, 10.14);
      |             ^
main.cpp:2765:5: warning: 'glutSolidSphere' is deprecated: first deprecated in macOS 10.9 - OpenGL API deprecated. (Define GL_SILENCE_DEPRECATION to silence these warnings) [-Wdeprecated-declarations]
 2765 |     glutSolidSphere(0.5f, 10, 10);
      |     ^
/Library/Developer/CommandLineTools/SDKs/MacOSX.sdk/System/Library/Frameworks/GLUT.framework/Headers/glut.h:571:22: note: 'glutSolidSphere' has been explicitly marked deprecated here
  571 | extern void APIENTRY glutSolidSphere(GLdouble radius, GLint slices, GLint stacks) OPENGL_DEPRECATED(10_0, 10_9);
      |                      ^
main.cpp:2766:5: warning: 'glPopMatrix' is deprecated: first deprecated in macOS 10.14 - OpenGL API deprecated. (Define GL_SILENCE_DEPRECATION to silence these warnings) [-Wdeprecated-declarations]
 2766 |     glPopMatrix();
      |     ^
/Library/Developer/CommandLineTools/SDKs/MacOSX.sdk/System/Library/Frameworks/OpenGL.framework/Headers/gl.h:2620:13: note: 'glPopMatrix' has been explicitly marked deprecated here
 2620 | extern void glPopMatrix (void) OPENGL_DEPRECATED(10.0, 10.14);
      |             ^
main.cpp:2769:5: warning: 'glPushMatrix' is deprecated: first deprecated in macOS 10.14 - OpenGL API deprecated. (Define GL_SILENCE_DEPRECATION to silence these warnings) [-Wdeprecated-declarations]
 2769 |     glPushMatrix();
      |     ^
/Library/Developer/CommandLineTools/SDKs/MacOSX.sdk/System/Library/Frameworks/OpenGL.framework/Headers/gl.h:2625:13: note: 'glPushMatrix' has been explicitly marked deprecated here
 2625 | extern void glPushMatrix (void) OPENGL_DEPRECATED(10.0, 10.14);
      |             ^
main.cpp:2770:5: warning: 'glTranslatef' is deprecated: first deprecated in macOS 10.14 - OpenGL API deprecated. (Define GL_SILENCE_DEPRECATION to silence these warnings) [-Wdeprecated-declarations]
 2770 |     glTranslatef(-v.width * 0.35f, -v.height * 0.1f, v.depth * 0.51f);
      |     ^
/Library/Developer/CommandLineTools/SDKs/MacOSX.sdk/System/Library/Frameworks/OpenGL.framework/Headers/gl.h:2729:13: note: 'glTranslatef' has been explicitly marked deprecated here
 2729 | extern void glTranslatef (GLfloat x, GLfloat y, GLfloat z) OPENGL_DEPRECATED(10.0, 10.14);
      |             ^
main.cpp:2771:5: warning: 'glutSolidSphere' is deprecated: first deprecated in macOS 10.9 - OpenGL API deprecated. (Define GL_SILENCE_DEPRECATION to silence these warnings) [-Wdeprecated-declarations]
 2771 |     glutSolidSphere(0.5f, 10, 10);
      |     ^
/Library/Developer/CommandLineTools/SDKs/MacOSX.sdk/System/Library/Frameworks/GLUT.framework/Headers/glut.h:571:22: note: 'glutSolidSphere' has been explicitly marked deprecated here
  571 | extern void APIENTRY glutSolidSphere(GLdouble radius, GLint slices, GLint stacks) OPENGL_DEPRECATED(10_0, 10_9);
      |                      ^
main.cpp:2772:5: warning: 'glPopMatrix' is deprecated: first deprecated in macOS 10.14 - OpenGL API deprecated. (Define GL_SILENCE_DEPRECATION to silence these warnings) [-Wdeprecated-declarations]
 2772 |     glPopMatrix();
      |     ^
/Library/Developer/CommandLineTools/SDKs/MacOSX.sdk/System/Library/Frameworks/OpenGL.framework/Headers/gl.h:2620:13: note: 'glPopMatrix' has been explicitly marked deprecated here
 2620 | extern void glPopMatrix (void) OPENGL_DEPRECATED(10.0, 10.14);
      |             ^
main.cpp:2776:5: warning: 'glMaterialfv' is deprecated: first deprecated in macOS 10.14 - OpenGL API deprecated. (Define GL_SILENCE_DEPRECATION to silence these warnings) [-Wdeprecated-declarations]
 2776 |     glMaterialfv(GL_FRONT, GL_EMISSION, noEmission);
      |     ^
/Library/Developer/CommandLineTools/SDKs/MacOSX.sdk/System/Library/Frameworks/OpenGL.framework/Headers/gl.h:2585:13: note: 'glMaterialfv' has been explicitly marked deprecated here
 2585 | extern void glMaterialfv (GLenum face, GLenum pname, const GLfloat *params) OPENGL_DEPRECATED(10.0, 10.14);
      |             ^
main.cpp:2779:5: warning: 'glColor3f' is deprecated: first deprecated in macOS 10.14 - OpenGL API deprecated. (Define GL_SILENCE_DEPRECATION to silence these warnings) [-Wdeprecated-declarations]
 2779 |     glColor3f(0.05f, 0.05f, 0.05f);
      |     ^
/Library/Developer/CommandLineTools/SDKs/MacOSX.sdk/System/Library/Frameworks/OpenGL.framework/Headers/gl.h:2405:13: note: 'glColor3f' has been explicitly marked deprecated here
 2405 | extern void glColor3f (GLfloat red, GLfloat green, GLfloat blue) OPENGL_DEPRECATED(10.0, 10.14);
      |             ^
main.cpp:2783:5: warning: 'glPushMatrix' is deprecated: first deprecated in macOS 10.14 - OpenGL API deprecated. (Define GL_SILENCE_DEPRECATION to silence these warnings) [-Wdeprecated-declarations]
 2783 |     glPushMatrix();
      |     ^
/Library/Developer/CommandLineTools/SDKs/MacOSX.sdk/System/Library/Frameworks/OpenGL.framework/Headers/gl.h:2625:13: note: 'glPushMatrix' has been explicitly marked deprecated here
 2625 | extern void glPushMatrix (void) OPENGL_DEPRECATED(10.0, 10.14);
      |             ^
main.cpp:2784:5: warning: 'glTranslatef' is deprecated: first deprecated in macOS 10.14 - OpenGL API deprecated. (Define GL_SILENCE_DEPRECATION to silence these warnings) [-Wdeprecated-declarations]
 2784 |     glTranslatef(v.width * 0.4f, -v.height * 0.4f, v.depth * 0.3f);
      |     ^
/Library/Developer/CommandLineTools/SDKs/MacOSX.sdk/System/Library/Frameworks/OpenGL.framework/Headers/gl.h:2729:13: note: 'glTranslatef' has been explicitly marked deprecated here
 2729 | extern void glTranslatef (GLfloat x, GLfloat y, GLfloat z) OPENGL_DEPRECATED(10.0, 10.14);
      |             ^
main.cpp:2785:5: warning: 'glutSolidSphere' is deprecated: first deprecated in macOS 10.9 - OpenGL API deprecated. (Define GL_SILENCE_DEPRECATION to silence these warnings) [-Wdeprecated-declarations]
 2785 |     glutSolidSphere(wheelSize, 10, 10);
      |     ^
/Library/Developer/CommandLineTools/SDKs/MacOSX.sdk/System/Library/Frameworks/GLUT.framework/Headers/glut.h:571:22: note: 'glutSolidSphere' has been explicitly marked deprecated here
  571 | extern void APIENTRY glutSolidSphere(GLdouble radius, GLint slices, GLint stacks) OPENGL_DEPRECATED(10_0, 10_9);
      |                      ^
main.cpp:2786:5: warning: 'glPopMatrix' is deprecated: first deprecated in macOS 10.14 - OpenGL API deprecated. (Define GL_SILENCE_DEPRECATION to silence these warnings) [-Wdeprecated-declarations]
 2786 |     glPopMatrix();
      |     ^
/Library/Developer/CommandLineTools/SDKs/MacOSX.sdk/System/Library/Frameworks/OpenGL.framework/Headers/gl.h:2620:13: note: 'glPopMatrix' has been explicitly marked deprecated here
 2620 | extern void glPopMatrix (void) OPENGL_DEPRECATED(10.0, 10.14);
      |             ^
main.cpp:2789:5: warning: 'glPushMatrix' is deprecated: first deprecated in macOS 10.14 - OpenGL API deprecated. (Define GL_SILENCE_DEPRECATION to silence these warnings) [-Wdeprecated-declarations]
 2789 |     glPushMatrix();
      |     ^
/Library/Developer/CommandLineTools/SDKs/MacOSX.sdk/System/Library/Frameworks/OpenGL.framework/Headers/gl.h:2625:13: note: 'glPushMatrix' has been explicitly marked deprecated here
 2625 | extern void glPushMatrix (void) OPENGL_DEPRECATED(10.0, 10.14);
      |             ^
main.cpp:2790:5: warning: 'glTranslatef' is deprecated: first deprecated in macOS 10.14 - OpenGL API deprecated. (Define GL_SILENCE_DEPRECATION to silence these warnings) [-Wdeprecated-declarations]
 2790 |     glTranslatef(-v.width * 0.4f, -v.height * 0.4f, v.depth * 0.3f);
      |     ^
/Library/Developer/CommandLineTools/SDKs/MacOSX.sdk/System/Library/Frameworks/OpenGL.framework/Headers/gl.h:2729:13: note: 'glTranslatef' has been explicitly marked deprecated here
 2729 | extern void glTranslatef (GLfloat x, GLfloat y, GLfloat z) OPENGL_DEPRECATED(10.0, 10.14);
      |             ^
main.cpp:2791:5: warning: 'glutSolidSphere' is deprecated: first deprecated in macOS 10.9 - OpenGL API deprecated. (Define GL_SILENCE_DEPRECATION to silence these warnings) [-Wdeprecated-declarations]
 2791 |     glutSolidSphere(wheelSize, 10, 10);
      |     ^
/Library/Developer/CommandLineTools/SDKs/MacOSX.sdk/System/Library/Frameworks/GLUT.framework/Headers/glut.h:571:22: note: 'glutSolidSphere' has been explicitly marked deprecated here
  571 | extern void APIENTRY glutSolidSphere(GLdouble radius, GLint slices, GLint stacks) OPENGL_DEPRECATED(10_0, 10_9);
      |                      ^
main.cpp:2792:5: warning: 'glPopMatrix' is deprecated: first deprecated in macOS 10.14 - OpenGL API deprecated. (Define GL_SILENCE_DEPRECATION to silence these warnings) [-Wdeprecated-declarations]
 2792 |     glPopMatrix();
      |     ^
/Library/Developer/CommandLineTools/SDKs/MacOSX.sdk/System/Library/Frameworks/OpenGL.framework/Headers/gl.h:2620:13: note: 'glPopMatrix' has been explicitly marked deprecated here
 2620 | extern void glPopMatrix (void) OPENGL_DEPRECATED(10.0, 10.14);
      |             ^
main.cpp:2795:5: warning: 'glPushMatrix' is deprecated: first deprecated in macOS 10.14 - OpenGL API deprecated. (Define GL_SILENCE_DEPRECATION to silence these warnings) [-Wdeprecated-declarations]
 2795 |     glPushMatrix();
      |     ^
/Library/Developer/CommandLineTools/SDKs/MacOSX.sdk/System/Library/Frameworks/OpenGL.framework/Headers/gl.h:2625:13: note: 'glPushMatrix' has been explicitly marked deprecated here
 2625 | extern void glPushMatrix (void) OPENGL_DEPRECATED(10.0, 10.14);
      |             ^
main.cpp:2796:5: warning: 'glTranslatef' is deprecated: first deprecated in macOS 10.14 - OpenGL API deprecated. (Define GL_SILENCE_DEPRECATION to silence these warnings) [-Wdeprecated-declarations]
 2796 |     glTranslatef(v.width * 0.4f, -v.height * 0.4f, -v.depth * 0.3f);
      |     ^
/Library/Developer/CommandLineTools/SDKs/MacOSX.sdk/System/Library/Frameworks/OpenGL.framework/Headers/gl.h:2729:13: note: 'glTranslatef' has been explicitly marked deprecated here
 2729 | extern void glTranslatef (GLfloat x, GLfloat y, GLfloat z) OPENGL_DEPRECATED(10.0, 10.14);
      |             ^
main.cpp:2797:5: warning: 'glutSolidSphere' is deprecated: first deprecated in macOS 10.9 - OpenGL API deprecated. (Define GL_SILENCE_DEPRECATION to silence these warnings) [-Wdeprecated-declarations]
 2797 |     glutSolidSphere(wheelSize, 10, 10);
      |     ^
/Library/Developer/CommandLineTools/SDKs/MacOSX.sdk/System/Library/Frameworks/GLUT.framework/Headers/glut.h:571:22: note: 'glutSolidSphere' has been explicitly marked deprecated here
  571 | extern void APIENTRY glutSolidSphere(GLdouble radius, GLint slices, GLint stacks) OPENGL_DEPRECATED(10_0, 10_9);
      |                      ^
main.cpp:2798:5: warning: 'glPopMatrix' is deprecated: first deprecated in macOS 10.14 - OpenGL API deprecated. (Define GL_SILENCE_DEPRECATION to silence these warnings) [-Wdeprecated-declarations]
 2798 |     glPopMatrix();
      |     ^
/Library/Developer/CommandLineTools/SDKs/MacOSX.sdk/System/Library/Frameworks/OpenGL.framework/Headers/gl.h:2620:13: note: 'glPopMatrix' has been explicitly marked deprecated here
 2620 | extern void glPopMatrix (void) OPENGL_DEPRECATED(10.0, 10.14);
      |             ^
main.cpp:2801:5: warning: 'glPushMatrix' is deprecated: first deprecated in macOS 10.14 - OpenGL API deprecated. (Define GL_SILENCE_DEPRECATION to silence these warnings) [-Wdeprecated-declarations]
 2801 |     glPushMatrix();
      |     ^
/Library/Developer/CommandLineTools/SDKs/MacOSX.sdk/System/Library/Frameworks/OpenGL.framework/Headers/gl.h:2625:13: note: 'glPushMatrix' has been explicitly marked deprecated here
 2625 | extern void glPushMatrix (void) OPENGL_DEPRECATED(10.0, 10.14);
      |             ^
main.cpp:2802:5: warning: 'glTranslatef' is deprecated: first deprecated in macOS 10.14 - OpenGL API deprecated. (Define GL_SILENCE_DEPRECATION to silence these warnings) [-Wdeprecated-declarations]
 2802 |     glTranslatef(-v.width * 0.4f, -v.height * 0.4f, -v.depth * 0.3f);
      |     ^
/Library/Developer/CommandLineTools/SDKs/MacOSX.sdk/System/Library/Frameworks/OpenGL.framework/Headers/gl.h:2729:13: note: 'glTranslatef' has been explicitly marked deprecated here
 2729 | extern void glTranslatef (GLfloat x, GLfloat y, GLfloat z) OPENGL_DEPRECATED(10.0, 10.14);
      |             ^
main.cpp:2803:5: warning: 'glutSolidSphere' is deprecated: first deprecated in macOS 10.9 - OpenGL API deprecated. (Define GL_SILENCE_DEPRECATION to silence these warnings) [-Wdeprecated-declarations]
 2803 |     glutSolidSphere(wheelSize, 10, 10);
      |     ^
/Library/Developer/CommandLineTools/SDKs/MacOSX.sdk/System/Library/Frameworks/GLUT.framework/Headers/glut.h:571:22: note: 'glutSolidSphere' has been explicitly marked deprecated here
  571 | extern void APIENTRY glutSolidSphere(GLdouble radius, GLint slices, GLint stacks) OPENGL_DEPRECATED(10_0, 10_9);
      |                      ^
main.cpp:2804:5: warning: 'glPopMatrix' is deprecated: first deprecated in macOS 10.14 - OpenGL API deprecated. (Define GL_SILENCE_DEPRECATION to silence these warnings) [-Wdeprecated-declarations]
 2804 |     glPopMatrix();
      |     ^
/Library/Developer/CommandLineTools/SDKs/MacOSX.sdk/System/Library/Frameworks/OpenGL.framework/Headers/gl.h:2620:13: note: 'glPopMatrix' has been explicitly marked deprecated here
 2620 | extern void glPopMatrix (void) OPENGL_DEPRECATED(10.0, 10.14);
      |             ^
main.cpp:2806:5: warning: 'glPopMatrix' is deprecated: first deprecated in macOS 10.14 - OpenGL API deprecated. (Define GL_SILENCE_DEPRECATION to silence these warnings) [-Wdeprecated-declarations]
 2806 |     glPopMatrix();
      |     ^
/Library/Developer/CommandLineTools/SDKs/MacOSX.sdk/System/Library/Frameworks/OpenGL.framework/Headers/gl.h:2620:13: note: 'glPopMatrix' has been explicitly marked deprecated here
 2620 | extern void glPopMatrix (void) OPENGL_DEPRECATED(10.0, 10.14);
      |             ^
main.cpp:3229:5: warning: 'glClear' is deprecated: first deprecated in macOS 10.14 - OpenGL API deprecated. (Define GL_SILENCE_DEPRECATION to silence these warnings) [-Wdeprecated-declarations]
 3229 |     glClear(GL_COLOR_BUFFER_BIT | GL_DEPTH_BUFFER_BIT);
      |     ^
/Library/Developer/CommandLineTools/SDKs/MacOSX.sdk/System/Library/Frameworks/OpenGL.framework/Headers/gl.h:2394:13: note: 'glClear' has been explicitly marked deprecated here
 2394 | extern void glClear (GLbitfield mask) OPENGL_DEPRECATED(10.0, 10.14);
      |             ^
main.cpp:3231:5: warning: 'glLoadIdentity' is deprecated: first deprecated in macOS 10.14 - OpenGL API deprecated. (Define GL_SILENCE_DEPRECATION to silence these warnings) [-Wdeprecated-declarations]
 3231 |     glLoadIdentity();
      |     ^
/Library/Developer/CommandLineTools/SDKs/MacOSX.sdk/System/Library/Frameworks/OpenGL.framework/Headers/gl.h:2571:13: note: 'glLoadIdentity' has been explicitly marked deprecated here
 2571 | extern void glLoadIdentity (void) OPENGL_DEPRECATED(10.0, 10.14);
      |             ^
main.cpp:3238:5: warning: 'gluLookAt' is deprecated: first deprecated in macOS 10.9 - "Use GLKMatrix4MakeLookAt" [-Wdeprecated-declarations]
 3238 |     gluLookAt(cameraX, cameraY, cameraZ,  // Camera position
      |     ^
/Library/Developer/CommandLineTools/SDKs/MacOSX.sdk/System/Library/Frameworks/OpenGL.framework/Headers/glu.h:265:13: note: 'gluLookAt' has been explicitly marked deprecated here
  265 | extern void gluLookAt (GLdouble eyeX, GLdouble eyeY, GLdouble eyeZ, GLdouble centerX, GLdouble centerY, GLdouble centerZ, GLdouble upX, GLdouble upY, GLdouble upZ) OPENGL_DEPRECATED_MSG(10_0, 10_9, "Use GLKMatrix4MakeLookAt");
      |             ^
main.cpp:3289:5: warning: 'glutSwapBuffers' is deprecated: first deprecated in macOS 10.9 - OpenGL API deprecated. (Define GL_SILENCE_DEPRECATION to silence these warnings) [-Wdeprecated-declarations]
 3289 |     glutSwapBuffers();
      |     ^
/Library/Developer/CommandLineTools/SDKs/MacOSX.sdk/System/Library/Frameworks/GLUT.framework/Headers/glut.h:448:22: note: 'glutSwapBuffers' has been explicitly marked deprecated here
  448 | extern void APIENTRY glutSwapBuffers(void) OPENGL_DEPRECATED(10_0, 10_9);
      |                      ^
main.cpp:3293:5: warning: 'glViewport' is deprecated: first deprecated in macOS 10.14 - OpenGL API deprecated. (Define GL_SILENCE_DEPRECATION to silence these warnings) [-Wdeprecated-declarations]
 3293 |     glViewport(0, 0, w, h);
      |     ^
/Library/Developer/CommandLineTools/SDKs/MacOSX.sdk/System/Library/Frameworks/OpenGL.framework/Headers/gl.h:2755:13: note: 'glViewport' has been explicitly marked deprecated here
 2755 | extern void glViewport (GLint x, GLint y, GLsizei width, GLsizei height) OPENGL_DEPRECATED(10.0, 10.14);
      |             ^
main.cpp:3294:5: warning: 'glMatrixMode' is deprecated: first deprecated in macOS 10.14 - OpenGL API deprecated. (Define GL_SILENCE_DEPRECATION to silence these warnings) [-Wdeprecated-declarations]
 3294 |     glMatrixMode(GL_PROJECTION);
      |     ^
/Library/Developer/CommandLineTools/SDKs/MacOSX.sdk/System/Library/Frameworks/OpenGL.framework/Headers/gl.h:2588:13: note: 'glMatrixMode' has been explicitly marked deprecated here
 2588 | extern void glMatrixMode (GLenum mode) OPENGL_DEPRECATED(10.0, 10.14);
      |             ^
main.cpp:3295:5: warning: 'glLoadIdentity' is deprecated: first deprecated in macOS 10.14 - OpenGL API deprecated. (Define GL_SILENCE_DEPRECATION to silence these warnings) [-Wdeprecated-declarations]
 3295 |     glLoadIdentity();
      |     ^
/Library/Developer/CommandLineTools/SDKs/MacOSX.sdk/System/Library/Frameworks/OpenGL.framework/Headers/gl.h:2571:13: note: 'glLoadIdentity' has been explicitly marked deprecated here
 2571 | extern void glLoadIdentity (void) OPENGL_DEPRECATED(10.0, 10.14);
      |             ^
main.cpp:3296:5: warning: 'gluPerspective' is deprecated: first deprecated in macOS 10.9 - "Use GLKMatrix4MakePerspective" [-Wdeprecated-declarations]
 3296 |     gluPerspective(45.0, (double)w / (double)h, 1.0, 500.0);
      |     ^
/Library/Developer/CommandLineTools/SDKs/MacOSX.sdk/System/Library/Frameworks/OpenGL.framework/Headers/glu.h:278:13: note: 'gluPerspective' has been explicitly marked deprecated here
  278 | extern void gluPerspective (GLdouble fovy, GLdouble aspect, GLdouble zNear, GLdouble zFar) OPENGL_DEPRECATED_MSG(10_0, 10_9, "Use GLKMatrix4MakePerspective");
      |             ^
main.cpp:3297:5: warning: 'glMatrixMode' is deprecated: first deprecated in macOS 10.14 - OpenGL API deprecated. (Define GL_SILENCE_DEPRECATION to silence these warnings) [-Wdeprecated-declarations]
 3297 |     glMatrixMode(GL_MODELVIEW);
      |     ^
/Library/Developer/CommandLineTools/SDKs/MacOSX.sdk/System/Library/Frameworks/OpenGL.framework/Headers/gl.h:2588:13: note: 'glMatrixMode' has been explicitly marked deprecated here
 2588 | extern void glMatrixMode (GLenum mode) OPENGL_DEPRECATED(10.0, 10.14);
      |             ^
main.cpp:3314:5: warning: 'glutPostRedisplay' is deprecated: first deprecated in macOS 10.9 - OpenGL API deprecated. (Define GL_SILENCE_DEPRECATION to silence these warnings) [-Wdeprecated-declarations]
 3314 |     glutPostRedisplay();
      |     ^
/Library/Developer/CommandLineTools/SDKs/MacOSX.sdk/System/Library/Frameworks/GLUT.framework/Headers/glut.h:444:22: note: 'glutPostRedisplay' has been explicitly marked deprecated here
  444 | extern void APIENTRY glutPostRedisplay(void) OPENGL_DEPRECATED(10_0, 10_9);
      |                      ^
main.cpp:3315:5: warning: 'glutTimerFunc' is deprecated: first deprecated in macOS 10.9 - OpenGL API deprecated. (Define GL_SILENCE_DEPRECATION to silence these warnings) [-Wdeprecated-declarations]
 3315 |     glutTimerFunc(16, timer, 0); // ~60 FPS
      |     ^
/Library/Developer/CommandLineTools/SDKs/MacOSX.sdk/System/Library/Frameworks/GLUT.framework/Headers/glut.h:514:22: note: 'glutTimerFunc' has been explicitly marked deprecated here
  514 | extern void APIENTRY glutTimerFunc(unsigned int millis, void (*func)(int value), int value) OPENGL_DEPRECATED(10_0, 10_9);
      |                      ^
main.cpp:3300:16: warning: unused parameter 'value' [-Wunused-parameter]
 3300 | void timer(int value) {
      |                ^
main.cpp:3389:5: warning: 'glutPostRedisplay' is deprecated: first deprecated in macOS 10.9 - OpenGL API deprecated. (Define GL_SILENCE_DEPRECATION to silence these warnings) [-Wdeprecated-declarations]
 3389 |     glutPostRedisplay();
      |     ^
/Library/Developer/CommandLineTools/SDKs/MacOSX.sdk/System/Library/Frameworks/GLUT.framework/Headers/glut.h:444:22: note: 'glutPostRedisplay' has been explicitly marked deprecated here
  444 | extern void APIENTRY glutPostRedisplay(void) OPENGL_DEPRECATED(10_0, 10_9);
      |                      ^
main.cpp:3413:5: warning: 'glutPostRedisplay' is deprecated: first deprecated in macOS 10.9 - OpenGL API deprecated. (Define GL_SILENCE_DEPRECATION to silence these warnings) [-Wdeprecated-declarations]
 3413 |     glutPostRedisplay();
      |     ^
/Library/Developer/CommandLineTools/SDKs/MacOSX.sdk/System/Library/Frameworks/GLUT.framework/Headers/glut.h:444:22: note: 'glutPostRedisplay' has been explicitly marked deprecated here
  444 | extern void APIENTRY glutPostRedisplay(void) OPENGL_DEPRECATED(10_0, 10_9);
      |                      ^
main.cpp:3417:5: warning: 'glutInit' is deprecated: first deprecated in macOS 10.9 - OpenGL API deprecated. (Define GL_SILENCE_DEPRECATION to silence these warnings) [-Wdeprecated-declarations]
 3417 |     glutInit(&argc, argv);
      |     ^
/Library/Developer/CommandLineTools/SDKs/MacOSX.sdk/System/Library/Frameworks/GLUT.framework/Headers/glut.h:431:22: note: 'glutInit' has been explicitly marked deprecated here
  431 | extern void APIENTRY glutInit(int *argcp, char **argv) OPENGL_DEPRECATED(10_0, 10_9);
      |                      ^
main.cpp:3418:5: warning: 'glutInitDisplayMode' is deprecated: first deprecated in macOS 10.9 - OpenGL API deprecated. (Define GL_SILENCE_DEPRECATION to silence these warnings) [-Wdeprecated-declarations]
 3418 |     glutInitDisplayMode(GLUT_DOUBLE | GLUT_RGB | GLUT_DEPTH);
      |     ^
/Library/Developer/CommandLineTools/SDKs/MacOSX.sdk/System/Library/Frameworks/GLUT.framework/Headers/glut.h:432:22: note: 'glutInitDisplayMode' has been explicitly marked deprecated here
  432 | extern void APIENTRY glutInitDisplayMode(unsigned int mode) OPENGL_DEPRECATED(10_0, 10_9);
      |                      ^
main.cpp:3419:5: warning: 'glutInitWindowSize' is deprecated: first deprecated in macOS 10.9 - OpenGL API deprecated. (Define GL_SILENCE_DEPRECATION to silence these warnings) [-Wdeprecated-declarations]
 3419 |     glutInitWindowSize(WINDOW_WIDTH, WINDOW_HEIGHT);
      |     ^
/Library/Developer/CommandLineTools/SDKs/MacOSX.sdk/System/Library/Frameworks/GLUT.framework/Headers/glut.h:437:22: note: 'glutInitWindowSize' has been explicitly marked deprecated here
  437 | extern void APIENTRY glutInitWindowSize(int width, int height) OPENGL_DEPRECATED(10_0, 10_9);
      |                      ^
main.cpp:3420:5: warning: 'glutInitWindowPosition' is deprecated: first deprecated in macOS 10.9 - OpenGL API deprecated. (Define GL_SILENCE_DEPRECATION to silence these warnings) [-Wdeprecated-declarations]
 3420 |     glutInitWindowPosition(100, 100);
      |     ^
/Library/Developer/CommandLineTools/SDKs/MacOSX.sdk/System/Library/Frameworks/GLUT.framework/Headers/glut.h:436:22: note: 'glutInitWindowPosition' has been explicitly marked deprecated here
  436 | extern void APIENTRY glutInitWindowPosition(int x, int y) OPENGL_DEPRECATED(10_0, 10_9);
      |                      ^
main.cpp:3421:5: warning: 'glutCreateWindow' is deprecated: first deprecated in macOS 10.9 - OpenGL API deprecated. (Define GL_SILENCE_DEPRECATION to silence these warnings) [-Wdeprecated-declarations]
 3421 |     glutCreateWindow("3D Traffic Simulator - OpenGL");
      |     ^
/Library/Developer/CommandLineTools/SDKs/MacOSX.sdk/System/Library/Frameworks/GLUT.framework/Headers/glut.h:441:21: note: 'glutCreateWindow' has been explicitly marked deprecated here
  441 | extern int APIENTRY glutCreateWindow(const char *title) OPENGL_DEPRECATED(10_0, 10_9);
      |                     ^
main.cpp:3425:5: warning: 'glutDisplayFunc' is deprecated: first deprecated in macOS 10.9 - OpenGL API deprecated. (Define GL_SILENCE_DEPRECATION to silence these warnings) [-Wdeprecated-declarations]
 3425 |     glutDisplayFunc(display);
      |     ^
/Library/Developer/CommandLineTools/SDKs/MacOSX.sdk/System/Library/Frameworks/GLUT.framework/Headers/glut.h:505:22: note: 'glutDisplayFunc' has been explicitly marked deprecated here
  505 | extern void APIENTRY glutDisplayFunc(void (*func)(void)) OPENGL_DEPRECATED(10_0, 10_9);
      |                      ^
main.cpp:3426:5: warning: 'glutReshapeFunc' is deprecated: first deprecated in macOS 10.9 - OpenGL API deprecated. (Define GL_SILENCE_DEPRECATION to silence these warnings) [-Wdeprecated-declarations]
 3426 |     glutReshapeFunc(reshape);
      |     ^
/Library/Developer/CommandLineTools/SDKs/MacOSX.sdk/System/Library/Frameworks/GLUT.framework/Headers/glut.h:506:22: note: 'glutReshapeFunc' has been explicitly marked deprecated here
  506 | extern void APIENTRY glutReshapeFunc(void (*func)(int width, int height)) OPENGL_DEPRECATED(10_0, 10_9);
      |                      ^
main.cpp:3427:5: warning: 'glutKeyboardFunc' is deprecated: first deprecated in macOS 10.9 - OpenGL API deprecated. (Define GL_SILENCE_DEPRECATION to silence these warnings) [-Wdeprecated-declarations]
 3427 |     glutKeyboardFunc(keyboard);
      |     ^
/Library/Developer/CommandLineTools/SDKs/MacOSX.sdk/System/Library/Frameworks/GLUT.framework/Headers/glut.h:507:22: note: 'glutKeyboardFunc' has been explicitly marked deprecated here
  507 | extern void APIENTRY glutKeyboardFunc(void (*func)(unsigned char key, int x, int y)) OPENGL_DEPRECATED(10_0, 10_9);
      |                      ^
main.cpp:3428:5: warning: 'glutSpecialFunc' is deprecated: first deprecated in macOS 10.9 - OpenGL API deprecated. (Define GL_SILENCE_DEPRECATION to silence these warnings) [-Wdeprecated-declarations]
 3428 |     glutSpecialFunc(specialKeys);
      |     ^
/Library/Developer/CommandLineTools/SDKs/MacOSX.sdk/System/Library/Frameworks/GLUT.framework/Headers/glut.h:517:22: note: 'glutSpecialFunc' has been explicitly marked deprecated here
  517 | extern void APIENTRY glutSpecialFunc(void (*func)(int key, int x, int y)) OPENGL_DEPRECATED(10_0, 10_9);
      |                      ^
main.cpp:3429:5: warning: 'glutTimerFunc' is deprecated: first deprecated in macOS 10.9 - OpenGL API deprecated. (Define GL_SILENCE_DEPRECATION to silence these warnings) [-Wdeprecated-declarations]
 3429 |     glutTimerFunc(0, timer, 0);
      |     ^
/Library/Developer/CommandLineTools/SDKs/MacOSX.sdk/System/Library/Frameworks/GLUT.framework/Headers/glut.h:514:22: note: 'glutTimerFunc' has been explicitly marked deprecated here
  514 | extern void APIENTRY glutTimerFunc(unsigned int millis, void (*func)(int value), int value) OPENGL_DEPRECATED(10_0, 10_9);
      |                      ^
main.cpp:3444:5: warning: 'glutMainLoop' is deprecated: first deprecated in macOS 10.9 - OpenGL API deprecated. (Define GL_SILENCE_DEPRECATION to silence these warnings) [-Wdeprecated-declarations]
 3444 |     glutMainLoop();
      |     ^
/Library/Developer/CommandLineTools/SDKs/MacOSX.sdk/System/Library/Frameworks/GLUT.framework/Headers/glut.h:438:22: note: 'glutMainLoop' has been explicitly marked deprecated here
  438 | extern void APIENTRY glutMainLoop(void) OPENGL_DEPRECATED(10_0, 10_9);
      |                      ^
1237 warnings and 15 errors generated.
make: *** [main.o] Error 1
